entity_id,business_unit,expense_category,period,historical_average,seasonal_average,rolling_average,expected_cost,recognized_cost,estimated_accrual,ci_lower,ci_upper,n_periods_in_estimate
ENT_EU,,Interest Expense,2023-03,9782.7,,9782.7,9782.7,9782.7,0.0,9782.7,9782.7,2
ENT_EU,,Interest Expense,2023-04,9782.7,,9782.7,9782.7,9782.7,0.0,9782.7,9782.7,3
ENT_EU,,Interest Expense,2023-05,9782.7,,9782.7,9782.7,9782.7,0.0,9782.7,9782.7,3
ENT_EU,,Interest Expense,2023-06,9782.7,,9782.7,9782.7,9782.7,0.0,9782.7,9782.7,3
ENT_EU,,Interest Expense,2023-07,9782.699999999999,,9782.7,9782.7,9782.7,0.0,9782.7,9782.7,3
ENT_EU,,Interest Expense,2023-08,9782.699999999999,,9782.7,9782.7,9782.7,0.0,9782.7,9782.7,3
ENT_EU,,Interest Expense,2023-09,9782.7,,9782.7,9782.7,9782.7,0.0,9782.7,9782.7,3
ENT_EU,,Interest Expense,2023-10,9782.7,,9782.7,9782.7,9782.7,0.0,9782.7,9782.7,3
ENT_EU,,Interest Expense,2023-11,9782.7,,9782.7,9782.7,9782.7,0.0,9782.7,9782.7,3
ENT_EU,,Interest Expense,2023-12,9782.699999999999,,9782.7,9782.7,9782.7,0.0,9782.7,9782.7,3
ENT_EU,,Interest Expense,2024-01,9782.699999999999,9782.7,9782.7,9782.7,9782.7,0.0,9782.7,9782.7,3
ENT_EU,,Interest Expense,2024-02,9782.699999999999,9782.7,9782.7,9782.7,9782.7,0.0,9782.7,9782.7,3
ENT_EU,,Interest Expense,2024-03,9782.699999999999,9782.7,9782.7,9782.7,9782.7,0.0,9782.7,9782.7,3
ENT_EU,,Interest Expense,2024-04,9782.7,9782.7,9782.7,9782.7,9782.7,0.0,9782.7,9782.7,3
ENT_EU,,Interest Expense,2024-05,9782.7,9782.7,9782.7,9782.7,9782.7,0.0,9782.7,9782.7,3
ENT_EU,,Interest Expense,2024-06,9782.7,9782.7,9782.7,9782.7,9782.7,0.0,9782.7,9782.7,3
ENT_EU,,Interest Expense,2024-07,9782.700000000003,9782.7,9782.7,9782.7,9782.7,0.0,9782.7,9782.7,3
ENT_EU,,Interest Expense,2024-08,9782.700000000003,9782.7,9782.7,9782.7,9782.7,0.0,9782.7,9782.7,3
ENT_EU,,Interest Expense,2024-09,9782.700000000003,9782.7,9782.7,9782.7,9782.7,0.0,9782.7,9782.7,3
ENT_EU,,Interest Expense,2024-10,9782.700000000003,9782.7,9782.7,9782.7,9782.7,0.0,9782.7,9782.7,3
ENT_EU,,Interest Expense,2024-11,9782.700000000004,9782.7,9782.7,9782.7,9782.7,0.0,9782.7,9782.7,3
ENT_EU,,Interest Expense,2024-12,9782.700000000004,9782.7,9782.7,9782.7,9782.7,0.0,9782.7,9782.7,3
ENT_EU,,Interest Expense,2025-01,9782.7,9782.7,9782.7,9782.7,9782.7,0.0,9782.7,9782.7,3
ENT_EU,,Interest Expense,2025-02,9782.7,9782.7,9782.7,9782.7,9782.7,0.0,9782.7,9782.7,3
ENT_EU,,Interest Expense,2025-04,9782.7,9782.7,9782.7,9782.7,9782.7,0.0,9782.7,9782.7,3
ENT_EU,,Interest Expense,2025-05,9782.7,9782.7,9782.7,9782.7,9782.7,0.0,9782.7,9782.7,3
ENT_EU,,Interest Expense,2025-08,9782.7,9782.7,9782.7,9782.7,9782.7,0.0,9782.7,9782.7,3
ENT_EU,,Interest Expense,2025-09,9782.7,9782.7,9782.7,9782.7,9782.7,0.0,9782.7,9782.7,3
ENT_EU,,Interest Expense,2025-10,9782.700000000003,9782.7,9782.7,9782.7,9782.7,0.0,9782.7,9782.7,3
ENT_EU,,Interest Expense,2025-11,9782.700000000003,9782.7,9782.7,9782.7,9782.7,0.0,9782.7,9782.7,3
ENT_EU,,Interest Expense,2025-12,9782.7,9782.7,9782.7,9782.7,9782.7,0.0,9782.7,9782.7,3
ENT_UK,,Interest Expense,2023-03,6745.0838702500005,,6745.0838702500005,6745.0838702500005,6788.4326268,-43.34875654999996,6727.456339868,6762.711400632001,2
ENT_UK,,Interest Expense,2023-04,6759.533455766667,,6759.533455766667,6759.533455766667,6787.333725699999,-27.800269933331947,6729.43916599411,6789.627745539225,3
ENT_UK,,Interest Expense,2023-06,6766.48352325,,6770.6188616,6770.6188616,6759.456339899999,11.16252170000098,6736.775093045776,6804.462630154224,3
ENT_UK,,Interest Expense,2023-07,6765.07808658,,6778.407564133333,6778.407564133333,6758.473112599999,19.93445153333414,6759.824959599082,6796.990168667584,3
ENT_UK,,Interest Expense,2023-08,6763.977257583333,,6768.421059399999,6768.421059399999,6741.4112270999985,27.0098323000002,6749.878299392804,6786.963819407193,3
ENT_UK,,Interest Expense,2023-09,6760.753538942857,,6753.113559866665,6753.113559866665,6643.030660199999,110.08289966666598,6741.631788630264,6764.595331103066,3
ENT_UK,,Interest Expense,2023-10,6746.0381791,,6714.3049999666655,6714.3049999666655,6518.3921407,195.9128592666657,6643.792195345211,6784.8178045881195,3
ENT_UK,,Interest Expense,2023-11,6720.744174833333,,6634.278009333332,6634.278009333332,6572.006947,62.27106233333234,6507.801881226752,6760.7541374399125,3
ENT_UK,,Interest Expense,2023-12,6705.8704520500005,,6577.809915966667,6577.809915966667,6544.3609088,33.44900716666689,6507.0601059607825,6648.559725972552,3
ENT_UK,,Interest Expense,2024-01,6691.1877663,6754.0775082,6544.919998833334,6544.919998833334,6464.083291599999,80.83670723333489,6514.579618778149,6575.260378888519,3
ENT_UK,,Interest Expense,2024-02,6672.262393408332,6736.0902323,6526.817049133333,6526.817049133333,6456.622331499999,70.19471763333422,6463.3792325351205,6590.254865731546,3
ENT_UK,,Interest Expense,2024-03,6655.67469633846,6788.4326268,6488.355510633332,6488.355510633332,6544.0138873999995,-55.65837676666706,6433.308116516771,6543.402904749893,3
ENT_UK,,Interest Expense,2024-04,6647.698924271427,6787.333725699999,6488.239836833333,6488.239836833333,6364.893008099999,123.3468287333344,6433.418492959299,6543.061180707367,3
ENT_UK,,Interest Expense,2024-05,6628.845196526666,,6455.176409,6455.176409,6250.607293699999,204.5691153000007,6353.819325310122,6556.533492689878,3
ENT_UK,,Interest Expense,2024-06,6605.205327599999,6759.456339899999,6386.504729733332,6386.504729733332,6181.376524399999,205.12820533333343,6219.148742823679,6553.860716642986,3
ENT_UK,,Interest Expense,2024-07,6580.27422152941,6758.473112599999,6265.625608733332,6265.625608733332,6289.762874999999,-24.13726626666721,6160.753475220443,6370.497742246222,3
ENT_UK,,Interest Expense,2024-08,6564.134702277776,6741.4112270999985,6240.582231033332,6240.582231033332,6311.1046911,-70.52246006666792,6178.474899158525,6302.68956290814,3
ENT_UK,,Interest Expense,2024-09,6550.81733326842,6643.030660199999,6260.7480301666665,6260.7480301666665,6369.1729387,-108.42490853333311,6182.032246798248,6339.463813535085,3
ENT_UK,,Interest Expense,2024-10,6541.735113539999,6518.3921407,6323.346834933333,6323.346834933333,6282.0705673,41.27626763333319,6276.842182971815,6369.851486894851,3
ENT_UK,,Interest Expense,2025-01,6529.3701351476175,6609.0803999,6320.782732366667,6320.782732366667,6235.3383521,85.4443802666674,6270.595579241819,6370.969885491515,3
ENT_UK,,Interest Expense,2025-02,6516.005054099998,6596.3562819,6295.5272860333325,6295.5272860333325,6276.4025511,19.124734933332547,6218.66348759771,6372.391084468955,3
ENT_UK,,Interest Expense,2025-03,6505.587553969564,6666.2232571,6264.6038235000005,6264.6038235000005,6262.2325106,2.371312900000703,6235.7449180338,6293.462728966201,3
ENT_UK,,Interest Expense,2025-04,6495.447760495833,6576.113366899999,6257.9911379333325,6257.9911379333325,6283.1694683999995,-25.17833046666692,6234.388010925537,6281.594264941128,3
ENT_UK,,Interest Expense,2025-06,6486.9566288119995,6470.416432149999,6273.934843366666,6273.934843366666,6353.846160199999,-79.91131683333242,6261.844315415451,6286.025371317882,3
ENT_UK,,Interest Expense,2025-07,6481.836995403845,6524.117993799999,6299.749379733333,6299.749379733333,6415.326784899999,-115.57740516666672,6245.427135603007,6354.071623863659,3
ENT_UK,,Interest Expense,2025-08,6479.3736542740735,6526.257959099999,6350.780804499999,6350.780804499999,6290.6304285,60.150375999999596,6275.945444768241,6425.6161642317575,3
ENT_UK,,Interest Expense,2025-09,6472.632824782143,6506.10179945,6353.2677912,6353.2677912,6120.994800799999,232.2729904000007,6282.711909063433,6423.823673336567,3
ENT_UK,,Interest Expense,2025-10,6460.50737567931,6400.231354,6275.650671399999,6275.650671399999,6194.5633376,81.08733379999921,6108.470889745879,6442.830453054119,3
ENT_UK,,Interest Expense,2025-11,6451.64257441,6572.006947,6202.062855633333,6202.062855633333,6282.8802839,-80.81742826666687,6105.801486595222,6298.324224671444,3
ENT_UK,,Interest Expense,2025-12,6446.198629554839,6544.3609088,6199.4794741000005,6199.4794741000005,6205.899369999999,-6.419895899998664,6107.757521065476,6291.201427134525,3
ENT_US,,Interest Expense,2023-03,11090.49214045,,11090.49214045,11090.49214045,10812.9326026,277.5595378500002,10973.503118804001,11207.481162095999,2
ENT_US,,Interest Expense,2023-04,10997.972294500001,,10997.972294500001,10997.972294500001,10948.4835315,49.4887630000012,10804.462760680855,11191.481828319147,3
ENT_US,,Interest Expense,2023-05,10985.600103750001,,10930.7399994,10930.7399994,11005.818074,-75.07807460000004,10806.247355814612,11055.23264298539,3
ENT_US,,Interest Expense,2023-06,10989.643697800002,,10922.411402700001,10922.411402700001,11399.1933877,-476.7819849999978,10810.32511526082,11034.497690139182,3
ENT_US,,Interest Expense,2023-07,11057.90197945,,11117.8316644,11117.8316644,11471.0124462,-353.18078179999975,10840.195451781952,11395.467877018049,3
ENT_US,,Interest Expense,2023-08,11116.917760414286,,11292.0079693,11292.0079693,11537.761924100001,-245.75395480000043,11008.613417111477,11575.402521488524,3
ENT_US,,Interest Expense,2023-09,11169.523280875,,11469.322586,11469.322586,11508.7928921,-39.470306100000016,11390.90256764055,11547.74260435945,3
ENT_US,,Interest Expense,2023-10,11207.219904344445,,11505.855754133334,11505.855754133334,11649.7755145,-143.9197603666653,11467.979152904454,11543.732355362214,3
ENT_US,,Interest Expense,2023-11,11251.47546536,,11565.443443566668,11565.443443566668,11759.012906,-193.56946243333186,11481.188328265314,11649.698558868022,3
ENT_US,,Interest Expense,2023-12,11297.615232690909,,11639.193770866666,11639.193770866666,11979.901775,-340.7080041333338,11497.239183490823,11781.14835824251,3
ENT_US,,Interest Expense,2024-01,11354.472444550001,11150.1804168,11796.230065166666,11796.230065166666,11886.1145339,-89.88446873333305,11605.915933432441,11986.544196900892,3
ENT_US,,Interest Expense,2024-02,11395.367989884615,11030.8038641,11875.009738300001,11875.009738300001,11808.501669,66.50806930000181,11749.557180248956,12000.462296351046,3
ENT_US,,Interest Expense,2024-03,11424.877538392857,10812.9326026,11891.505992633332,11891.505992633332,11723.6465461,167.85944653333172,11794.383427617415,11988.62855764925,3
ENT_US,,Interest Expense,2024-05,11444.795472239999,11005.818074,11806.087583,11806.087583,12129.3336984,-323.2461153999993,11714.132226792242,11898.042939207759,3
ENT_US,,Interest Expense,2024-06,11487.579111375,11399.1933877,11887.160637833333,11887.160637833333,12045.9270271,-158.76638926666783,11645.023436675036,12129.29783899163,3
ENT_US,,Interest Expense,2024-08,11520.423106417647,11537.761924100001,11966.302423866668,11966.302423866668,12025.528000400001,-59.22557653333388,11723.862295954526,12208.742551778809,3
ENT_US,,Interest Expense,2024-09,11548.484489416667,11508.7928921,12066.929575299999,12066.929575299999,11981.2295223,85.70005299999866,12004.693932119259,12129.165218480739,3
ENT_US,,Interest Expense,2024-10,11571.260543778948,11649.7755145,12017.5615166,12017.5615166,12152.2675154,-134.7059988000001,11980.132179996872,12054.99085320313,3
ENT_US,,Interest Expense,2024-11,11600.31089236,11759.012906,12053.008346033334,12053.008346033334,11741.8728954,311.1354506333337,11952.557145704543,12153.459546362124,3
ENT_US,,Interest Expense,2024-12,11607.051940123809,11979.901775,11958.456644366664,11958.456644366664,11596.182805299999,362.27383906666546,11725.184010156438,12191.729278576891,3
ENT_US,,Interest Expense,2025-01,11606.557888540909,11518.14747535,11830.107738699999,11830.107738699999,11460.1490592,369.95867949999956,11503.807290559742,12156.408186840255,3
ENT_US,,Interest Expense,2025-02,11600.192287265218,11419.65276655,11599.401586633334,11599.401586633334,11061.2213477,538.1802389333334,11439.97011207247,11758.833061194198,3
ENT_US,,Interest Expense,2025-03,11577.735164783333,11268.289574350001,11372.5177374,11372.5177374,10901.4088545,471.1088829,11057.887618514596,11687.147856285403,3
ENT_US,,Interest Expense,2025-04,11550.682112371998,10948.4835315,11140.926420466667,11140.926420466667,10751.735522500001,389.19089796666594,10815.282525258825,11466.57031567451,3
ENT_US,,Interest Expense,2025-05,11519.953397376921,11567.5758862,10904.7885749,10904.7885749,10719.2660658,185.5225090999993,10729.649163681492,11079.927986118508,3
ENT_US,,Interest Expense,2025-06,11490.29831102222,11722.5602074,10790.803480933333,10790.803480933333,10898.2705427,-107.46706176666703,10680.864380966814,10900.742580899852,3
ENT_US,,Interest Expense,2025-07,11469.15446215357,11471.0124462,10789.757377,10789.757377,10858.1967151,-68.4393381000009,10681.83926705309,10897.67548694691,3
ENT_US,,Interest Expense,2025-08,11448.086953634482,11781.64496225,10825.244441199999,10825.244441199999,10690.2970338,134.94740739999907,10718.939418604514,10931.549463795483,3
ENT_US,,Interest Expense,2025-09,11422.82728964,11745.011207200001,10815.588097200001,10815.588097200001,10681.123507,134.4645902000011,10690.726888100886,10940.449306299117,3
ENT_US,,Interest Expense,2025-10,11398.90136116774,11901.02151495,10743.205751966667,10743.205751966667,10849.2645969,-106.0588449333336,10630.395139534046,10856.016364399287,3
ENT_US,,Interest Expense,2025-11,11381.725212284375,11750.4429007,10740.228379233333,10740.228379233333,10690.417738099999,49.810641133333775,10633.246900360684,10847.209858105982,3
ENT_US,,Interest Expense,2025-12,11360.776500945454,11788.042290149999,10740.268614,10740.268614,10544.3655351,195.90307890000076,10633.323182314614,10847.214045685387,3
ENT_EU,Corporate,Logistics,2023-03,506.1258057,,506.1258057,506.1258057,285.85,220.27580569999998,459.91722652799996,552.334384872,2
ENT_EU,Corporate,Logistics,2023-04,432.7005371333333,,432.7005371333333,432.7005371333333,539.0118565,-106.31131936666674,286.33507897728884,579.0659952893777,3
ENT_EU,Corporate,Logistics,2023-05,459.278366975,,435.8039521666667,435.8039521666667,142.32,293.4839521666667,285.4167818689866,586.1911224643468,3
ENT_EU,Corporate,Logistics,2023-06,395.88669358,,322.3939521666667,322.3939521666667,335.94726979999996,-13.553317633333279,95.10520318269474,549.6827011506386,3
ENT_EU,Corporate,Logistics,2023-07,385.89678961666664,,339.0930421,339.0930421,379.92331039999993,-40.83026829999994,114.62232415544483,563.5637600445551,3
ENT_EU,Corporate,Logistics,2023-08,385.0434354428571,,286.0635267333333,286.0635267333333,646.1601221999999,-360.09659546666666,143.01429870851206,429.1127547581545,3
ENT_EU,Corporate,Logistics,2023-09,417.68302128749997,,454.0102341333333,454.0102341333333,444.8030837,9.207150433333311,264.06658913370717,643.9538791329594,3
ENT_EU,Corporate,Logistics,2023-10,420.69636155555554,,490.29550543333335,490.29550543333335,464.91999999999996,25.375505433333387,333.19900780538137,647.3920030612853,3
ENT_EU,Corporate,Logistics,2023-11,425.11872539999996,,518.6277353,518.6277353,505.669454,12.958281300000067,393.1287712185284,644.1266993814717,3
ENT_EU,Corporate,Logistics,2023-12,432.44151890909086,,471.7975125666667,471.7975125666667,441.5971716,30.20034096666666,436.7057775748551,506.88924755847825,3
ENT_EU,Corporate,Logistics,2024-01,433.20448996666664,529.7016114,470.72887519999995,470.72887519999995,544.5162424,-73.78736720000006,434.0323285814127,507.4254218185872,3
ENT_EU,Corporate,Logistics,2024-02,441.76693246153843,482.55,497.260956,497.260956,250.16,247.10095600000002,438.44886064075115,556.0730513592489,3
ENT_EU,Corporate,Logistics,2024-03,428.080723,285.85,412.091138,412.091138,599.7032796,-187.61214159999997,243.05187052780522,581.1304054721948,3
ENT_EU,Corporate,Logistics,2024-04,439.52222677333333,539.0118565,464.79317399999996,464.79317399999996,538.1449628,-73.35178880000007,252.147620670059,677.4387273299409,3
ENT_EU,Corporate,Logistics,2024-05,445.686147775,142.32,462.6694141333333,462.6694141333333,541.246133,-78.57671886666668,251.5177462585858,673.8210820080808,3
ENT_EU,Corporate,Logistics,2024-06,451.30732337647055,335.94726979999996,559.6981251333333,559.6981251333333,520.07,39.62812513333324,520.4538279945741,598.9424222720925,3
ENT_EU,Corporate,Logistics,2024-07,455.1274720777778,379.92331039999993,533.1536986000001,533.1536986000001,393.064375,140.0893236000001,520.2121716430712,546.095225556929,3
ENT_EU,Corporate,Logistics,2024-08,451.8609932842105,646.1601221999999,484.79350266666665,484.79350266666665,514.41,-29.616497333333314,394.1039983872789,575.4830069460544,3
ENT_EU,Corporate,Logistics,2024-09,454.98844362,444.8030837,475.848125,475.848125,534.4114879,-58.563362900000016,394.6568679791916,557.0393820208084,3
ENT_EU,Corporate,Logistics,2024-10,458.7704933476191,464.91999999999996,480.6286209666667,480.6286209666667,557.83,-77.20137903333335,394.0726467603262,567.1845951730071,3
ENT_EU,Corporate,Logistics,2024-11,463.2731981954546,505.669454,535.5504959666667,535.5504959666667,508.57,26.98049596666675,510.9579730056125,560.143018927721,3
ENT_EU,Corporate,Logistics,2024-12,465.24262436086957,441.5971716,533.6038293,533.6038293,212.64,320.96382930000004,505.72112404167626,561.4865345583238,3
ENT_EU,Corporate,Logistics,2025-01,454.7175150125,537.1089269,426.34666666666664,426.34666666666664,487.37,-61.02333333333337,215.06769281905966,637.6256405142736,3
ENT_EU,Corporate,Logistics,2025-02,456.02361441200003,366.355,402.85999999999996,402.85999999999996,561.5,-158.64000000000004,216.05888477663373,589.6611152233662,3
ENT_EU,Corporate,Logistics,2025-03,460.08039847307697,442.7766398,420.50333333333333,420.50333333333333,61.348048399999996,359.15528493333335,212.52406391995058,628.4826027467161,3
ENT_EU,Corporate,Logistics,2025-04,445.31253365555557,538.57840965,370.07268279999994,370.07268279999994,434.74355249999996,-64.67086970000003,64.62906581173922,675.5162997882607,3
ENT_EU,Corporate,Logistics,2025-05,444.93507004285715,341.7830665,352.53053363333333,352.53053363333333,479.0816648,-126.55113116666666,58.29710531202551,646.7639619546412,3
ENT_EU,Corporate,Logistics,2025-06,446.1125388275862,428.0086349,325.05775523333335,325.05775523333335,558.9012238,-233.84346856666667,65.407501693511,584.7080087731557,3
ENT_EU,Corporate,Logistics,2025-07,449.87216165999996,386.49384269999996,490.90881370000005,490.90881370000005,536.98,-46.071186299999965,419.7102305287326,562.1073968712675,3
ENT_EU,Corporate,Logistics,2025-08,452.68209192903225,580.2850610999999,524.9876295333333,524.9876295333333,544.91,-19.92237046666662,478.3213341356364,571.6539249310304,3
ENT_EU,Corporate,Logistics,2025-09,455.56421405624997,489.6072858,546.9304079333333,546.9304079333333,288.55,258.3804079333333,534.370261117335,559.4905547493316,3
ENT_EU,Corporate,Logistics,2025-10,450.5031772666666,511.375,456.8133333333333,456.8133333333333,524.74,-67.92666666666673,291.854235545252,621.7724311214146,3
ENT_EU,Corporate,Logistics,2025-11,452.6866132294117,507.119727,452.73333333333335,452.73333333333335,396.2930191,56.44031423333337,291.429451714515,614.0372149521518,3
ENT_EU,Corporate,Logistics,2025-12,451.07536768285706,327.1185858,403.1943397,403.1943397,403.77,-0.5756602999999814,269.38623308551485,537.0024463144852,3
ENT_EU,Marketing,Logistics,2023-03,3670.1878304,,3670.1878304,3670.1878304,3125.9373544,544.2504760000002,3657.7179779840003,3682.657682816,2
ENT_EU,Marketing,Logistics,2023-04,3488.771005066667,,3488.771005066667,3488.771005066667,3140.21,348.5610050666669,3133.121149951408,3844.420860181926,3
ENT_EU,Marketing,Logistics,2023-05,3401.6307538,,3309.991005066667,3309.991005066667,4403.64,-1093.6489949333331,2963.139021516701,3656.842988616633,3
ENT_EU,Marketing,Logistics,2023-06,3602.03260304,,3556.5957848,3556.5957848,1773.73,1782.8657847999998,2726.453174269898,4386.738395330101,3
ENT_EU,Marketing,Logistics,2023-07,3297.315502533333,,3105.86,3105.86,1493.6044572,1612.2555428,1617.4676114225076,4594.252388577493,3
ENT_EU,Marketing,Logistics,2023-08,3039.6424960571426,,2556.991485733334,2556.991485733334,3190.0,-633.0085142666662,740.3486162759853,4373.634355190682,3
ENT_EU,Marketing,Logistics,2023-09,3058.4371840500003,,2152.4448190666667,2152.4448190666667,2918.24,-765.7951809333331,1123.3619765965834,3181.52766153675,3
ENT_EU,Marketing,Logistics,2023-10,3042.859719155556,,2533.9481524,2533.9481524,4133.4,-1599.4518475999998,1502.8815704842805,3565.014734315719,3
ENT_EU,Marketing,Logistics,2023-11,3151.9137472400007,,3413.8799999999997,3413.8799999999997,3997.48188,-583.6018800000002,2692.180118358626,4135.5798816413735,3
ENT_EU,Marketing,Logistics,2023-12,3228.7835774909095,,3683.0406266666664,3683.0406266666664,3824.626464,-141.58583733333353,2929.6010304931865,4436.480222840146,3
ENT_EU,Marketing,Logistics,2024-01,3278.437151366667,3676.55,3985.169447999999,3985.169447999999,4087.6457839999994,-102.47633600000017,3810.0481876746367,4160.290708325362,3
ENT_EU,Marketing,Logistics,2024-02,3340.683969261539,3663.8256608,3969.9180426666667,3969.9180426666667,2820.0699999999997,1149.848042666667,3818.669127365924,4121.16695796741,3
ENT_EU,Marketing,Logistics,2024-03,3303.497257171429,3125.9373544,3577.4474159999995,3577.4474159999995,3937.3235080000004,-359.8760920000009,2820.445611229051,4334.449220770948,3
ENT_EU,Marketing,Logistics,2024-04,3345.7523405600004,3140.21,3615.013097333333,3615.013097333333,4645.780000000001,-1030.7669026666676,2831.3397563768685,4398.6864382897975,3
ENT_EU,Marketing,Logistics,2024-05,3427.004069275,4403.64,3801.057836,3801.057836,1690.197536,2110.8603000000003,2759.469194735986,4842.646477264014,3
ENT_EU,Marketing,Logistics,2024-06,3324.838979082353,1773.73,3424.4336813333334,3424.4336813333334,4425.9610992,-1001.5274178666664,1678.2511733393367,5170.61618932733,3
ENT_EU,Marketing,Logistics,2024-07,3386.0124302,1493.6044572,3587.3128784,3587.3128784,4682.98,-1095.6671215999995,1723.984316239125,5450.641440560875,3
ENT_EU,Marketing,Logistics,2024-08,3454.273881242105,3190.0,3599.7128783999997,3599.7128783999997,3938.4478108,-338.73493240000016,1722.7459140049652,5476.679842795034,3
ENT_EU,Marketing,Logistics,2024-09,3478.48257772,2918.24,4349.129636666667,4349.129636666667,3568.85,780.2796366666666,3921.1947815955386,4777.064491737795,3
ENT_EU,Marketing,Logistics,2024-10,3482.7857883047623,4133.4,4063.4259369333336,4063.4259369333336,3574.05,489.3759369333334,3421.2593592399867,4705.59251462668,3
ENT_EU,Marketing,Logistics,2024-11,3486.9341615636367,3997.48188,3693.7826036,3693.7826036,4223.6345532,-529.8519495999994,3453.992649889614,3933.5725573103864,3
ENT_EU,Marketing,Logistics,2024-12,3518.9646133739134,3824.626464,3788.8448510666663,3788.8448510666663,4587.7,-798.8551489333336,3362.740785236134,4214.948916897199,3
ENT_EU,Marketing,Logistics,2025-01,3563.4952544833336,3882.097892,4128.4615177333335,4128.4615177333335,2578.52,1549.9415177333335,3547.400561420016,4709.522474046651,3
ENT_EU,Marketing,Logistics,2025-02,3524.0962443040003,3241.9478304,3796.6181844,3796.6181844,4164.8766889,-368.2585045000001,2585.2397113439715,5007.996657456028,3
ENT_EU,Marketing,Logistics,2025-03,3548.7416460192308,3531.6304312,3777.032229633333,3777.032229633333,4777.76,-1000.7277703666673,2578.373742545378,4975.6907167212885,3
ENT_EU,Marketing,Logistics,2025-04,3594.2608443148147,3892.9950000000003,3840.385562966667,3840.385562966667,4078.7683832000002,-238.3828202333334,2556.057014133033,5124.7141118003,3
ENT_EU,Marketing,Logistics,2025-05,3611.564684989286,3046.918768,4340.468357366667,4340.468357366667,3562.36,778.108357366667,3909.161987603081,4771.774727130253,3
ENT_EU,Marketing,Logistics,2025-06,3609.8679717137934,3099.8455495999997,4139.629461066667,4139.629461066667,4486.9742328,-347.3447717333329,3449.370494868631,4829.888427264704,3
ENT_EU,Marketing,Logistics,2025-07,3639.1048470833334,3088.2922286,4042.700872,4042.700872,4487.00191,-444.30103800000006,3518.358414505059,4567.043329494941,3
ENT_EU,Marketing,Logistics,2025-08,3666.4563652419356,3564.2239054,4178.778714266667,4178.778714266667,3962.16,216.61871426666676,3574.6883740823578,4782.869054450975,3
ENT_EU,Marketing,Logistics,2025-09,3675.6971038281254,3243.545,4312.045380933333,4312.045380933333,4053.1019208,258.94346013333325,3969.15770726107,4654.933054605596,3
ENT_EU,Marketing,Logistics,2025-10,3687.1336134333333,3853.725,4167.421276933333,4167.421276933333,4194.7411680000005,-27.31989106666788,3850.0334955464923,4484.809058320173,3
ENT_EU,Marketing,Logistics,2025-11,3702.063247391177,4110.5582165999995,4070.0010296,4070.0010296,4149.6900000000005,-79.68897040000047,3937.367838599448,4202.634220600552,3
ENT_EU,Marketing,Logistics,2025-12,3714.8525831800002,4206.163232,4132.5110296,4132.5110296,3015.91,1116.6010296000004,4050.621825725523,4214.400233474477,3
ENT_EU,Operations,Logistics,2023-03,5338.19507135,,5338.19507135,5338.19507135,6516.109765599999,-1177.9146942499992,3978.6902111960007,6697.699931503999,2
ENT_EU,Operations,Logistics,2023-04,5730.833302766667,,5730.833302766667,5730.833302766667,6283.3428305,-552.509527733333,4631.595425841548,6830.071179691786,3
ENT_EU,Operations,Logistics,2023-05,5868.9606847,,5814.674246266666,5814.674246266666,7791.070000000001,-1976.3957537333345,4660.434023043948,6968.914469489384,3
ENT_EU,Operations,Logistics,2023-06,6253.382547759999,,6863.5075320333335,6863.5075320333335,7356.070000000001,-492.5624679666671,5945.0052934090945,7782.0097706575725,3
ENT_EU,Operations,Logistics,2023-07,6437.1637898,,7143.494276833334,7143.494276833334,7883.2740082,-739.779731366666,6265.348921890085,8021.639631776583,3
ENT_EU,Operations,Logistics,2023-08,6643.750963857143,,7676.8046694,7676.8046694,4054.1201702999997,3622.6844991000007,7358.184697984092,7995.424640815909,3
ENT_EU,Operations,Logistics,2023-09,6320.0471146625,,6431.154726166667,6431.154726166667,8005.524472200001,-1574.3697460333333,4082.6401261870315,8779.669326146304,3
ENT_EU,Operations,Logistics,2023-10,6507.3223766111105,,6647.639550233333,6647.639550233333,6822.855083,-175.21553276666782,4105.049522480257,9190.229577986407,3
ENT_EU,Operations,Logistics,2023-11,6538.87564725,,6294.166575166666,6294.166575166666,4640.67,1653.496575166666,3999.1991678914196,8589.133982441912,3
ENT_EU,Operations,Logistics,2023-12,6366.3114975,,6489.683185066667,6489.683185066667,7896.252299999999,-1406.5691149333325,4558.0424303477075,8421.323939785627,3
ENT_EU,Operations,Logistics,2024-01,6493.806564374999,6031.82,6453.259127666667,6453.259127666667,6970.008008,-516.7488803333326,4575.966903423476,8330.551351909859,3
ENT_EU,Operations,Logistics,2024-02,6530.437444653846,4644.5701427,6502.310102666666,6502.310102666666,7525.34,-1023.0298973333338,4604.123203200657,8400.497002132675,3
ENT_EU,Operations,Logistics,2024-03,6601.501912892856,6516.109765599999,7463.866769333334,7463.866769333334,7602.46,-138.5932306666664,6936.343482528436,7991.390056138232,3
ENT_EU,Operations,Logistics,2024-04,6668.232452033333,6283.3428305,7365.936002666666,7365.936002666666,7343.2699999999995,22.666002666666827,6975.480739313263,7756.391266020069,3
ENT_EU,Operations,Logistics,2024-05,6710.42229878125,7791.070000000001,7490.356666666667,7490.356666666667,5306.03,2184.326666666667,7339.752041860771,7640.961291472562,3
ENT_EU,Operations,Logistics,2024-06,6627.810987088235,7356.070000000001,6750.586666666666,6750.586666666666,8561.3704852,-1810.783818533333,5327.345546729231,8173.827786604102,3
ENT_EU,Operations,Logistics,2024-07,6735.230959205555,7883.2740082,7070.223495066665,7070.223495066665,7419.208673499999,-348.9851784333341,5209.005522532952,8931.441467600378,3
ENT_EU,Operations,Logistics,2024-08,6771.229786273684,4054.1201702999997,7095.536386233332,7095.536386233332,6170.17,925.3663862333324,5226.5405578577365,8964.53221460893,3
ENT_EU,Operations,Logistics,2024-09,6741.17679696,8005.524472200001,7383.583052899999,7383.583052899999,8385.4211914,-1001.8381385000021,6030.183619217282,8736.982486582716,3
ENT_EU,Operations,Logistics,2024-10,6819.474149076191,6822.855083,7324.9332883,7324.9332883,7391.88,-66.94671170000038,6068.13644302405,8581.73013357595,3
ENT_EU,Operations,Logistics,2024-11,6845.4925968454545,4640.67,7315.823730466666,7315.823730466666,7657.84,-342.0162695333338,6060.213158456291,8571.43430247704,3
ENT_EU,Operations,Logistics,2024-12,6880.812049156521,7896.252299999999,7811.713730466668,7811.713730466668,8603.6,-791.8862695333328,7229.69067335479,8393.736787578544,3
ENT_EU,Operations,Logistics,2025-01,6952.594880441667,6500.914004,7884.44,7884.44,6187.432803199999,1697.0071968000002,7163.7771939482,8605.102806051798,3
ENT_EU,Operations,Logistics,2025-02,6921.988397352001,6084.95507135,7482.957601066667,7482.957601066667,8033.67,-550.7123989333331,6105.181287566635,8860.7339145667,3
ENT_EU,Operations,Logistics,2025-03,6964.745382069232,7059.2848828,7608.234267733334,7608.234267733334,7832.743734000001,-224.509466266667,6178.9956679171355,9037.472867549532,3
ENT_EU,Operations,Logistics,2025-04,6996.893469177779,6813.306415249999,7351.282179066667,7351.282179066667,8588.9472308,-1237.6650517333337,6205.058120467533,8497.5062376658,3
ENT_EU,Operations,Logistics,2025-05,7053.752532092857,6548.55,8151.786988266667,8151.786988266667,6181.297184999999,1970.4898032666679,7708.54283700987,8595.031139523464,3
ENT_EU,Operations,Logistics,2025-06,7023.667864951724,7958.7202426,7534.329383266667,7534.329383266667,8183.0776728,-648.7482895333333,6141.035874421532,8927.622892111802,3
ENT_EU,Operations,Logistics,2025-07,7062.314858546667,7651.24134085,7651.107362866666,7651.107362866666,1317.65,6333.457362866666,6192.502545654599,9109.712180078734,3
ENT_EU,Operations,Logistics,2025-08,6877.003088916129,5112.145085149999,5227.341619266666,5227.341619266666,7756.7336954,-2529.392076133334,1231.945567176981,9222.737671356352,3
ENT_EU,Operations,Logistics,2025-09,6904.49467036875,8195.472831800002,5752.487122733332,5752.487122733332,8330.37,-2577.8828772666684,1399.6574016391014,10105.316843827564,3
ENT_EU,Operations,Logistics,2025-10,6947.703013690909,7107.3675415,5801.584565133334,5801.584565133334,6038.8506681,-237.26610296666604,1395.35859335632,10207.810536910347,3
ENT_EU,Operations,Logistics,2025-11,6920.97206235,6149.255,7375.318121166667,7375.318121166667,7761.039566400001,-385.7214452333337,6025.964005024259,8724.672237309076,3
ENT_EU,Operations,Logistics,2025-12,6944.973991037143,8249.92615,7376.753411500001,7376.753411500001,6762.966980499999,613.7864310000014,6026.617307919783,8726.889515080218,3
ENT_EU,R&D,Logistics,2023-03,532.87766565,,532.87766565,532.87766565,476.21992,56.65774565000004,489.429040976,576.3262903240001,2
ENT_EU,R&D,Logistics,2023-04,513.9917504333333,,513.9917504333333,513.9917504333333,424.48,89.5117504333333,469.27626757630867,558.707233290358,3
ENT_EU,R&D,Logistics,2023-05,491.613812825,,485.24841710000004,485.24841710000004,533.9668160000001,-48.71839890000007,410.8461548690382,559.6506793309619,3
ENT_EU,R&D,Logistics,2023-06,500.08441346,,478.2222453333334,478.2222453333334,517.3199999999999,-39.09775466666656,416.2431764943642,540.2013141723025,3
ENT_EU,R&D,Logistics,2023-07,502.9570112166666,,491.922272,491.922272,564.4855926,-72.5633206,425.16109122968544,558.6834527703146,3
ENT_EU,R&D,Logistics,2023-08,511.7468085571428,,538.5908028666666,538.5908028666666,379.1615053,159.42929756666666,511.52235316265063,565.6592525706826,3
ENT_EU,R&D,Logistics,2023-09,495.17364565,,486.98903263333335,486.98903263333335,385.78,101.20903263333338,378.0004013566544,595.9776639100123,3
ENT_EU,R&D,Logistics,2023-10,483.01879613333335,,443.14236596666666,443.14236596666666,579.98,-136.83763403333336,324.1670557257464,562.1176762075869,3
ENT_EU,R&D,Logistics,2023-11,492.71491652000003,,448.30716843333335,448.30716843333335,511.588854,-63.28168556666668,319.21346775290556,577.4008691137611,3
ENT_EU,R&D,Logistics,2023-12,494.4307290181818,,492.44961800000004,492.44961800000004,404.2229568,88.22666120000002,380.98124692572463,603.9179890742754,3
ENT_EU,R&D,Logistics,2024-01,486.9134146666667,510.71,498.5972702666667,498.5972702666667,522.9,-24.30272973333325,398.34165454403126,598.8528859893022,3
ENT_EU,R&D,Logistics,2024-02,489.68161353846153,555.0453313,479.57060359999997,479.57060359999997,448.61,30.960603599999956,405.4530849092064,553.6881222907936,3
ENT_EU,R&D,Logistics,2024-03,486.74792685714283,476.21992,458.5776522666667,458.5776522666667,453.358884,5.2187682666667,390.722994689724,526.4323098436093,3
ENT_EU,R&D,Logistics,2024-04,484.5219906666667,424.48,474.9562946666667,474.9562946666667,521.04,-46.083705333333285,427.89469694541634,522.0178923879171,3
ENT_EU,R&D,Logistics,2024-05,486.80436625,533.9668160000001,474.3362946666666,474.3362946666666,519.32,-44.98370533333343,428.48786222559505,520.1847271077381,3
ENT_EU,R&D,Logistics,2024-06,488.71705058823534,517.3199999999999,497.9062946666666,497.9062946666666,532.6,-34.69370533333341,454.2389865701897,541.5736027631435,3
ENT_EU,R&D,Logistics,2024-07,491.1549922222223,564.4855926,524.32,524.32,549.1700000000001,-24.850000000000023,516.1474502257048,532.4925497742953,3
ENT_EU,R&D,Logistics,2024-08,494.2084136842106,379.1615053,533.6966666666667,533.6966666666667,536.56,-2.8633333333332303,516.7732788634585,550.620054469875,3
ENT_EU,R&D,Logistics,2024-09,496.32599300000004,385.78,539.4433333333333,539.4433333333333,514.68,24.76333333333332,529.6514096834857,549.2352569831809,3
ENT_EU,R&D,Logistics,2024-10,497.19999333333334,579.98,533.4699999999999,533.4699999999999,544.6188006,-11.148800600000072,513.7218903372161,553.2181096627837,3
ENT_EU,R&D,Logistics,2024-11,499.35539366363633,511.588854,531.9529335333333,531.9529335333333,439.9,92.05293353333332,514.4220969891975,549.4837700774691,3
ENT_EU,R&D,Logistics,2024-12,496.77037654782606,404.2229568,499.7329335333334,499.7329335333334,531.83,-32.09706646666666,438.69885771734613,560.7670093493206,3
ENT_EU,R&D,Logistics,2025-01,498.2311941916667,516.805,505.4496002,505.4496002,329.71,175.73960020000004,440.8047420538669,570.0944583461331,3
ENT_EU,R&D,Logistics,2025-02,491.490346424,501.82766565000003,433.81333333333333,433.81333333333333,567.8,-133.98666666666662,319.297720262781,548.3289464038857,3
ENT_EU,R&D,Logistics,2025-03,494.4253331,464.789402,476.44666666666666,476.44666666666666,374.8479702,101.59869646666664,331.211692812142,621.6816405211913,3
ENT_EU,R&D,Logistics,2025-04,489.9965418814815,472.76,424.1193234,424.1193234,584.6153308,-160.49600740000005,281.01488496001105,567.2237618399889,3
ENT_EU,R&D,Logistics,2025-05,493.3757843428571,526.6434080000001,509.087767,509.087767,250.29,258.797767,377.18917843661677,640.9863555633832,3
ENT_EU,R&D,Logistics,2025-06,484.9935159172414,524.96,403.25110033333334,403.25110033333334,516.86,-113.60889966666667,212.05175229924228,594.4504483674244,3
ENT_EU,R&D,Logistics,2025-07,486.0557320533334,556.8277963,450.58844359999995,450.58844359999995,513.77,-63.181556400000034,250.58744637230853,650.5894408276913,3
ENT_EU,R&D,Logistics,2025-08,486.94974069677426,457.86075265,426.97333333333336,426.97333333333336,532.43,-105.45666666666659,253.81484023565775,600.1318264310089,3
ENT_EU,R&D,Logistics,2025-09,488.3709988,450.22999999999996,521.02,521.02,558.74,-37.72000000000003,509.70234492838733,532.3376550716126,3
ENT_EU,R&D,Logistics,2025-10,490.50339277575756,562.2994003,534.9799999999999,534.9799999999999,568.3123136,-33.332313600000134,509.4134020816221,560.5465979183778,3
ENT_EU,R&D,Logistics,2025-11,492.7918904470588,475.744427,553.1607712,553.1607712,556.741984,-3.581212800000003,532.135078755044,574.186463644956,3
ENT_EU,R&D,Logistics,2025-12,494.61903597714286,468.02647840000003,561.2647658666667,561.2647658666667,406.86201959999994,154.40274626666678,554.2662608064117,568.2632709269218,3
ENT_EU,Sales,Logistics,2023-04,11531.54355355,,11531.54355355,11531.54355355,2139.8,9391.74355355,9593.443718508002,13469.643388591998,2
ENT_EU,Sales,Logistics,2023-05,8400.962369033334,,8400.962369033334,8400.962369033334,12517.331970000001,-4116.369600966667,2163.829542579794,14638.095195486872,3
ENT_EU,Sales,Logistics,2023-06,9430.054769275,,9059.167323333333,9059.167323333333,13954.509999999998,-4895.342676666665,2278.1871285991165,15840.14751806755,3
ENT_EU,Sales,Logistics,2023-07,10334.94581542,,9537.21399,9537.21399,12542.13,-3004.916009999999,2242.285457000955,16832.142522999045,3
ENT_EU,Sales,Logistics,2023-08,10702.809846183332,,13004.657323333333,13004.657323333333,6068.87,6935.787323333333,12073.695962886697,13935.618683779969,3
ENT_EU,Sales,Logistics,2023-09,10040.818439585713,,10855.17,10855.17,12222.2,-1367.0300000000007,6097.009436324238,15613.330563675761,3
ENT_EU,Sales,Logistics,2023-10,10313.491134637501,,10277.733333333334,10277.733333333334,8094.34,2183.3933333333334,6149.077079601038,14406.389587065629,3
ENT_EU,Sales,Logistics,2023-11,10066.918786344446,,8795.136666666667,8795.136666666667,10895.21,-2100.073333333332,5246.471189786042,12343.802143547293,3
ENT_EU,Sales,Logistics,2023-12,10149.74790771,,10403.916666666666,10403.916666666666,10421.95,-18.033333333334667,8019.249848006031,12788.5834853273,3
ENT_EU,Sales,Logistics,2024-01,10174.493552463637,,9803.833333333334,9803.833333333334,8741.24,1062.5933333333342,8107.265156809218,11500.40150985745,3
ENT_EU,Sales,Logistics,2024-02,10055.055756425,10542.717107100001,10019.466666666667,10019.466666666667,11987.69,-1968.2233333333334,8738.504414117346,11300.428919215989,3
ENT_EU,Sales,Logistics,2024-03,10203.719929007693,12520.369999999999,10383.626666666669,10383.626666666669,11910.8042946,-1527.1776279333317,8546.39075111831,12220.862582215028,3
ENT_EU,Sales,Logistics,2024-04,10325.65452655,2139.8,10879.911431533334,10879.911431533334,10545.82,334.0914315333339,8783.562014450874,12976.260848615793,3
ENT_EU,Sales,Logistics,2024-05,10340.33222478,12517.331970000001,11481.4380982,11481.4380982,12458.04,-976.6019018000006,10563.500971228299,12399.375225171701,3
ENT_EU,Sales,Logistics,2024-06,10472.68896073125,13954.509999999998,11638.221431533333,11638.221431533333,14618.89,-2980.6685684666663,10523.791563433297,12752.65129963337,3
ENT_EU,Sales,Logistics,2024-07,10716.583139511764,12542.13,12540.916666666666,12540.916666666666,14149.897375,-1608.9807083333344,10234.929614198518,14846.903719134814,3
ENT_EU,Sales,Logistics,2024-08,10907.32281926111,6068.87,13742.275791666667,13742.275791666667,12834.5062075,907.7695841666664,12456.054409466224,15028.49717386711,3
ENT_EU,Sales,Logistics,2024-09,11008.753523905261,12222.2,13867.764527500001,13867.764527500001,14506.2910696,-638.5265420999986,12820.979196944605,14914.549858055398,3
ENT_EU,Sales,Logistics,2024-10,11183.63040119,8094.34,13830.231550700002,13830.231550700002,15201.75,-1371.5184492999979,12833.803433465393,14826.659667934611,3
ENT_EU,Sales,Logistics,2024-11,11374.96942970476,10895.21,14180.849092366667,14180.849092366667,15129.18,-948.3309076333335,12804.006566582684,15557.69161815065,3
ENT_EU,Sales,Logistics,2024-12,11545.61536471818,10421.95,14945.740356533332,14945.740356533332,15018.06,-72.31964346666791,14513.127080291835,15378.353632774828,3
ENT_EU,Sales,Logistics,2025-01,11696.591218426087,8741.24,15116.33,15116.33,11864.779999999999,3251.550000000001,15011.637460932117,15221.022539067882,3
ENT_EU,Sales,Logistics,2025-02,11703.599084324998,11265.20355355,14004.006666666666,14004.006666666666,7001.6,7002.406666666666,11906.62198230923,16101.391351024102,3
ENT_EU,Sales,Logistics,2025-03,11515.519120951998,12215.5871473,11294.813333333332,11294.813333333332,8465.4208465,2829.3924868333324,6724.81028649591,15864.816380170752,3
ENT_EU,Sales,Logistics,2025-04,11398.207648857691,6342.8099999999995,9110.600282166664,9110.600282166664,15572.19,-6461.589717833336,6287.287961994333,11933.912602338994,3
ENT_EU,Sales,Logistics,2025-05,11552.799587788888,12487.685985,10346.4036155,10346.4036155,14256.11,-3909.706384500001,5158.592351221658,15534.214879778341,3
ENT_EU,Sales,Logistics,2025-06,11649.346388224998,14286.699999999999,12764.5736155,12764.5736155,15500.4033146,-2735.8296991000007,8486.105282180037,17043.041948819962,3
ENT_EU,Sales,Logistics,2025-07,11782.141454651723,13346.013687499999,15109.567771533335,15109.567771533335,16036.289999999999,-926.7222284666641,14272.193500803221,15946.942042263448,3
ENT_EU,Sales,Logistics,2025-08,11923.946406163332,9451.68810375,15264.267771533334,15264.267771533334,15669.031296500001,-404.7635249666673,14230.794257574245,16297.741285492422,3
ENT_EU,Sales,Logistics,2025-09,12044.755596174193,13364.2455348,15735.241537033333,15735.241537033333,13679.44,2055.8015370333324,15425.170028766459,16045.313045300207,3
ENT_EU,Sales,Logistics,2025-10,12095.83948379375,11648.045,15128.2537655,15128.2537655,14706.310000000001,421.94376549999834,13693.291135984993,16563.216395015006,3
ENT_EU,Sales,Logistics,2025-11,12174.944650951515,13012.195,14684.927098833336,14684.927098833336,14313.949999999999,370.97709883333664,13559.014825447786,15810.839372218885,3
ENT_EU,Sales,Logistics,2025-12,12237.856572982353,12720.005000000001,14233.233333333332,14233.233333333332,13267.0829,966.1504333333323,13646.866883849993,14819.599782816671,3
ENT_UK,Corporate,Logistics,2023-03,353.76694430000003,,353.76694430000003,353.76694430000003,87.0196008,266.74734350000006,352.371391176,355.1624974240001,2
ENT_UK,Corporate,Logistics,2023-04,264.8511631333334,,264.8511631333334,264.8511631333334,468.2267347,-203.37557156666662,90.57436951246794,439.12795675419886,3
ENT_UK,Corporate,Logistics,2023-05,315.69505602500004,,303.24176556666674,303.24176556666674,401.47184250000004,-98.2300769333333,81.78588414121003,524.6976469921235,3
ENT_UK,Corporate,Logistics,2023-06,332.85041332000003,,318.90605933333336,318.90605933333336,440.3582409,-121.45218156666664,88.53989827343804,549.2722203932287,3
ENT_UK,Corporate,Logistics,2023-07,350.76838458333333,,436.6856060333334,436.6856060333334,123.59647579999998,313.08913023333344,398.7443715144731,474.6268405521937,3
ENT_UK,Corporate,Logistics,2023-08,318.3152547571429,,321.8088530666667,321.8088530666667,239.99498099999997,81.81387206666673,126.31863296789155,517.2990731654419,3
ENT_UK,Corporate,Logistics,2023-09,308.5252205375,,267.98323256666663,267.98323256666663,425.4455178,-157.46228523333338,86.67171792654466,449.2947472067886,3
ENT_UK,Corporate,Logistics,2023-10,321.51636467777774,,263.01232486666663,263.01232486666663,424.292229,-161.2799041333334,90.74196577254003,435.28268396079324,3
ENT_UK,Corporate,Logistics,2023-11,331.79395110999997,,363.2442426,363.2442426,378.54698200000007,-15.302739400000064,242.4582035925769,484.03028160742315,3
ENT_UK,Corporate,Logistics,2023-12,336.04422664545456,,409.42824293333337,409.42824293333337,147.0954978,262.33274513333333,379.15757316817337,439.69891269849336,3
ENT_UK,Corporate,Logistics,2024-01,320.29849924166666,353.0549274,316.64490293333336,316.64490293333336,435.37666199999995,-118.7317590666666,148.48266161102438,484.80714425564236,3
ENT_UK,Corporate,Logistics,2024-02,329.1506656076923,354.4789612000001,320.3397139333333,320.3397139333333,185.29177299999998,135.04794093333334,147.54235245368264,493.137075412984,3
ENT_UK,Corporate,Logistics,2024-03,318.87503042142856,87.0196008,255.92131093333333,255.92131093333333,430.2037212,-174.2824102666667,78.73215758998123,433.11046427668543,3
ENT_UK,Corporate,Logistics,2024-04,326.29694313999994,468.2267347,350.29071873333334,350.29071873333334,400.0302726,-49.739553866666654,188.56526489436698,512.0161725722996,3
ENT_UK,Corporate,Logistics,2024-05,330.90527623125,401.47184250000004,338.50858893333333,338.50858893333333,339.13307399999997,-0.6244850666666366,187.3886750696524,489.6285027970142,3
ENT_UK,Corporate,Logistics,2024-06,331.3892643352942,440.3582409,389.78902259999995,389.78902259999995,316.40639799999997,73.38262459999999,337.29262495970386,442.28542024029605,3
ENT_UK,Corporate,Logistics,2024-07,330.5568828722223,123.59647579999998,351.8565815333333,351.8565815333333,414.59849999999994,-62.74191846666662,302.9264879721988,400.78667509446785,3
ENT_UK,Corporate,Logistics,2024-08,334.9801258789474,239.99498099999997,356.7126573333333,356.7126573333333,415.0668522,-58.35419486666672,298.54540106450816,414.87991360215847,3
ENT_UK,Corporate,Logistics,2024-09,338.984462195,425.4455178,382.02391673333335,382.02391673333335,414.0514677,-32.02755096666664,317.71820236754564,446.32963109912106,3
ENT_UK,Corporate,Logistics,2024-10,342.55908150476193,424.292229,414.57227329999995,414.57227329999995,170.8707016,243.70157169999996,413.9971907952492,415.1473558047507,3
ENT_UK,Corporate,Logistics,2024-11,334.75506423636364,378.54698200000007,333.3296738333333,333.3296738333333,408.4112854,-75.08161156666671,174.1188444934416,492.540503173225,3
ENT_UK,Corporate,Logistics,2024-12,337.9575086347826,147.0954978,331.11115156666665,331.11115156666665,426.5688135,-95.45766193333333,174.0430882768428,488.1792148564905,3
ENT_UK,Corporate,Logistics,2025-01,341.6496463375,394.21579469999995,335.28360016666664,335.28360016666664,396.8988335,-61.61523333333338,173.83176081212838,496.7354395212049,3
ENT_UK,Corporate,Logistics,2025-02,343.85961382399995,269.88536710000005,410.6263108,410.6263108,241.79118390000002,168.83512689999998,393.69917610027494,427.55344549972506,3
ENT_UK,Corporate,Logistics,2025-03,339.9339049807692,258.611661,355.0862769666667,355.0862769666667,430.6490076,-75.56273063333333,242.79515023665138,467.377403696682,3
ENT_UK,Corporate,Logistics,2025-04,343.29372359629633,434.12850364999997,356.4463416666667,356.4463416666667,427.01552519999996,-70.56918353333327,242.47315642725673,470.4195269060766,3
ENT_UK,Corporate,Logistics,2025-05,346.2837879392858,370.30245825,366.4852389,366.4852389,407.49356379999995,-41.008324899999934,244.26777303003865,488.7027047699614,3
ENT_UK,Corporate,Logistics,2025-06,348.3944698655173,378.38231944999995,421.7193655333333,421.7193655333333,432.4779886,-10.7586230666667,407.62731424841445,435.81141681825216,3
ENT_UK,Corporate,Logistics,2025-07,351.19725382333337,269.0974879,422.3290258666666,422.3290258666666,387.2953471,35.03367876666658,407.46539124284436,437.19266049048883,3
ENT_UK,Corporate,Logistics,2025-08,352.36170844516136,327.5309166,409.08896649999997,409.08896649999997,280.678959,128.41000749999995,383.4767143267255,434.7012186732744,3
ENT_UK,Corporate,Logistics,2025-09,350.121622525,419.74849274999997,366.8174315666667,366.8174315666667,403.1881704,-36.37073883333329,278.6156522289718,455.0192109043616,3
ENT_UK,Corporate,Logistics,2025-10,351.72969973333335,297.5814653,357.05415883333336,357.05415883333336,375.4387887,-18.384629866666614,281.66823550531257,432.44008216135416,3
ENT_UK,Corporate,Logistics,2025-11,352.42702587941176,393.47913370000003,353.10197270000003,353.10197270000003,408.6806851,-55.57871239999997,280.4115405678474,425.79240483215267,3
ENT_UK,Corporate,Logistics,2025-12,354.03427328571433,286.83215565,395.7692147333334,395.7692147333334,390.64711,5.122104733333401,375.6044881962857,415.9339412703811,3
ENT_UK,Marketing,Logistics,2023-03,2958.4846769000005,,2958.4846769000005,2958.4846769000005,2303.894988,654.5896889000005,2733.705084912,3183.264268888001,2
ENT_UK,Marketing,Logistics,2023-04,2740.2881139333335,,2740.2881139333335,2740.2881139333335,3190.3821286,-450.0940146666667,2293.3658248013558,3187.2104030653113,3
ENT_UK,Marketing,Logistics,2023-05,2852.8116176000003,,2855.8150862666666,2855.8150862666666,3399.7830867000002,-543.9680004333336,2310.8826507934436,3400.7475217398896,3
ENT_UK,Marketing,Logistics,2023-06,2962.2059114200006,,2964.686734433333,2964.686734433333,3824.4982910999997,-859.8115566666665,2306.3615782501415,3623.011890616525,3
ENT_UK,Marketing,Logistics,2023-07,3105.921308033334,,3471.5545021333332,3471.5545021333332,3579.2029637999995,-107.64846166666621,3105.94019268534,3837.1688115813263,3
ENT_UK,Marketing,Logistics,2023-08,3173.5329731428574,,3601.1614472,3601.1614472,3124.2824036999996,476.87904350000053,3359.894596011653,3842.4282983883472,3
ENT_UK,Marketing,Logistics,2023-09,3167.3766519625,,3509.3278861999993,3509.3278861999993,2571.6591341999997,937.6687519999996,3107.269078897514,3911.3866935024844,3
ENT_UK,Marketing,Logistics,2023-10,3101.1858166555558,,3091.7148338999996,3091.7148338999996,3077.5470100999996,14.167823799999951,2520.750509666721,3662.679158133278,3
ENT_UK,Marketing,Logistics,2023-11,3098.821936,,2924.4961826666663,2924.4961826666663,3497.9745570000005,-573.4783743333342,2577.706252991651,3271.2861123416815,3
ENT_UK,Marketing,Logistics,2023-12,3135.1085379090905,,3049.0602337666664,3049.0602337666664,3732.4431872000005,-683.382953433334,2524.204964946881,3573.915502586452,3
ENT_UK,Marketing,Logistics,2024-01,3184.8864253499996,2843.8012116,3435.9882514333335,3435.9882514333335,3156.0253611999997,279.96289023333384,3060.499485948191,3811.4770169184762,3
ENT_UK,Marketing,Logistics,2024-02,3182.6663434923075,3073.1681422000006,3462.1477018000005,3462.1477018000005,2955.358311,506.78939080000055,3134.1241680711923,3790.1712355288087,3
ENT_UK,Marketing,Logistics,2024-03,3166.4300554571423,2303.894988,3281.2756198,3281.2756198,2169.4840331999994,1111.7915866000008,2824.7864068185545,3737.764832781446,3
ENT_UK,Marketing,Logistics,2024-04,3099.9669873066664,3190.3821286,2760.2892351333335,2760.2892351333335,3175.1557578,-414.8665226666667,2170.272905477059,3350.305564789608,3
ENT_UK,Marketing,Logistics,2024-05,3104.6662854625,3399.7830867000002,2766.666034,2766.666034,3343.5516667,-576.8856327000003,2168.3601974689145,3364.971870531085,3
ENT_UK,Marketing,Logistics,2024-06,3118.7183667117647,3824.4982910999997,2896.063819233333,2896.063819233333,3341.0613236,-444.9975043666668,2177.669286564741,3614.458351901925,3
ENT_UK,Marketing,Logistics,2024-07,3131.0707532055553,3579.2029637999995,3286.5895827,3286.5895827,3308.2741129999995,-21.68453029999955,3177.3753444193962,3395.8038209806036,3
ENT_UK,Marketing,Logistics,2024-08,3140.3972458263156,3124.2824036999996,3330.9623677666664,3330.9623677666664,3128.3435228999997,202.61884486666668,3308.683275849483,3353.24145968385,3
ENT_UK,Marketing,Logistics,2024-09,3139.79455968,2571.6591341999997,3259.226319833333,3259.226319833333,3226.1854326,33.04088723333325,3129.6265894897497,3388.8260501769164,3
ENT_UK,Marketing,Logistics,2024-10,3143.9084107714284,3077.5470100999996,3220.9343561666665,3220.9343561666665,3395.2721031,-174.33774693333362,3118.9990626160816,3322.8696497172514,3
ENT_UK,Marketing,Logistics,2024-11,3155.33403315,3497.9745570000005,3249.9336862,3249.9336862,3227.1810437999998,22.75264240000024,3097.1219605657216,3402.7454118342785,3
ENT_UK,Marketing,Logistics,2024-12,3158.4578162217385,3732.4431872000005,3282.8795264999994,3282.8795264999994,1575.0887798999997,1707.7907465999997,3172.733360929869,3393.02569207013,3
ENT_UK,Marketing,Logistics,2025-01,3092.4841063750005,2999.9132864,2732.5139755999994,2732.5139755999994,2308.7081732,423.80580239999927,1594.2570388063484,3870.77091239365,3
ENT_UK,Marketing,Logistics,2025-02,3061.133069048,3014.2632266,2370.3259989666662,2370.3259989666662,3044.9129172000003,-674.586918233334,1433.618383124493,3307.0336148088395,3
ENT_UK,Marketing,Logistics,2025-03,3060.509217053846,2236.6895105999997,2309.5699567666666,2309.5699567666666,2882.9988388,-573.4288820333336,1477.9382338292874,3141.201679704046,3
ENT_UK,Marketing,Logistics,2025-04,3053.9347586,3182.7689432,2745.5399764,2745.5399764,3057.7557648,-312.2157884000003,2307.7521949061693,3183.3277578938305,3
ENT_UK,Marketing,Logistics,2025-05,3054.0712231071425,3371.6673767,2995.222506933334,2995.222506933334,3846.7592692,-851.5367622666658,2885.0035173295996,3105.4414965370684,3
ENT_UK,Marketing,Logistics,2025-06,3081.4052936620687,3582.77980735,3262.5046242666667,3262.5046242666667,3569.011775,-306.5071507333332,2681.4600833456398,3843.5491651876937,3
ENT_UK,Marketing,Logistics,2025-07,3097.65884304,3443.7385383999995,3491.1756029999997,3491.1756029999997,2943.4773007000003,547.6983022999993,3038.2848353797062,3944.066370620293,3
ENT_UK,Marketing,Logistics,2025-08,3092.6852449000003,3126.3129633,3453.082781633333,3453.082781633333,3201.6391694999998,251.44361213333332,2929.527650017168,3976.637913249498,3
ENT_UK,Marketing,Logistics,2025-09,3096.09005504375,2898.9222833999997,3238.0427483999997,3238.0427483999997,3074.4407663999996,163.60198200000013,2882.319828973598,3593.7656678264016,3
ENT_UK,Marketing,Logistics,2025-10,3095.4340159939393,3236.4095565999996,3073.1857455333334,3073.1857455333334,2463.8525472,609.3331983333333,2927.1117396146988,3219.259751451968,3
ENT_UK,Marketing,Logistics,2025-11,3076.8580904411765,3362.5778004000003,2913.3108276999997,2913.3108276999997,3599.4555957000002,-686.1447680000006,2467.0008264338458,3359.6208289661536,3
ENT_UK,Marketing,Logistics,2025-12,3091.7894477342857,2653.76598355,3045.9163031000003,3045.9163031000003,3500.81272,-454.8964168999996,2402.7805931811736,3689.052013018827,3
ENT_UK,Operations,Logistics,2023-03,5364.9724391,,5364.9724391,5364.9724391,6002.0050152,-637.0325761000004,4023.561333744,6706.383544456,2
ENT_UK,Operations,Logistics,2023-04,5577.316631133333,,5577.316631133333,5577.316631133333,6073.6162503,-496.29961916666616,4698.105312261545,6456.527950005122,3
ENT_UK,Operations,Logistics,2023-05,5701.391535925,,6041.662375233333,6041.662375233333,5615.079270300001,426.5831049333319,6000.447189872116,6082.877560594549,3
ENT_UK,Operations,Logistics,2023-06,5684.1290828,,5896.900178600001,5896.900178600001,6336.1028295,-439.20265089999884,5617.759406902174,6176.040950297827,3
ENT_UK,Operations,Logistics,2023-07,5792.791373916666,,6008.2661167,6008.2661167,2037.3132115999997,3970.9529051,5595.312329192274,6421.219904207725,3
ENT_UK,Operations,Logistics,2023-08,5256.294493585714,,4662.831770466667,4662.831770466667,5017.165596,-354.33382553333286,2057.6829374987183,7267.980603434616,3
ENT_UK,Operations,Logistics,2023-09,5226.4033813875,,4463.527212366666,4463.527212366666,5881.016745,-1417.4895326333335,1971.4776762387455,6955.576748494587,3
ENT_UK,Operations,Logistics,2023-10,5299.138199566667,,4311.831850866666,4311.831850866666,5433.862442,-1122.0305911333335,2029.8452317732012,6593.818469960132,3
ENT_UK,Operations,Logistics,2023-11,5312.61062381,,5444.014927666666,5444.014927666666,5895.885721000001,-451.8707933333344,4955.143872863222,5932.88598247011,3
ENT_UK,Operations,Logistics,2023-12,5365.635632645454,,5736.921635999999,5736.921635999999,3621.5315968000004,2115.3900391999987,5439.80449553758,6034.038776462418,3
ENT_UK,Operations,Logistics,2024-01,5220.293629658333,4680.579018,4983.759919933334,4983.759919933334,3862.9773668,1120.7825531333337,3623.4220736794323,6344.097766187235,3
ENT_UK,Operations,Logistics,2024-02,5115.884686361538,6049.3658602000005,4460.131561533334,4460.131561533334,6118.011049499999,-1657.8794879666648,3046.4762024971797,5873.786920569489,3
ENT_UK,Operations,Logistics,2024-03,5187.465140871428,6002.0050152,4534.173337699999,4534.173337699999,5190.1654244,-655.992086700001,2976.0121938685093,6092.334481531489,3
ENT_UK,Operations,Logistics,2024-04,5187.645159773333,6073.6162503,5057.051280233333,5057.051280233333,6022.2554466,-965.2041663666669,3774.494332984601,6339.608227482066,3
ENT_UK,Operations,Logistics,2024-05,5239.8083027,5615.079270300001,5776.810640166666,5776.810640166666,5767.3480669,9.462573266666368,5199.351107588434,6354.270172744898,3
ENT_UK,Operations,Logistics,2024-06,5270.840053535294,6336.1028295,5659.9229793,5659.9229793,6320.475638399999,-660.5526590999989,5177.496722086024,6142.349236513976,3
ENT_UK,Operations,Logistics,2024-07,5329.153141583334,2037.3132115999997,6036.693050633333,6036.693050633333,6134.881125,-98.18807436666702,5723.411996829019,6349.974104437647,3
ENT_UK,Operations,Logistics,2024-08,5371.559877552632,5017.165596,6074.234943433333,6074.234943433333,4533.9690053,1540.2659381333324,5755.680174500311,6392.789712366354,3
ENT_UK,Operations,Logistics,2024-09,5329.68033394,5881.016745,5663.1085895666665,5663.1085895666665,5851.7710355,-188.6624459333334,4551.580348176906,6774.636830956427,3
ENT_UK,Operations,Logistics,2024-10,5354.541795919048,5433.862442,5506.873721933334,5506.873721933334,3753.8143817000005,1753.0593402333338,4540.064758534603,6473.682685332065,3
ENT_UK,Operations,Logistics,2024-11,5281.781458909091,5895.885721000001,4713.1848075,4713.1848075,6638.652416,-1925.4676085,3513.2313275668084,5913.138287433191,3
ENT_UK,Operations,Logistics,2024-12,5340.775848347826,3621.5315968000004,5414.745944400001,5414.745944400001,6400.4929431,-985.7469986999995,3727.2417864583713,7102.25010234163,3
ENT_UK,Operations,Logistics,2025-01,5384.930727295833,4271.7781924,5597.653246933333,5597.653246933333,4913.2574354,684.3958115333335,3785.6736860884253,7409.632807778242,3
ENT_UK,Operations,Logistics,2025-02,5366.063795620001,6083.68845485,5984.134264833333,5984.134264833333,5867.7091452,116.42511963333254,4926.059244314369,7042.209285352297,3
ENT_UK,Operations,Logistics,2025-03,5385.357847526923,5596.0852198,5727.153174566668,5727.153174566668,3786.9892796999998,1940.1638948666682,4874.471061653794,6579.835287479542,3
ENT_UK,Operations,Logistics,2025-04,5326.159011681482,6047.93584845,4855.985286766667,4855.985286766667,6448.5677784,-1592.5824916333331,3677.3700354841403,6034.600538049193,3
ENT_UK,Operations,Logistics,2025-05,5366.245039064286,5691.2136686,5367.7554011,5367.7554011,4256.7183736,1111.0370275000005,3784.126611025348,6951.384191174652,3
ENT_UK,Operations,Logistics,2025-06,5327.9854988758625,6328.2892339499995,4830.758477233333,4830.758477233333,6881.300383799999,-2050.5419065666656,3223.183429331304,6438.333525135362,3
ENT_UK,Operations,Logistics,2025-07,5379.762661706667,4086.0971683,5862.195511933333,5862.195511933333,6411.189431600001,-548.9939196666674,4269.891219112598,7454.4998047540685,3
ENT_UK,Operations,Logistics,2025-08,5413.034492993549,4775.56730065,5849.736062999999,5849.736062999999,6087.8924685,-238.1564055000008,4266.08109043267,7433.391035567329,3
ENT_UK,Operations,Logistics,2025-09,5434.123804728125,5866.3938902499995,6460.127427966666,6460.127427966666,4509.185842,1950.941585966666,6008.660065253399,6911.594790679933,3
ENT_UK,Operations,Logistics,2025-10,5406.095381615151,4593.83841185,5669.4225807,5669.4225807,5522.3166499,147.10593080000035,4517.770545357993,6821.074616042008,3
ENT_UK,Operations,Logistics,2025-11,5409.513654211764,6267.2690685,5373.131653466667,5373.131653466667,5719.901311600001,-346.7696581333339,4468.00856585247,6278.254741080863,3
ENT_UK,Operations,Logistics,2025-12,5418.381872994286,5011.012269950001,5250.4679344999995,5250.4679344999995,5408.48869,-158.02075550000063,4515.459850519525,5985.476018480474,3
ENT_UK,R&D,Logistics,2023-03,450.35386170000004,,450.35386170000004,450.35386170000004,439.2529728,11.10088890000003,423.7355209440001,476.972202456,2
ENT_UK,R&D,Logistics,2023-04,446.6535654,,446.6535654,446.6535654,459.3574916,-12.703926200000012,429.66007795018254,463.64705284981744,3
ENT_UK,R&D,Logistics,2023-05,449.82954695,,454.18170406666667,454.18170406666667,463.31643110000005,-9.134727033333377,439.3241002365574,469.03930789677594,3
ENT_UK,R&D,Logistics,2023-06,452.52692378,,453.97563183333335,453.97563183333335,462.61047929999995,-8.6348474666666,439.3745826067922,468.5766810598745,3
ENT_UK,R&D,Logistics,2023-07,454.20751636666665,,461.7614673333333,461.7614673333333,443.344076,18.41739133333334,459.3719503980005,464.15098426866615,3
ENT_UK,R&D,Logistics,2023-08,452.6555963142857,,456.42366213333327,456.42366213333327,462.6557655,-6.232103366666706,443.59944578678807,469.24787847987847,3
ENT_UK,R&D,Logistics,2023-09,453.9056174625,,456.20344026666663,456.20344026666663,374.9998842,81.20355606666664,443.60123723659825,468.805643296735,3
ENT_UK,R&D,Logistics,2023-10,445.13831376666667,,426.99990856666665,426.99990856666665,420.77665049999996,6.223258066666688,374.8816297028559,479.1181874304774,3
ENT_UK,R&D,Logistics,2023-11,442.70214744000003,,419.47743339999994,419.47743339999994,473.132594,-53.655160600000045,369.86510908503686,469.089757714963,3
ENT_UK,R&D,Logistics,2023-12,445.4685516727273,,422.9697095666666,422.9697095666666,440.095604,-17.12589443333337,367.40432241024996,478.53509672308326,3
ENT_UK,R&D,Logistics,2024-01,445.0208060333334,436.7730756,444.66828283333325,444.66828283333325,409.78270599999996,34.88557683333329,414.7080891072403,474.6284765594262,3
ENT_UK,R&D,Logistics,2024-02,442.31018295384615,463.9346478,441.00363466666664,441.00363466666664,439.39536,1.6082746666666594,405.14901680189064,476.85825253144264,3
ENT_UK,R&D,Logistics,2024-03,442.1019813142857,439.2529728,429.75789000000003,429.75789000000003,429.275924,0.48196600000005674,410.1782006587266,449.33757934127345,3
ENT_UK,R&D,Logistics,2024-04,441.24691082666664,459.3574916,426.15133,426.15133,430.8675239,-4.7161939000000075,409.1188798167227,443.18378018327724,3
ENT_UK,R&D,Logistics,2024-05,440.59819914375,463.31643110000005,433.17960263333333,433.17960263333333,376.7316707,56.44793193333334,427.0219547912175,439.33725047544914,3
ENT_UK,R&D,Logistics,2024-06,436.84134452941174,462.61047929999995,412.29170619999996,412.29170619999996,331.0590976,81.23260859999999,377.431237975136,447.1521744248639,3
ENT_UK,R&D,Logistics,2024-07,430.96455303333335,443.344076,379.5527640666666,379.5527640666666,415.43139199999996,-35.87862793333335,323.0131968110856,436.0923313222476,3
ENT_UK,R&D,Logistics,2024-08,430.1470182421052,462.6557655,374.4073867666666,374.4073867666666,427.16814930000004,-52.760762533333434,326.6149561661371,422.1998173671961,3
ENT_UK,R&D,Logistics,2024-09,429.998074795,374.9998842,391.2195463,391.2195463,422.02437289999995,-30.804826599999956,331.8894952804191,450.54959731958087,3
ENT_UK,R&D,Logistics,2024-10,429.61837470476183,420.77665049999996,421.54130473333333,421.54130473333333,465.11971740000007,-43.578412666666736,414.88375624470194,428.1988532219647,3
ENT_UK,R&D,Logistics,2024-11,431.2320721,473.132594,438.1040798666667,438.1040798666667,435.5115436,2.592536266666741,411.4692708839064,464.73888884942704,3
ENT_UK,R&D,Logistics,2024-12,431.41813607826083,440.095604,440.8852113,440.8852113,416.8082036999999,24.07700760000006,415.93952589465516,465.8308967053448,3
ENT_UK,R&D,Logistics,2025-01,430.8093888958333,423.2778908,439.1464882333333,439.1464882333333,334.8331922,104.3132960333333,411.5805391485235,466.7124373181431,3
ENT_UK,R&D,Logistics,2025-02,426.97034102799995,451.6650039,395.71764649999994,395.71764649999994,203.41886549999998,192.29878099999996,335.1197068602303,456.3155861397696,3
ENT_UK,R&D,Logistics,2025-03,418.37220735384614,434.2644484,318.35342046666665,318.35342046666665,395.3075155,-76.95409503333337,196.541669722012,440.1651712113213,3
ENT_UK,R&D,Logistics,2025-04,417.5179595074074,445.11250774999996,311.1865244,311.1865244,429.85092480000003,-118.66440040000003,200.1697114920561,422.2033373079439,3
ENT_UK,R&D,Logistics,2025-05,417.95842255357144,420.0240509,342.8591019333333,342.8591019333333,187.95924979999998,154.89985213333333,204.81703600090265,480.90116786576397,3
ENT_UK,R&D,Logistics,2025-06,410.02741659655175,396.83478844999996,337.7058967,337.7058967,382.26815769999996,-44.56226099999998,189.65839172020293,485.75340167979704,3
ENT_UK,R&D,Logistics,2025-07,409.1021079666667,429.38773399999997,333.35944409999996,333.35944409999996,390.0729075,-56.71346340000002,188.3461877281243,478.37270047187565,3
ENT_UK,R&D,Logistics,2025-08,408.4882627903226,444.9119574,320.100105,320.100105,379.111284,-59.01117900000003,190.526795592481,449.673414407519,3
ENT_UK,R&D,Logistics,2025-09,407.570232203125,398.51212854999994,383.8174497333334,383.8174497333334,279.599484,104.21796573333336,377.4321873757505,390.20271209091624,3
ENT_UK,R&D,Logistics,2025-10,403.69233074242425,442.94818395000004,349.5945585,349.5945585,369.5195104,-19.924951899999996,280.71956970179906,418.46954729820095,3
ENT_UK,R&D,Logistics,2025-11,402.68724779117645,454.3220688,342.74342613333334,342.74342613333334,285.09119640000006,57.652229733333286,280.62483841929316,404.86201384737353,3
ENT_UK,R&D,Logistics,2025-12,399.32736060857144,428.45190384999995,311.40339693333334,311.40339693333334,393.76842999999997,-82.36503306666663,254.36490815107538,368.4418857155913,3
ENT_UK,Sales,Logistics,2023-03,9803.69531815,,9803.69531815,9803.69531815,10694.4788892,-890.7835710500003,8183.2681014479995,11424.122534852,2
ENT_UK,Sales,Logistics,2023-04,10100.623175166666,,10100.623175166666,10100.623175166666,5663.9017214,4436.721453766666,8998.824397963555,11202.421952369776,3
ENT_UK,Sales,Logistics,2023-05,8991.442811724999,,8996.274836233331,8996.274836233331,7357.449315600001,1638.8255206333306,5730.348208460751,12262.201464005911,3
ENT_UK,Sales,Logistics,2023-06,8664.6441125,,7905.276642066667,7905.276642066667,10401.6008097,-2496.3241676333328,5008.770024245176,10801.783259888158,3
ENT_UK,Sales,Logistics,2023-07,8954.136895366666,,7807.6506155666675,7807.6506155666675,7360.364695799999,447.2859197666685,5090.979591073846,10524.32164005949,3
ENT_UK,Sales,Logistics,2023-08,8726.455152571429,,8373.1382737,8373.1382737,8752.019009399999,-378.8807356999987,6385.2443040386615,10361.03224336134,3
ENT_UK,Sales,Logistics,2023-09,8729.650634675,,8837.9948383,8837.9948383,7345.2954438,1492.6993944999995,7115.191943614665,10560.797732985333,3
ENT_UK,Sales,Logistics,2023-10,8575.833391244443,,7819.226382999998,7819.226382999998,6405.5989783,1413.627404699998,6905.049847544935,8733.402918455062,3
ENT_UK,Sales,Logistics,2023-11,8358.809949949999,,7500.9711438333325,7500.9711438333325,9914.297041000002,-2413.325897166669,6164.621960366231,8837.320327300433,3
ENT_UK,Sales,Logistics,2023-12,8500.21786731818,,7888.397154366668,7888.397154366668,11842.262016,-3953.864861633333,5833.055721620798,9943.738587112537,3
ENT_UK,Sales,Logistics,2024-01,8778.721546374998,8976.9467382,9387.386011766668,9387.386011766668,10062.749974800001,-675.3639630333328,6268.264429194474,12506.507594338862,3
ENT_UK,Sales,Logistics,2024-02,8877.492963946152,10630.4438981,10606.436343933334,10606.436343933334,9287.987345999998,1318.4489979333357,9392.417983248513,11820.454704618154,3
ENT_UK,Sales,Logistics,2024-03,8906.813991235713,10694.4788892,10397.6664456,10397.6664456,8937.223401399999,1460.4430442000012,8915.647833610697,11879.685057589302,3
ENT_UK,Sales,Logistics,2024-04,8908.841285246664,5663.9017214,9429.320240733332,9429.320240733332,11619.723140499998,-2190.4028997666665,8777.60549697679,10081.034984489874,3
ENT_UK,Sales,Logistics,2024-05,9078.2714012,7357.449315600001,9948.311295966665,9948.311295966665,10664.0276239,-715.7163279333345,8298.348261845973,11598.274330087357,3
ENT_UK,Sales,Logistics,2024-06,9171.551179005883,10401.6008097,10406.9913886,10406.9913886,10121.018261199999,285.9731274000005,8868.463409981796,11945.519367218203,3
ENT_UK,Sales,Logistics,2024-07,9224.299350238889,7360.364695799999,10801.589675199999,10801.589675199999,8405.5080968,2396.0815783999988,9942.96830485208,11660.211045547918,3
ENT_UK,Sales,Logistics,2024-08,9181.205073742105,8752.019009399999,9730.184660633333,9730.184660633333,2819.4385458000006,6910.746114833332,8396.140645494661,11064.228675772005,3
ENT_UK,Sales,Logistics,2024-09,8863.116747345,7345.2954438,7115.3216346,7115.3216346,10258.390204,-3143.0685693999994,2794.910388763361,11435.732880436639,3
ENT_UK,Sales,Logistics,2024-10,8929.558340519046,6405.5989783,7161.1122822,7161.1122822,9797.129010700002,-2636.0167285000025,2779.0193482649283,11543.205216135071,3
ENT_UK,Sales,Logistics,2024-11,8968.993370981818,9914.297041000002,7624.985920166667,7624.985920166667,9642.130419,-2017.1444988333324,2908.3235799760914,12341.648260357242,3
ENT_UK,Sales,Logistics,2024-12,8998.26019915652,11842.262016,9899.216544566667,9899.216544566667,11466.02319,-1566.806645433333,9536.465728185844,10261.96736094749,3
ENT_UK,Sales,Logistics,2025-01,9101.083657108333,9519.8483565,10301.760873233334,10301.760873233334,7480.5323020999995,2821.2285711333343,9157.418381309493,11446.103365157174,3
ENT_UK,Sales,Logistics,2025-02,9036.261602908,9959.21562205,9529.561970366667,9529.561970366667,10959.2686986,-1429.7067282333337,7271.861418767455,11787.26252196588,3
ENT_UK,Sales,Logistics,2025-03,9110.223414280768,9815.8511453,9968.608063566668,9968.608063566668,10566.513797,-597.905733433332,7513.493679250427,12423.722447882908,3
ENT_UK,Sales,Logistics,2025-04,9164.16009512222,8641.812430949998,9668.771599233334,9668.771599233334,10681.113247199999,-1012.3416479666648,7512.813912092417,11824.729286374251,3
ENT_UK,Sales,Logistics,2025-05,9218.336993410714,9010.73846975,10735.631914266667,10735.631914266667,10729.3613708,6.270543466667732,10507.077320862898,10964.186507670436,3
ENT_UK,Sales,Logistics,2025-06,9270.441282286207,10261.30953545,10658.996138333334,10658.996138333334,13448.135240399999,-2789.139102066665,10564.341409156053,10753.650867510614,3
ENT_UK,Sales,Logistics,2025-07,9409.697747556665,7882.9363963,11619.536619466666,11619.536619466666,6948.934439600001,4670.602179866665,9827.30205294676,13411.771185986572,3
ENT_UK,Sales,Logistics,2025-08,9330.318286009675,5785.728777599999,10375.477016933333,10375.477016933333,10349.348674500001,26.128342433332364,6681.890365995305,14069.063667871362,3
ENT_UK,Sales,Logistics,2025-09,9362.16298565,8801.842823899999,10248.806118166667,10248.806118166667,10320.8848048,-72.07868663333284,6570.2172609023755,13927.394975430958,3
ENT_UK,Sales,Logistics,2025-10,9391.215161987879,8101.363994500001,9206.389306300001,9206.389306300001,6213.8168189,2992.5724874000016,6994.024918004816,11418.753694595187,3
ENT_UK,Sales,Logistics,2025-11,9297.762269544117,9778.21373,8961.3500994,8961.3500994,10915.927255300001,-1954.5771559000004,6268.719321251145,11653.980877548856,3
ENT_UK,Sales,Logistics,2025-12,9343.995554851428,11654.142603,9150.209626333333,9150.209626333333,3913.3704900000002,5236.839136333333,6252.9165884014965,12047.50266426517,3
ENT_US,Corporate,Logistics,2023-03,518.5865312000001,,518.5865312000001,518.5865312000001,584.6528048,-66.06627359999993,437.4182883520001,599.7547740480001,2
ENT_US,Corporate,Logistics,2023-04,540.6086224000001,,540.6086224000001,540.6086224000001,382.88394600000004,157.72467640000002,476.89704646465657,604.3201983353435,3
ENT_US,Corporate,Logistics,2023-05,501.1774533,,509.17855026666666,509.17855026666666,588.640712,-79.46216173333335,384.6262481440939,633.7308523892394,3
ENT_US,Corporate,Logistics,2023-06,518.67010504,,518.7258209333334,518.7258209333334,579.4021528,-60.6763318666666,385.5816629628738,651.8699789037929,3
ENT_US,Corporate,Logistics,2023-07,528.792113,,516.9756036,516.9756036,578.5859988,-61.61039519999997,385.4618565849684,648.4893506150315,3
ENT_US,Corporate,Logistics,2023-08,535.9055252571428,,582.2096212,582.2096212,435.59557839999997,146.61404280000005,575.8902574297186,588.5289849702814,3
ENT_US,Corporate,Logistics,2023-09,523.3667819,,531.1945766666666,531.1945766666666,609.7393686,-78.54479193333339,437.5064203108004,624.8827330225329,3
ENT_US,Corporate,Logistics,2023-10,532.9637359777777,,541.3069819333333,541.3069819333333,581.232633,-39.92565106666666,436.2209478843895,646.3930159822771,3
ENT_US,Corporate,Logistics,2023-11,537.79062568,,542.1891933333333,542.1891933333333,628.250252,-86.06105866666678,436.48958644035656,647.88880022631,3
ENT_US,Corporate,Logistics,2023-12,546.0142280727272,,606.4074178666667,606.4074178666667,575.4997000000001,30.907717866666644,579.6050468208633,633.2097889124701,3
ENT_US,Corporate,Logistics,2024-01,548.4713507333332,477.17416240000006,594.994195,594.994195,396.550771,198.443424,562.2422367519226,627.7461532480773,3
ENT_US,Corporate,Logistics,2024-02,536.7851522923077,559.9989,533.4335743333334,533.4335743333334,617.0138099999999,-83.58023566666657,396.00821209291075,670.858936573756,3
ENT_US,Corporate,Logistics,2024-03,542.5157707,584.6528048,529.6880936666666,529.6880936666666,596.7288626,-67.04076893333331,397.11607681217004,662.2601105211633,3
ENT_US,Corporate,Logistics,2024-04,546.1299768266666,382.88394600000004,536.7644812,536.7644812,597.9392639,-61.17478270000004,398.8765510764962,674.6524113235038,3
ENT_US,Corporate,Logistics,2024-05,549.36805726875,588.640712,603.8939788333333,603.8939788333333,166.408128,437.4858508333333,591.0183180270992,616.7696396395675,3
ENT_US,Corporate,Logistics,2024-06,526.8410026058823,579.4021528,453.69208483333335,453.69208483333335,534.1933816,-80.5012967666666,172.15297418160435,735.2311954850624,3
ENT_US,Corporate,Logistics,2024-07,527.2494681055555,578.5859988,432.84692449999994,432.84692449999994,419.6396785,13.207245999999941,169.2576290983601,696.4362199016398,3
ENT_US,Corporate,Logistics,2024-08,521.585794968421,435.59557839999997,373.4137293666667,373.4137293666667,635.228128,-261.81439863333327,160.44572067898838,586.3817380543451,3
ENT_US,Corporate,Logistics,2024-09,527.26791162,609.7393686,529.6870627,529.6870627,658.0507995,-128.36373680000008,407.62649850268747,651.7476268973124,3
ENT_US,Corporate,Logistics,2024-10,533.4956681857143,581.232633,570.9728686666666,570.9728686666666,588.549141,-17.57627233333335,422.1052261150485,719.8405112182847,3
ENT_US,Corporate,Logistics,2024-11,535.9980987681819,628.250252,627.2760228333333,627.2760228333333,607.4135598,19.862463033333256,587.1870010575337,667.3650446091328,3
ENT_US,Corporate,Logistics,2024-12,539.1031188130435,575.4997000000001,618.0045001,618.0045001,578.3666341999999,39.637865900000065,577.3335768498616,658.6754233501383,3
ENT_US,Corporate,Logistics,2025-01,540.7390986208333,436.8624667,591.4431116666666,591.4431116666666,314.3311008,277.1120108666666,574.7653554058473,608.1208679274858,3
ENT_US,Corporate,Logistics,2025-02,531.682778708,588.506355,500.03709826666665,500.03709826666665,133.73795660000002,366.2991416666666,317.3046500737359,682.7695464595974,3
ENT_US,Corporate,Logistics,2025-03,516.377208626923,590.6908337,342.1452305333333,342.1452305333333,556.828101,-214.68287046666666,89.10048938871927,595.1899716779474,3
ENT_US,Corporate,Logistics,2025-04,517.8753898259258,490.41160495,334.96571946666666,334.96571946666666,520.4295950000001,-185.4638755333334,94.72733751099977,575.2041014223336,3
ENT_US,Corporate,Logistics,2025-05,517.9666114392857,377.52442,403.66521753333336,403.66521753333336,630.4149964000001,-226.7497788666667,138.33604371150682,668.9943913551599,3
ENT_US,Corporate,Logistics,2025-06,521.8441419551724,556.7977672,569.2242308000001,569.2242308000001,573.4073812,-4.183150399999931,505.8194662300911,632.6289953699091,3
ENT_US,Corporate,Logistics,2025-07,523.5629165966667,499.11283864999996,574.7506575333333,574.7506575333333,536.503548,38.24710953333329,512.5066363802445,636.9946786864222,3
ENT_US,Corporate,Logistics,2025-08,523.9803563193549,535.4118532,580.1086418666667,580.1086418666667,548.3475324,31.761109466666767,526.5689393910982,633.6483443422353,3
ENT_US,Corporate,Logistics,2025-09,524.741830571875,633.89508405,552.7528205333333,552.7528205333333,545.27538,7.477440533333265,531.4308745880088,574.0747664786578,3
ENT_US,Corporate,Logistics,2025-10,525.3640593424242,584.890887,543.3754868,543.3754868,163.1466333,380.2288535,536.4202767019995,550.3306968980005,3
ENT_US,Corporate,Logistics,2025-11,514.7106056352941,617.8319059,418.9231819000001,418.9231819000001,560.1951316999999,-141.27194979999985,168.2561373663426,669.5902264336576,3
ENT_US,Corporate,Logistics,2025-12,516.010163522857,576.9331671,422.8723816666666,422.8723816666666,442.6204476,-19.74806593333335,168.2012012541511,677.5435620791822,3
ENT_US,Marketing,Logistics,2023-03,3006.4986805500002,,3006.4986805500002,3006.4986805500002,3403.7210913999998,-397.2224108499995,2855.5524734880005,3157.444887612,2
ENT_US,Marketing,Logistics,2023-04,3138.906150833334,,3138.906150833334,3138.906150833334,3595.4554949999997,-456.54934416666583,2865.145590195634,3412.6667114710335,3
ENT_US,Marketing,Logistics,2023-05,3253.0434868750003,,3360.896212633333,3360.896212633333,2305.92032,1054.975892633333,3068.212358583648,3653.5800666830182,3
ENT_US,Marketing,Logistics,2023-06,3063.6188535,,3101.6989687999994,3101.6989687999994,4218.3445886,-1116.6456198000005,2314.3266396366166,3889.071297963382,3
ENT_US,Marketing,Logistics,2023-07,3256.0731426833336,,3373.2401345333333,3373.2401345333333,4790.4978682,-1417.2577336666668,2269.4878130788156,4476.992455987851,3
ENT_US,Marketing,Logistics,2023-08,3475.2766749,,3771.587592266667,3771.587592266667,4426.0572866,-654.4696943333333,2299.204744252595,5243.970440280738,3
ENT_US,Marketing,Logistics,2023-09,3594.1242513625,,4478.299914466667,4478.299914466667,4449.2120631,29.087851366667564,4150.550223044096,4806.049605889239,3
ENT_US,Marketing,Logistics,2023-10,3689.1340082222223,,4555.2557393,4555.2557393,4267.845042499999,287.41069680000055,4324.346497721279,4786.164980878721,3
ENT_US,Marketing,Logistics,2023-11,3747.00511165,,4381.038130733333,4381.038130733333,5298.2451519999995,-917.2070212666667,4269.337948340084,4492.7383131265815,3
ENT_US,Marketing,Logistics,2023-12,3888.0269334999994,,4671.7674191999995,4671.7674191999995,4744.285175,-72.51775580000049,4049.302295611445,5294.2325427885535,3
ENT_US,Marketing,Logistics,2024-01,3959.3817869583327,2929.4853096,4770.125123166666,4770.125123166666,2577.8843981,2192.2407250666656,4186.571673560349,5353.678572772982,3
ENT_US,Marketing,Logistics,2024-02,3853.1127570461535,3083.5120515,4206.8049083666665,4206.8049083666665,3184.767603,1022.0373053666667,2579.9834840527524,5833.62633268058,3
ENT_US,Marketing,Logistics,2024-03,3805.373817471428,3403.7210913999998,3502.3123920333333,3502.3123920333333,3130.4129227,371.8994693333334,2237.6697722087283,4766.955011857938,3
ENT_US,Marketing,Logistics,2024-04,3760.3764244866666,3595.4554949999997,2964.3549745999994,2964.3549745999994,4619.604367800001,-1655.2493932000011,2584.367235358893,3344.3427138411057,3
ENT_US,Marketing,Logistics,2024-05,3814.0781709437497,2305.92032,3644.9282978333335,3644.9282978333335,3235.8241368,409.10416103333364,2689.2507826545357,4600.605813012131,3
ENT_US,Marketing,Logistics,2024-06,3780.0632277588234,4218.3445886,3661.9471424333333,3661.9471424333333,4640.1369826,-978.1898401666667,2721.5498439340577,4602.344440932609,3
ENT_US,Marketing,Logistics,2024-07,3827.8451030277774,4790.4978682,4165.188495733334,4165.188495733334,2687.2432678,1477.945227933334,3254.337333966307,5076.0396575003615,3
ENT_US,Marketing,Logistics,2024-08,3767.8134274894737,4426.0572866,3521.0681290666666,3521.0681290666666,4944.1590536,-1423.0909245333337,2381.302952883787,4660.833305249546,3
ENT_US,Marketing,Logistics,2024-09,3826.630708795,4449.2120631,4090.5131013333335,4090.5131013333335,4635.9750789,-545.4619775666665,2704.5921146320616,5476.434088034605,3
ENT_US,Marketing,Logistics,2024-10,3865.170916895238,4267.845042499999,4089.1258001,4089.1258001,4902.3339896,-813.2081894999997,2704.2593161316,5473.9922840684,3
ENT_US,Marketing,Logistics,2024-11,3912.3146929272725,5298.2451519999995,4827.489374033333,4827.489374033333,5080.2559998,-252.76662576666695,4638.319323341244,5016.659424725422,3
ENT_US,Marketing,Logistics,2024-12,3963.094749747826,4744.285175,4872.8550227666665,4872.8550227666665,4742.511993499999,130.34302926666714,4619.824814060808,5125.8852314725245,3
ENT_US,Marketing,Logistics,2025-01,3995.5704682375,2753.68485385,4908.367327633333,4908.367327633333,4851.1697184,57.197609233332514,4717.179217220086,5099.55543804658,3
ENT_US,Marketing,Logistics,2025-02,4029.7944382439996,3134.13982725,4891.312570566667,4891.312570566667,4601.7806796,289.53189096666665,4696.208574969157,5086.416566164177,3
ENT_US,Marketing,Logistics,2025-03,4051.793909065384,3267.06700705,4731.820797166667,4731.820797166667,4608.9279855,122.8928116666666,4590.327215543851,4873.314378789483,3
ENT_US,Marketing,Logistics,2025-04,4072.4285044888884,4107.5299314,4687.2927945,4687.2927945,4812.7320275,-125.43923300000006,4526.642502613422,4847.943086386578,3
ENT_US,Marketing,Logistics,2025-05,4098.867916024999,2770.8722284,4674.480230866667,4674.480230866667,3557.4529122,1117.0273186666668,4538.933132002551,4810.027329730782,3
ENT_US,Marketing,Logistics,2025-06,4080.198433134482,4429.2407856,4326.370975066667,4326.370975066667,3811.2063469,515.1646281666667,3564.0592487644535,5088.68270136888,3
ENT_US,Marketing,Logistics,2025-07,4071.232030259999,3738.8705680000003,4060.4637622000005,4060.4637622000005,3912.1939472,148.26981500000056,3309.3903653103434,4811.5371590896575,3
ENT_US,Marketing,Logistics,2025-08,4066.101769516128,4685.1081701,3760.2844021,3760.2844021,5037.1404806,-1276.8560785,3553.4600240867903,3967.10878011321,3
ENT_US,Marketing,Logistics,2025-09,4096.4467292375,4542.593570999999,4253.513591566666,4253.513591566666,4054.3463300000003,199.16726156666573,3483.4364759867485,5023.590707146584,3
ENT_US,Marketing,Logistics,2025-10,4095.1709595636366,4585.0895160499995,4334.5602526,4334.5602526,3229.0377866999997,1105.5224659000005,3641.3498259745284,5027.770679225472,3
ENT_US,Marketing,Logistics,2025-11,4069.6964544794123,5189.2505759,4106.841532433333,4106.841532433333,4786.2642496,-679.4227171666671,3082.5184245649807,5131.164640301685,3
ENT_US,Marketing,Logistics,2025-12,4090.1698200542864,4743.39858425,4023.2161221,4023.2161221,4656.1455714,-632.9294493000002,3141.6043008984875,4904.827943301512,3
ENT_US,Operations,Logistics,2023-03,4550.00432645,,4550.00432645,4550.00432645,3902.1292126,647.8751138500002,618.7091789639999,8481.299473936,2
ENT_US,Operations,Logistics,2023-04,4334.045955166667,,4334.045955166667,4334.045955166667,5972.966123499999,-1638.9201683333322,2025.180767247065,6642.9111430862695,3
ENT_US,Operations,Logistics,2023-05,4743.77599725,,4139.778944066667,4139.778944066667,3923.630406,216.14853806666633,2185.8656400504806,6093.6922480828525,3
ENT_US,Operations,Logistics,2023-06,4579.746879,,4599.575247366666,4599.575247366666,5115.9778397,-516.4025923333338,3253.5972097443187,5945.553284989013,3
ENT_US,Operations,Logistics,2023-08,4669.118705783333,,5004.1914564,5004.1914564,6884.8926425,-1880.7011861,3839.5069845503467,6168.875928249653,3
ENT_US,Operations,Logistics,2023-09,4985.6578395999995,,5308.166962733333,5308.166962733333,7792.039738500001,-2483.8727757666675,3622.1222219719093,6994.211703494757,3
ENT_US,Operations,Logistics,2023-10,5336.4555769625,,6597.6367402333335,6597.6367402333335,8099.542584499999,-1501.9058442666656,5057.564828213864,8137.708652252803,3
ENT_US,Operations,Logistics,2023-11,5643.465244466667,,7592.158321833333,7592.158321833333,8457.361428,-865.2031061666676,6877.534638177692,8306.782005488974,3
ENT_US,Operations,Logistics,2023-12,5924.854862820001,,8116.314583666666,8116.314583666666,9209.057675,-1092.7430913333337,7739.514736218034,8493.114431115298,3
ENT_US,Operations,Logistics,2024-01,6223.418754836364,6555.7671568000005,8588.653895833333,8588.653895833333,1392.2408159,7196.413079933333,7947.836581192513,9229.471210474154,3
ENT_US,Operations,Logistics,2024-02,5820.820593258334,2544.2414961,6352.886639633333,6352.886639633333,7410.113784,-1057.2271443666668,1472.8845524727403,11232.888726793926,3
ENT_US,Operations,Logistics,2024-03,5943.073915623078,3902.1292126,6003.804091633334,6003.804091633334,4419.2687872999995,1584.5353043333344,1371.2694688644242,10636.338714402244,3
ENT_US,Operations,Logistics,2024-04,5834.230692171429,5972.966123499999,4407.207795733333,4407.207795733333,8789.3071838,-4382.0993880666665,1002.2551138880153,7812.160477578651,3
ENT_US,Operations,Logistics,2024-05,6031.235791613334,3923.630406,6872.896585033333,6872.896585033333,5560.3226016,1312.5739834333335,4344.886428226257,9400.90674184041,3
ENT_US,Operations,Logistics,2024-06,6001.803717237501,5115.9778397,6256.299524233334,6256.299524233334,8047.547084700001,-1791.247560466667,3691.369903133254,8821.229145333413,3
ENT_US,Operations,Logistics,2024-07,6122.141562382353,,7465.725623366667,7465.725623366667,7086.3227108,379.4029125666666,5551.847255245173,9379.60399148816,3
ENT_US,Operations,Logistics,2024-08,6175.70718173889,6884.8926425,6898.064132366667,6898.064132366667,7896.9276916,-998.863559233333,5478.742443443854,8317.38582128948,3
ENT_US,Operations,Logistics,2024-09,6266.297734889474,7792.039738500001,7676.9324957,7676.9324957,8922.7234139,-1245.7909181999994,7091.894669061564,8261.970322338435,3
ENT_US,Operations,Logistics,2024-10,6399.11901884,8099.542584499999,7968.657938766667,7968.657938766667,8637.316637,-668.6586982333329,6927.241240287133,9010.0746372462,3
ENT_US,Operations,Logistics,2024-11,6505.6998578,8457.361428,8485.655914166668,8485.655914166668,9236.098621199999,-750.4427070333313,7886.529355244503,9084.782473088831,3
ENT_US,Operations,Logistics,2024-12,6629.808892499999,9209.057675,8932.046224033333,8932.046224033333,8294.4242844,637.6219396333327,8593.130253693747,9270.962194372918,3
ENT_US,Operations,Logistics,2025-01,6702.183474756522,3974.00398635,8722.613180866667,8722.613180866667,7516.972828799999,1205.6403520666681,8183.2934221932555,9261.932939540078,3
ENT_US,Operations,Logistics,2025-02,6736.133031174999,4977.17764005,8349.1652448,8349.1652448,5879.466601,2469.6986438000004,7375.000023823335,9323.330465776666,3
ENT_US,Operations,Logistics,2025-03,6701.866373967999,4160.69899995,7230.287904733334,7230.287904733334,5812.3031085,1417.9847962333333,5835.311994567745,8625.26381489892,3
ENT_US,Operations,Logistics,2025-04,6667.65240221923,7381.136653649999,6402.914179433334,6402.914179433334,3950.2516525,2452.6625269333335,5310.47555026503,7495.352808601638,3
ENT_US,Operations,Logistics,2025-05,6567.007930007407,4741.9765038000005,5214.007120666666,5214.007120666666,9262.8987284,-4048.8916077333333,3974.9438859156985,6453.070355417634,3
ENT_US,Operations,Logistics,2025-06,6663.289744235713,6581.7624622,6341.817829799999,6341.817829799999,8214.258468600001,-1872.4406388000016,3291.441483349897,9392.194176250101,3
ENT_US,Operations,Logistics,2025-07,6716.771424386206,7086.3227108,7142.4696165,7142.4696165,6050.3859354999995,1092.083681,3958.3284644058335,10326.610768594166,3
ENT_US,Operations,Logistics,2025-08,6694.558574756666,7390.91016705,7842.5143775,7842.5143775,8688.177412,-845.6630344999994,5988.714621859672,9696.314133140328,3
ENT_US,Operations,Logistics,2025-09,6758.868859829031,8357.3815762,7650.940605366665,7650.940605366665,7852.885768,-201.9451626333348,6059.642195070593,9242.239015662739,3
ENT_US,Operations,Logistics,2025-10,6793.056888209375,8368.42961075,7530.4830385,7530.4830385,6699.726018900001,830.7570195999988,6004.934900299825,9056.031176700175,3
ENT_US,Operations,Logistics,2025-11,6790.228680048484,8846.7300246,7746.929732966666,7746.929732966666,8347.3076163,-600.3778833333345,6617.075867058343,8876.783598874988,3
ENT_US,Operations,Logistics,2025-12,6836.02511935,8751.7409797,7633.306467733334,7633.306467733334,3689.5316307,3943.7748370333343,6676.5851250839405,8590.027810382728,3
ENT_US,R&D,Logistics,2023-03,278.97999070000003,,278.97999070000003,278.97999070000003,561.1506062000001,-282.17061550000005,26.685879512000014,531.274101888,2
ENT_US,R&D,Logistics,2023-04,373.03686253333336,,373.03686253333336,373.03686253333336,567.5321145,-194.49525196666667,138.08388093990828,607.9898441267585,3
ENT_US,R&D,Logistics,2023-06,421.66067552500004,,426.3137420333334,426.3137420333334,559.7871725,-133.47343046666657,155.75551628426172,696.8719677824051,3
ENT_US,R&D,Logistics,2023-07,449.28597492000006,,562.8232977333333,562.8232977333333,648.1603901999999,-85.3370924666666,558.1446207156215,567.5019747510452,3
ENT_US,R&D,Logistics,2023-08,482.4317108,,591.8265590666666,591.8265590666666,396.1012475,195.72531156666662,536.4457607015759,647.2073574317574,3
ENT_US,R&D,Logistics,2023-09,470.0987874714286,,534.6829367333333,534.6829367333333,595.2131822000001,-60.53024546666677,389.96059338173023,679.4052800849365,3
ENT_US,R&D,Logistics,2023-10,485.7380868125,,546.4916066333334,546.4916066333334,338.7476345,207.7439721333334,396.0951951260522,696.8880181406146,3
ENT_US,R&D,Logistics,2023-11,469.4058143333334,,443.3540214,443.3540214,593.619028,-150.26500659999994,291.0351472598209,595.6728955401791,3
ENT_US,R&D,Logistics,2023-12,481.82713570000004,,509.1932815666667,509.1932815666667,643.275975,-134.0826934333333,342.1541121753612,676.2324509579722,3
ENT_US,R&D,Logistics,2024-01,496.50430290909094,407.701476,525.2142125,525.2142125,599.2574415,-74.043229,340.3296810357008,710.0987439642993,3
ENT_US,R&D,Logistics,2024-02,505.06706445833333,150.2585054,612.0508148333333,612.0508148333333,515.749977,96.30083783333339,581.2843104550833,642.8173192115834,3
ENT_US,R&D,Logistics,2024-03,505.8888269615384,561.1506062000001,586.0944645,586.0944645,405.9422965,180.15216799999996,512.7958100262875,659.3931189737124,3
ENT_US,R&D,Logistics,2024-04,498.74978907142855,567.5321145,506.98323833333325,506.98323833333325,596.3176604,-89.33442206666678,397.26800020054105,616.6984764661254,3
ENT_US,R&D,Logistics,2024-05,505.25431382666665,,506.00331129999995,506.00331129999995,610.9368936000001,-104.93358230000013,397.86563377847426,614.1409888215256,3
ENT_US,R&D,Logistics,2024-07,511.8594750625,648.1603901999999,537.7322835,537.7322835,609.8698983,-72.13761480000005,408.31349191064464,667.1510750893553,3
ENT_US,R&D,Logistics,2024-08,517.6247940764706,396.1012475,605.7081507666667,605.7081507666667,647.9605864,-42.252435633333334,596.4856893520117,614.9306121813216,3
ENT_US,R&D,Logistics,2024-09,524.8656714277778,595.2131822000001,622.9224594333333,622.9224594333333,608.0927382,14.829721233333316,598.3776693933385,647.4672494733281,3
ENT_US,R&D,Logistics,2024-10,529.2460433631579,338.7476345,621.9744076333333,621.9744076333333,634.6640441999999,-12.68963656666665,596.488109030254,647.4607062364125,3
ENT_US,R&D,Logistics,2024-11,534.5169434050001,593.619028,630.2391229333333,630.2391229333333,601.1196732,29.11944973333334,607.268729128852,653.2095167378146,3
ENT_US,R&D,Logistics,2024-12,537.6885019666668,643.275975,614.6254851999998,614.6254851999998,596.8026590999999,17.82282609999993,594.595289070833,634.6556813291667,3
ENT_US,R&D,Logistics,2025-01,540.375509109091,503.47945875000005,610.8621254999999,610.8621254999999,578.08944,32.772685499999966,587.4087058495315,634.3155451504683,3
ENT_US,R&D,Logistics,2025-02,542.0152452347827,333.00424119999997,592.0039241,592.0039241,567.8593913000001,24.144532799999865,578.1506934831511,605.8571547168488,3
ENT_US,R&D,Logistics,2025-03,543.0920846541667,483.54645135000004,580.9171634666667,580.9171634666667,540.7971885000001,40.11997496666663,564.3081552799373,597.5261716533961,3
ENT_US,R&D,Logistics,2025-04,543.000288808,581.92488745,562.2486732666667,562.2486732666667,575.6932575,-13.444584233333217,540.4439302521646,584.0534162811689,3
ENT_US,R&D,Logistics,2025-05,544.2577106807693,610.9368936000001,561.4499457666667,561.4499457666667,247.51120259999996,313.93874316666677,540.7305840091327,582.1693075242007,3
ENT_US,R&D,Logistics,2025-06,533.2670992703704,559.7871725,454.6672162,454.6672162,524.1186161,-69.45139990000007,250.69645205894545,658.6379803410546,3
ENT_US,R&D,Logistics,2025-07,532.9403677285715,629.01514425,449.10769206666663,449.10769206666663,565.019917,-115.91222493333333,249.39967554498975,648.8157085883436,3
ENT_US,R&D,Logistics,2025-08,534.0465590827587,522.03091695,445.5499118999999,445.5499118999999,570.7281606,-125.1782487000001,250.09710121021735,641.0027225897825,3
ENT_US,R&D,Logistics,2025-09,535.2692791333334,601.6529602,553.2888979,553.2888979,462.34255199999996,90.9463459000001,524.5201522242807,582.0576435757195,3
ENT_US,R&D,Logistics,2025-10,532.9168040645161,486.70583934999996,532.6968765333332,532.6968765333332,558.5873055,-25.89042896666672,463.6740334112878,601.7197196553788,3
ENT_US,R&D,Logistics,2025-11,533.719007234375,597.3693506,530.5526727,530.5526727,318.8599593,211.6927134,463.35472212932257,597.7506232706775,3
ENT_US,R&D,Logistics,2025-12,527.2081269939393,620.0393170499999,446.5966056,446.5966056,490.90266149999997,-44.30605589999999,310.0831508269971,583.1100603730029,3
ENT_US,Sales,Logistics,2023-03,11634.72320285,,11634.72320285,11634.72320285,7701.1674596,3933.55574325,9589.805791152,13679.640614548,2
ENT_US,Sales,Logistics,2023-04,10323.5379551,,10323.5379551,10323.5379551,10212.285469499999,111.25248560000182,7495.393615418889,13151.682294781112,3
ENT_US,Sales,Logistics,2023-05,10295.7248337,,10197.167114,10197.167114,9640.105798,557.0613159999994,7381.192650305845,13013.141577694154,3
ENT_US,Sales,Logistics,2023-06,10164.60102656,,9184.5195757,9184.5195757,10512.9400361,-1328.4204604000006,7695.221549735623,10673.817601664377,3
ENT_US,Sales,Logistics,2023-07,10222.657528149999,,10121.7771012,10121.7771012,13322.483841,-3200.7067398,9620.022555862246,10623.531646537753,3
ENT_US,Sales,Logistics,2023-08,10665.48985855714,,11158.5098917,11158.5098917,9019.5797613,2138.9301304,8981.072110880868,13335.94767251913,3
ENT_US,Sales,Logistics,2023-09,10459.7510964,,10951.667879466666,10951.667879466666,13314.0195695,-2362.3516900333343,8479.397016645918,13423.938742287413,3
ENT_US,Sales,Logistics,2023-10,10776.892037855556,,11885.361057266666,11885.361057266666,3420.1731004999997,8465.187956766666,9076.891303925466,14693.830810607866,3
ENT_US,Sales,Logistics,2023-11,10041.22014412,,8584.590810433334,8584.590810433334,9468.571285999999,-883.9804755666646,2970.4125479937675,14198.7690728729,3
ENT_US,Sales,Logistics,2023-12,9989.161157018183,,8734.254652,8734.254652,15806.550000000001,-7072.2953480000015,3090.2186072009526,14378.290696799046,3
ENT_US,Sales,Logistics,2024-01,10473.9435606,10591.3979928,9565.098128833333,9565.098128833333,12924.7289595,-3359.630830666667,2556.207258303235,16573.98899936343,3
ENT_US,Sales,Logistics,2024-02,10662.465514361538,12678.0484129,12733.283415166667,12733.283415166667,14460.232734,-1726.9493188333327,9142.329818276203,16324.23701205713,3
ENT_US,Sales,Logistics,2024-03,10933.73460147857,7701.1674596,14397.170564499998,14397.170564499998,14305.058814,92.11175049999838,12765.456043972821,16028.885085027176,3
ENT_US,Sales,Logistics,2024-04,11158.489548979998,10212.285469499999,13896.6735025,13896.6735025,16219.951550100002,-2323.2780476000025,12940.129990458798,14853.217014541202,3
ENT_US,Sales,Logistics,2024-05,11474.83092405,9640.105798,14995.081032700002,14995.081032700002,16358.028771199999,-1362.9477384999973,13791.501343106018,16198.660722293986,3
ENT_US,Sales,Logistics,2024-06,11762.077856235295,10512.9400361,15627.679711766667,15627.679711766667,15946.522711200001,-318.8429994333346,14329.158948677104,16926.20047485623,3
ENT_US,Sales,Logistics,2024-07,11994.547014844446,13322.483841,16174.834344166668,16174.834344166668,14293.0764561,1881.7578880666679,15937.841837371698,16411.826850961636,3
ENT_US,Sales,Logistics,2024-08,12115.522248594738,9019.5797613,15532.542646166665,15532.542646166665,16359.788174800002,-827.245528633337,14295.752290563969,16769.333001769362,3
ENT_US,Sales,Logistics,2024-09,12327.735544905001,13314.0195695,15533.129114033334,15533.129114033334,14772.1709115,760.9582025333348,14295.586587662634,16770.671640404034,3
ENT_US,Sales,Logistics,2024-10,12444.137229028573,3420.1731004999997,15141.678514133333,15141.678514133333,14280.721249,860.9572651333328,13917.540572823906,16365.81645544276,3
ENT_US,Sales,Logistics,2024-11,12527.618320845457,9468.571285999999,15137.560111766667,15137.560111766667,16348.2780294,-1210.7179176333339,13907.924065287167,16367.196158246166,3
ENT_US,Sales,Logistics,2024-12,12693.733960347827,15806.550000000001,15133.723396633335,15133.723396633335,16689.5560896,-1555.8326929666637,13911.411331487407,16356.035461779264,3
ENT_US,Sales,Logistics,2025-01,12860.226549066667,11758.06347615,15772.851789333334,15772.851789333334,13563.082703999999,2209.769085333335,14297.869705758212,17247.833872908457,3
ENT_US,Sales,Logistics,2025-02,12888.340795264,13569.14057345,15533.638941,15533.638941,7178.202000700001,8355.436940299998,13592.863940482444,17474.413941517552,3
ENT_US,Sales,Logistics,2025-03,12668.720072396154,11003.1131368,12476.946931433333,12476.946931433333,9152.8923915,3324.054539933333,6991.13692890949,17962.756933957175,3
ENT_US,Sales,Logistics,2025-04,12538.504232362962,13216.1185098,9964.725698733333,9964.725698733333,14725.157492500002,-4760.431793766669,6265.5698374531485,13663.881560013517,3
ENT_US,Sales,Logistics,2025-05,12616.598991653571,12999.0672846,10352.083961566668,10352.083961566668,15741.07758,-5388.993618433331,5923.224138040356,14780.94378509298,3
ENT_US,Sales,Logistics,2025-06,12724.339632631032,13229.73137365,13206.375821333333,13206.375821333333,15392.1386668,-2185.7628454666665,9192.589745483601,17220.161897183065,3
ENT_US,Sales,Logistics,2025-07,12813.26626710333,13807.780148549999,15286.124579766665,15286.124579766665,16631.4796375,-1345.3550577333353,14702.000025411231,15870.2491341221,3
ENT_US,Sales,Logistics,2025-08,12936.434440341935,12689.683968050002,15921.565294766668,15921.565294766668,13901.6559108,2019.9093839666675,15198.378084078786,16644.752505454548,3
ENT_US,Sales,Logistics,2025-09,12966.59761129375,14043.095240499999,15308.424738366666,15308.424738366666,13490.480108000002,1817.9446303666646,13761.704297866681,16855.145178866653,3
ENT_US,Sales,Logistics,2025-10,12982.472838466667,8850.44717475,14674.5385521,14674.5385521,7734.7557288,6939.782823300001,12742.677004847481,16606.40009935252,3
ENT_US,Sales,Logistics,2025-11,12828.128217594118,12908.4246577,11708.963915866669,11708.963915866669,13142.6608341,-1433.6969182333305,7807.297767540005,15610.630064193332,3
ENT_US,Sales,Logistics,2025-12,12837.11486378,16248.053044799999,11455.965556966667,11455.965556966667,8603.2115128,2852.754044166666,7803.873743712744,15108.05737022059,3
ENT_EU,Corporate,Professional Services,2023-03,2327.990394,,2327.990394,2327.990394,1254.83,1073.160394,2270.0927662400004,2385.8880217599994,2
ENT_EU,Corporate,Professional Services,2023-04,1970.2702626666667,,1970.2702626666667,1970.2702626666667,1968.63,1.6402626666665583,1268.3424180786656,2672.198107254668,3
ENT_EU,Corporate,Professional Services,2023-05,1969.860197,,1860.33,1860.33,2455.9700000000003,-595.6400000000003,1227.4558536949598,2493.20414630504,3
ENT_EU,Corporate,Professional Services,2023-06,2067.0821576000003,,1893.1433333333334,1893.1433333333334,1880.5913112,12.552022133333367,1209.5199812521712,2576.7666854144954,3
ENT_EU,Corporate,Professional Services,2023-07,2036.0003498666667,,2101.7304370666666,2101.7304370666666,2579.6340886,-477.90365153333323,1751.0201173295372,2452.440756803796,3
ENT_EU,Corporate,Professional Services,2023-08,2113.6623125428573,,2305.3984666,2305.3984666,2909.1494574,-603.7509907999997,1883.2484977791275,2727.5484354208725,3
ENT_EU,Corporate,Professional Services,2023-09,2213.0982056499997,,2456.458285733333,2456.458285733333,2334.81,121.64828573333307,1862.1093065933928,3050.807264873273,3
ENT_EU,Corporate,Professional Services,2023-10,2226.6217383555554,,2607.864515333333,2607.864515333333,2311.4300000000003,296.4345153333329,2281.7258338657703,2934.003196800896,3
ENT_EU,Corporate,Professional Services,2023-11,2235.1025645199998,,2518.463152466667,2518.463152466667,2203.213144,315.25000846666717,2135.362115774307,2901.564189159027,3
ENT_EU,Corporate,Professional Services,2023-12,2232.203526290909,,2283.1510479999997,2283.1510479999997,2445.6524,-162.50135200000022,2203.702860640385,2362.5992353596143,3
ENT_EU,Corporate,Professional Services,2024-01,2249.9909324333335,2298.450788,2320.0985146666667,2320.0985146666667,2411.305066,-91.20655133333321,2182.6627911607898,2457.5342381725436,3
ENT_EU,Corporate,Professional Services,2024-02,2262.3997119384617,2357.5299999999997,2353.3902033333334,2353.3902033333334,2472.27,-118.8797966666666,2204.939139560863,2501.8412671058036,3
ENT_EU,Corporate,Professional Services,2024-03,2277.3904468,1254.83,2443.0758220000002,2443.0758220000002,2435.3,7.775822000000062,2408.48936743388,2477.6622765661205,3
ENT_EU,Corporate,Professional Services,2024-04,2287.9177503466667,1968.63,2439.6250219999997,2439.6250219999997,2488.1708791,-48.545857100000376,2404.8714316107357,2474.3786123892637,3
ENT_EU,Corporate,Professional Services,2024-05,2300.4335708937497,2455.9700000000003,2465.2469597,2465.2469597,2306.58,158.6669597,2434.550898628309,2495.943020771691,3
ENT_EU,Corporate,Professional Services,2024-06,2300.7951255470584,1880.5913112,2410.0169597,2410.0169597,2456.32,-46.30304030000025,2304.3268731574162,2515.7070462425836,3
ENT_EU,Corporate,Professional Services,2024-07,2309.43539635,2579.6340886,2417.0236263666666,2417.0236263666666,1681.2284824,735.7951439666665,2307.2988328043966,2526.7484199289365,3
ENT_EU,Corporate,Professional Services,2024-08,2276.3718745631577,2909.1494574,2148.0428274666665,2148.0428274666665,2401.5690536,-253.5262261333337,1682.7856674532634,2613.29998748007,3
ENT_EU,Corporate,Professional Services,2024-09,2282.631733515,2334.81,2179.7058453333334,2179.7058453333334,2472.17,-292.4641546666667,1690.216786389015,2669.194904277652,3
ENT_EU,Corporate,Professional Services,2024-10,2291.657365252381,2311.4300000000003,2184.9891786666667,2184.9891786666667,1613.71,571.2791786666667,1689.6902204241017,2680.288136909232,3
ENT_EU,Corporate,Professional Services,2024-11,2260.8415759227273,2203.213144,2162.4830178666666,2162.4830178666666,723.97,1438.5130178666666,1623.2039477883072,2701.762087945026,3
ENT_EU,Corporate,Professional Services,2024-12,2194.021072621739,2445.6524,1603.2833333333335,1603.2833333333335,2500.83,-897.5466666666664,614.093290513375,2592.473376153292,3
ENT_EU,Corporate,Professional Services,2025-01,2206.804777929167,2354.877927,1612.8366666666668,1612.8366666666668,1881.9299999999998,-269.093333333333,607.4831150370102,2618.1902182963236,3
ENT_EU,Corporate,Professional Services,2025-03,2193.8097868120003,1845.065,1702.243333333333,1702.243333333333,2303.5301045,-601.286771166667,681.5848437117794,2722.901822954887,3
ENT_EU,Corporate,Professional Services,2025-04,2198.0297990307695,2228.40043955,2228.7633681666666,2228.7633681666666,2418.928165,-190.16479683333318,1871.004123532226,2586.5226128011072,3
ENT_EU,Corporate,Professional Services,2025-05,2206.2112199925928,2381.275,2201.4627564999996,2201.4627564999996,2423.500978,-222.03822150000042,1881.5860628045068,2521.339450195492,3
ENT_EU,Corporate,Professional Services,2025-06,2213.971568492857,2168.4556556000002,2381.9864158333335,2381.9864158333335,1429.56,952.4264158333335,2305.05571052197,2458.917121144697,3
ENT_EU,Corporate,Professional Services,2025-07,2186.922893717241,2130.4312855,2090.6630476666664,2090.6630476666664,714.89,1375.7730476666666,1442.7768947580557,2738.549200575277,3
ENT_EU,Corporate,Professional Services,2025-08,2137.8551305933333,2655.3592555,1522.650326,1522.650326,2374.31,-851.659674,551.6176996916926,2493.6829523083074,3
ENT_EU,Corporate,Professional Services,2025-09,2145.482707025806,2403.49,1506.2533333333333,1506.2533333333333,2477.2674558,-971.0141224666665,564.3446234738598,2448.162043192807,3
ENT_EU,Corporate,Professional Services,2025-10,2155.8509804249998,1962.5700000000002,1855.4891519333332,1855.4891519333332,1673.5638304000001,181.9253215333331,736.1850626099178,2974.793241256749,3
ENT_EU,Corporate,Professional Services,2025-11,2141.23621830303,1463.5915719999998,2175.0470953999998,2175.0470953999998,2463.85,-288.80290460000015,1680.1530359401454,2669.941154859854,3
ENT_EU,Corporate,Professional Services,2025-12,2150.7248589411765,2473.2412,2204.893762066667,2204.893762066667,2511.4,-306.50623793333307,1684.1350904785522,2725.652433654782,3
ENT_EU,Marketing,Professional Services,2023-03,867.925,,867.925,867.925,696.77,171.15499999999997,213.96120000000008,1521.8887999999997,2
ENT_EU,Marketing,Professional Services,2023-04,810.8733333333333,,810.8733333333333,810.8733333333333,1394.2620458,-583.3887124666666,417.09647657845613,1204.6501900882106,3
ENT_EU,Marketing,Professional Services,2023-05,956.72051145,,875.1006819333334,875.1006819333334,1174.7993885,-299.6987065666667,358.0816173867273,1392.1197464799393,3
ENT_EU,Marketing,Professional Services,2023-06,1000.3362868600001,,1088.6104781,1088.6104781,1196.83,-108.21952190000002,685.0294158063073,1492.1915403936925,3
ENT_EU,Marketing,Professional Services,2023-07,1033.0852390500002,,1255.2971447666666,1255.2971447666666,844.6299999999999,410.66714476666675,1118.5422746861104,1392.0520148472228,3
ENT_EU,Marketing,Professional Services,2023-08,1006.1630620428572,,1072.0864628333331,1072.0864628333331,706.23,365.8564628333331,848.8308797338605,1295.3420459328058,3
ENT_EU,Marketing,Professional Services,2023-09,968.6714292874999,,915.8966666666665,915.8966666666665,278.26,637.6366666666665,629.6621844268234,1202.1311489065097,3
ENT_EU,Marketing,Professional Services,2023-10,891.9590482555554,,609.7066666666666,609.7066666666666,1249.6501116,-639.9434449333334,275.583077213396,943.8302561199372,3
ENT_EU,Marketing,Professional Services,2023-11,927.7281545899999,,744.7133705333332,744.7133705333332,1352.856813,-608.1434424666669,193.80526910233243,1295.621471964334,3
ENT_EU,Marketing,Professional Services,2023-12,966.3762144454545,,960.2556415333333,960.2556415333333,1212.75,-252.49435846666665,289.3537711122269,1631.1575119544398,3
ENT_EU,Marketing,Professional Services,2024-01,986.9073632416666,1201.58,1271.7523082,1271.7523082,1204.3899999999999,67.36230820000014,1189.5735175552943,1353.9310988447057,3
ENT_EU,Marketing,Professional Services,2024-02,1003.6367968384615,534.27,1256.6656043333335,1256.6656043333335,1197.75,58.91560433333348,1162.2796214236487,1351.0515872430183,3
ENT_EU,Marketing,Professional Services,2024-03,1017.5020256357142,696.77,1204.9633333333334,1204.9633333333334,875.5799999999999,329.38333333333344,1196.4577061282937,1213.468960538373,3
ENT_EU,Marketing,Professional Services,2024-04,1008.0405572599999,1394.2620458,1092.5733333333333,1092.5733333333333,1249.03,-156.4566666666667,879.886682515835,1305.2599841508315,3
ENT_EU,Marketing,Professional Services,2024-05,1023.10239743125,1174.7993885,1107.4533333333331,1107.4533333333331,1249.5544792,-142.1011458666669,878.3726182868577,1336.5340483798086,3
ENT_EU,Marketing,Professional Services,2024-06,1036.4231081235293,1196.83,1124.7214930666667,1124.7214930666667,938.1500000000001,186.57149306666656,880.5626495242086,1368.8803366091247,3
ENT_EU,Marketing,Professional Services,2024-07,1030.9634910055556,844.6299999999999,1145.5781597333332,1145.5781597333332,597.78,547.7981597333333,942.2983465921898,1348.8579728744767,3
ENT_EU,Marketing,Professional Services,2024-08,1008.1643599,706.23,928.4948264000001,928.4948264000001,845.53,82.9648264000001,559.5973297205971,1297.392323079403,3
ENT_EU,Marketing,Professional Services,2024-09,1000.032641905,278.26,793.82,793.82,820.3005848,-26.480584799999974,594.6817580375549,992.9582419624452,3
ENT_EU,Marketing,Professional Services,2024-10,991.4739725190475,1249.6501116,754.5368616,754.5368616,850.44,-95.9031384000001,600.2533350885471,908.8203881114528,3
ENT_EU,Marketing,Professional Services,2024-11,985.0633374045453,1352.856813,838.7568616,838.7568616,1208.1999999999998,-369.44313839999984,820.4576034931764,857.0561197068236,3
ENT_EU,Marketing,Professional Services,2024-12,994.7649314304347,1212.75,959.6468615999999,959.6468615999999,1311.9,-352.25313840000024,715.4685831257306,1203.8251400742693,3
ENT_EU,Marketing,Professional Services,2025-01,1007.9788926208333,1202.985,1123.5133333333333,1123.5133333333333,306.7830528,816.7302805333334,849.5448573983252,1397.4818092683413,3
ENT_EU,Marketing,Professional Services,2025-02,979.931059028,866.01,942.2943509333332,942.2943509333332,1289.1089086000002,-346.81455766666693,316.7355686256549,1567.8531332410116,3
ENT_EU,Marketing,Professional Services,2025-03,991.8225147807692,786.175,969.2639871333334,969.2639871333334,1217.62,-248.35601286666645,319.9046187515004,1618.6233555151666,3
ENT_EU,Marketing,Professional Services,2025-04,1000.1853846037037,1321.6460229,937.8373204666667,937.8373204666667,921.2984615999999,16.53885886666683,318.0827763889549,1557.5918645443785,3
ENT_EU,Marketing,Professional Services,2025-05,997.3679944964285,1212.17693385,1142.6757900666667,1142.6757900666667,1276.1799999999998,-133.5042099333332,921.9875443804126,1363.3640357529207,3
ENT_EU,Marketing,Professional Services,2025-06,1006.9822015827585,1067.49,1138.3661538666665,1138.3661538666665,1246.8370081,-108.47085423333351,923.0749096261549,1353.657398107178,3
ENT_EU,Marketing,Professional Services,2025-07,1014.9773617999999,721.2049999999999,1148.1051565666667,1148.1051565666667,878.71,269.3951565666666,925.2154064787748,1370.9949066545585,3
ENT_EU,Marketing,Professional Services,2025-08,1010.5816404516128,775.88,1133.9090027,1133.9090027,839.01,294.8990027,883.2635185408815,1384.5544868591185,3
ENT_EU,Marketing,Professional Services,2025-09,1005.2200266875,549.2802924,988.1856693666668,988.1856693666668,1134.1100000000001,-145.92433063333328,733.7140332679683,1242.6573054653654,3
ENT_EU,Marketing,Professional Services,2025-10,1009.1257834545454,1050.0450558,950.61,950.61,1226.31,-275.69999999999993,769.3825521745302,1131.8374478254698,3
ENT_EU,Marketing,Professional Services,2025-11,1015.5135545294116,1280.5284065,1066.4766666666667,1066.4766666666667,1259.8899999999999,-193.41333333333318,837.5366314046405,1295.4167019286929,3
ENT_EU,Marketing,Professional Services,2025-12,1022.4957386857142,1262.325,1206.77,1206.77,917.81,288.96000000000004,1133.0719948499736,1280.4680051500263,3
ENT_EU,Operations,Professional Services,2023-03,1264.2680074,,1264.2680074,1264.2680074,1390.05,-125.78199259999997,777.8901019040002,1750.6459128959998,2
ENT_EU,Operations,Professional Services,2023-04,1306.1953382666668,,1306.1953382666668,1306.1953382666668,1475.5371095,-169.34177123333325,1013.6075023109577,1598.783174222376,3
ENT_EU,Operations,Professional Services,2023-05,1348.530781075,,1459.3357031666667,1459.3357031666667,1231.91285,227.42285316666675,1388.3011965122419,1530.3702098210915,3
ENT_EU,Operations,Professional Services,2023-06,1325.20719486,,1365.8333198333332,1365.8333198333332,988.6800000000001,377.15331983333317,1225.9618519823334,1505.704787684333,3
ENT_EU,Operations,Professional Services,2023-07,1269.11932905,,1232.0433198333333,1232.0433198333333,771.253189,460.79013083333325,956.5779485972078,1507.5086910694588,3
ENT_EU,Operations,Professional Services,2023-08,1197.995594757143,,997.282013,997.282013,841.3905806,155.89143239999999,736.5029835566608,1258.0610424433394,3
ENT_EU,Operations,Professional Services,2023-09,1153.4199679875,,867.1079232000001,867.1079232000001,1548.5043446,-681.3964213999999,741.5320176458396,992.6838287541606,3
ENT_EU,Operations,Professional Services,2023-10,1197.3182320555557,,1053.7160380666667,1053.7160380666667,1521.4305451,-467.71450703333335,567.2023251840906,1540.2297509492428,3
ENT_EU,Operations,Professional Services,2023-11,1229.72946336,,1303.7751567666667,1303.7751567666667,1472.2000000000003,-168.4248432333336,850.379423488832,1757.1708900445014,3
ENT_EU,Operations,Professional Services,2023-12,1251.772239418182,,1514.0449632333336,1514.0449632333336,1443.430375,70.61458823333373,1470.2692160582367,1557.8207104084306,3
ENT_EU,Operations,Professional Services,2024-01,1267.7437507166667,1016.1160148,1479.0203067000002,1479.0203067000002,1504.4624108,-25.442104099999824,1434.3842873690214,1523.656326030979,3
ENT_EU,Operations,Professional Services,2024-02,1285.9528784153847,1512.4199999999998,1473.3642619333334,1473.3642619333334,1539.15,-65.78573806666668,1438.8132925048321,1507.9152313618347,3
ENT_EU,Operations,Professional Services,2024-03,1304.0383871000001,1390.05,1495.6809286,1495.6809286,1461.85,33.83092860000011,1440.8429741674906,1550.5188830325094,3
ENT_EU,Operations,Professional Services,2024-04,1314.5591612933335,1475.5371095,1501.8208036000003,1501.8208036000003,795.29,706.5308036000004,1458.007663315105,1545.6339438848956,3
ENT_EU,Operations,Professional Services,2024-05,1282.1048387125,1231.91285,1265.43,1265.43,1011.4549582999999,253.97504170000013,802.6215547776021,1728.238445222398,3
ENT_EU,Operations,Professional Services,2024-06,1266.1842575117646,988.6800000000001,1089.5316527666666,1089.5316527666666,1458.44,-368.9083472333334,704.7063354498503,1474.356970083483,3
ENT_EU,Operations,Professional Services,2024-07,1276.8651320944443,771.253189,1088.3949860999999,1088.3949860999999,330.67,757.7249860999998,705.6813647159402,1471.1086074840596,3
ENT_EU,Operations,Professional Services,2024-08,1227.0653882999998,841.3905806,933.5216527666666,933.5216527666666,1476.9,-543.3783472333334,290.8712634428947,1576.1720420904385,3
ENT_EU,Operations,Professional Services,2024-09,1239.557118885,1548.5043446,1088.67,1088.67,1639.7560533,-551.0860533,345.7565743922693,1831.583425607731,3
ENT_EU,Operations,Professional Services,2024-10,1258.6142109999998,1521.4305451,1149.1086844333333,1149.1086844333333,1586.8473132000001,-437.7386287666668,341.76318954775763,1956.4541793189092,3
ENT_EU,Operations,Professional Services,2024-11,1273.5338974636363,1472.2000000000003,1567.8344555,1567.8344555,1492.1603996,75.67405590000021,1473.8249868642056,1661.8439241357946,3
ENT_EU,Operations,Professional Services,2024-12,1283.0393975565216,1443.430375,1572.9212553666669,1572.9212553666669,1580.76,-7.838744633333135,1488.3033347384994,1657.5391759948343,3
ENT_EU,Operations,Professional Services,2025-01,1295.4444226583335,1260.2892128,1553.255904266667,1553.255904266667,1562.4902372000001,-9.234332933333235,1493.2833272827831,1613.2284812505507,3
ENT_EU,Operations,Professional Services,2025-02,1306.12625524,1525.7849999999999,1545.136878933333,1545.136878933333,1687.6022333,-142.46535436666704,1492.2008313849174,1598.0729264817487,3
ENT_EU,Operations,Professional Services,2025-03,1320.7984082423077,1425.9499999999998,1610.2841568333333,1610.2841568333333,1109.58,500.7041568333334,1533.8105781045024,1686.7577355621643,3
ENT_EU,Operations,Professional Services,2025-04,1312.9755042333334,1135.41355475,1453.2241568333332,1453.2241568333332,1159.3658194,293.8583374333332,1109.0934526564392,1797.354861010227,3
ENT_EU,Operations,Professional Services,2025-05,1307.4894440607145,1121.68390415,1318.8493509,1318.8493509,1384.62,-65.7706490999999,956.3753192695104,1681.3233825304897,3
ENT_EU,Operations,Professional Services,2025-06,1310.1491184034485,1223.56,1217.8552731333332,1217.8552731333332,1515.3970513,-297.54177816666675,1052.0159812406637,1383.6945650260027,3
ENT_EU,Operations,Professional Services,2025-07,1316.990716166667,550.9615945,1353.1276235666667,1353.1276235666667,979.2060507,373.9215728666667,1149.3335290078762,1556.9217181254571,3
ENT_EU,Operations,Professional Services,2025-08,1306.094436635484,1159.1452903,1293.0743673333334,1293.0743673333334,1481.8306745999998,-188.75630726666645,976.7085712278788,1609.440163438788,3
ENT_EU,Operations,Professional Services,2025-09,1311.586194071875,1594.13019895,1325.4779255333333,1325.4779255333333,1582.65,-257.1720744666668,985.6004486592406,1665.355402407426,3
ENT_EU,Operations,Professional Services,2025-10,1319.8002487969698,1554.13892915,1347.8955751,1347.8955751,1275.1,72.79557510000018,982.104560333919,1713.6865898660812,3
ENT_EU,Operations,Professional Services,2025-11,1318.485535597059,1482.1801998,1446.5268915333334,1446.5268915333334,1647.8191646,-201.29227306666667,1269.1080262510911,1623.9457568155756,3
ENT_EU,Operations,Professional Services,2025-12,1327.8950678542858,1512.0951875,1501.8563881999999,1501.8563881999999,241.93,1259.9263881999998,1276.596757409679,1727.1160189903208,3
ENT_EU,R&D,Professional Services,2023-03,1813.9699999999998,,1813.9699999999998,1813.9699999999998,1886.08,-72.11000000000013,1435.4547999999998,2192.4851999999996,2
ENT_EU,R&D,Professional Services,2023-04,1838.0066666666664,,1838.0066666666664,1838.0066666666664,2047.42,-209.41333333333364,1614.4503049637815,2061.5630283695514,3
ENT_EU,R&D,Professional Services,2023-05,1890.36,,1980.1966666666667,1980.1966666666667,1866.6621460000001,113.5345206666666,1885.1815522832287,2075.2117810501045,3
ENT_EU,R&D,Professional Services,2023-06,1885.6204291999998,,1933.3873820000001,1933.3873820000001,1134.9,798.487382,1821.0966474071,2045.6781165929003,3
ENT_EU,R&D,Professional Services,2023-07,1760.5003576666666,,1682.9940486666667,1682.9940486666667,1929.4512636,-246.45721493333326,1136.2118154193076,2229.7762819140257,3
ENT_EU,R&D,Professional Services,2023-08,1784.6362013714283,,1643.6711365333333,1643.6711365333333,2108.138716,-464.4675794666666,1143.811353256091,2143.5309198105756,3
ENT_EU,R&D,Professional Services,2023-09,1825.0740157,,1724.1633265333332,1724.1633265333332,1772.6399999999999,-48.476673466666625,1137.9018551587192,2310.4247979079473,3
ENT_EU,R&D,Professional Services,2023-10,1819.2480139555555,,1936.7433265333332,1936.7433265333332,1896.83,39.91332653333325,1746.7825918992266,2126.7040611674397,3
ENT_EU,R&D,Professional Services,2023-11,1827.0062125600002,,1925.8695719999998,1925.8695719999998,2067.19,-141.32042800000022,1733.9218853521318,2117.817258647868,3
ENT_EU,R&D,Professional Services,2023-12,1848.8411023272727,,1912.22,1912.22,2184.7716384,-272.5516384,1744.8815838572225,2079.5584161427773,3
ENT_EU,R&D,Professional Services,2024-01,1876.8353136666667,1620.85,2049.5972128,2049.5972128,1936.38,113.21721279999974,1885.7691678394797,2213.42525776052,3
ENT_EU,R&D,Professional Services,2024-02,1881.4156741538463,2007.09,2062.7805461333332,2062.7805461333332,2231.8376184999997,-169.0570723666665,1922.1733282810192,2203.3877639856473,3
ENT_EU,R&D,Professional Services,2024-03,1906.4458130357145,1886.08,2117.6630856333336,2117.6630856333336,2023.27,94.39308563333361,1938.0208809333262,2297.305290333341,3
ENT_EU,R&D,Professional Services,2024-04,1914.2340921666669,2047.42,2063.8292061666666,2063.8292061666666,2120.75,-56.92079383333339,1891.9978644317089,2235.6605479016243,3
ENT_EU,R&D,Professional Services,2024-05,1927.14133640625,1866.6621460000001,2125.2858728333335,2125.2858728333335,2021.0700000000002,104.21587283333338,2007.1939427860834,2243.3778028805837,3
ENT_EU,R&D,Professional Services,2024-06,1932.6665519117648,1134.9,2055.03,2055.03,1453.1999999999998,601.8300000000004,1990.6123723139908,2119.4476276860096,3
ENT_EU,R&D,Professional Services,2024-07,1906.0295212499998,1929.4512636,1865.0066666666664,1865.0066666666664,2035.7277451,-170.72107843333356,1457.514270471836,2272.499062861497,3
ENT_EU,R&D,Professional Services,2024-08,1912.8557435578944,2108.138716,1836.6659150333332,1836.6659150333332,2015.12,-178.45408496666664,1460.77781652567,2212.5540135409965,3
ENT_EU,R&D,Professional Services,2024-09,1917.9689563799998,1772.6399999999999,1834.6825817,1834.6825817,2035.88,-201.1974183000002,1460.6478677048744,2208.7172956951254,3
ENT_EU,R&D,Professional Services,2024-11,1923.5837679809522,2067.19,2028.9092483666666,2028.9092483666666,2122.34,-93.43075163333356,2015.395510385136,2042.4229863481971,3
ENT_EU,R&D,Professional Services,2024-12,1932.6181421636363,2184.7716384,2057.78,2057.78,1968.1399999999999,89.64000000000033,1993.4300866424826,2122.1299133575176,3
ENT_EU,R&D,Professional Services,2025-01,1934.1625707652172,1778.615,2042.1200000000001,2042.1200000000001,1964.7,77.42000000000007,1954.659089742674,2129.580910257326,3
ENT_EU,R&D,Professional Services,2025-02,1935.4349636499999,2119.46380925,2018.3933333333334,2018.3933333333334,2114.81,-96.41666666666652,1916.5070073406641,2120.2796593260027,3
ENT_EU,R&D,Professional Services,2025-03,1942.6099651039997,1954.675,2015.8833333333332,2015.8833333333332,1038.81,977.0733333333333,1918.915664047993,2112.851002618673,3
ENT_EU,R&D,Professional Services,2025-04,1907.848427984615,2084.085,1706.1066666666666,1706.1066666666666,2027.4299999999998,-321.32333333333327,1046.6636214377263,2365.549711895607,3
ENT_EU,R&D,Professional Services,2025-05,1912.277375096296,1943.8660730000001,1727.0166666666664,1727.0166666666664,2041.06,-314.0433333333335,1050.7644700622209,2403.268863271112,3
ENT_EU,R&D,Professional Services,2025-06,1916.8767545571425,1294.05,1702.4333333333332,1702.4333333333332,1982.16402,-279.73068666666677,1052.0367442030258,2352.8299224636403,3
ENT_EU,R&D,Professional Services,2025-07,1919.1280395724132,1982.58950435,2016.8846733333332,2016.8846733333332,2158.31,-141.4253266666667,1981.9954428325289,2051.773903834138,3
ENT_EU,R&D,Professional Services,2025-08,1927.100771586666,2061.629358,2060.5113399999996,2060.5113399999996,2139.76,-79.24866000000065,1959.0407591477697,2161.9819208522295,3
ENT_EU,R&D,Professional Services,2025-09,1933.9607466967736,1904.26,2093.41134,2093.41134,1654.56,438.85134000000016,1983.8849202387785,2202.937759761222,3
ENT_EU,R&D,Professional Services,2025-10,1925.2294733625,1896.83,1984.2099999999998,1984.2099999999998,1733.4299999999998,250.77999999999997,1660.9825507798982,2307.4374492201014,3
ENT_EU,R&D,Professional Services,2025-11,1919.4173681090908,2094.7650000000003,1842.5833333333333,1842.5833333333333,408.15,1434.4333333333334,1547.9511559390926,2137.215510727574,3
ENT_EU,R&D,Professional Services,2025-12,1874.9683278705882,2076.4558192,1265.3799999999999,1265.3799999999999,1963.7988256,-698.4188256000002,424.11020897093874,2106.649791029061,3
ENT_EU,Sales,Professional Services,2023-04,1714.4085417000001,,1714.4085417000001,1714.4085417000001,1894.65,-180.24145829999998,1112.6913999680005,2316.1256834319997,2
ENT_EU,Sales,Professional Services,2023-05,1774.4890278000003,,1774.4890278000003,1774.4890278000003,1830.952838,-56.46381019999967,1407.6720054502748,2141.3060501497257,3
ENT_EU,Sales,Professional Services,2023-06,1788.6049803500002,,1711.0042793333334,1711.0042793333334,1884.2400000000002,-173.2357206666668,1411.3069972954975,2010.7015613711694,3
ENT_EU,Sales,Professional Services,2023-07,1807.7319842800002,,1869.9476126666668,1869.9476126666668,1856.7964202,13.151192466666771,1831.281487552913,1908.6137377804207,3
ENT_EU,Sales,Professional Services,2023-08,1815.909390266667,,1857.3297527333334,1857.3297527333334,1288.43,568.8997527333333,1827.1751725605966,1887.4843329060702,3
ENT_EU,Sales,Professional Services,2023-09,1740.5551916571433,,1676.4888067333334,1676.4888067333334,1768.6237514,-92.13494466666657,1295.874308478096,2057.103304988571,3
ENT_EU,Sales,Professional Services,2023-10,1744.063761625,,1637.9500572,1637.9500572,1724.376376,-86.42631879999999,1291.80642210819,1984.09369229181,3
ENT_EU,Sales,Professional Services,2023-11,1741.8762743333334,,1593.8100424666666,1593.8100424666666,1701.381857,-107.57181453333351,1293.4922757109132,1894.12780922242,3
ENT_EU,Sales,Professional Services,2023-12,1737.8268326000002,,1731.4606614666666,1731.4606614666666,1955.3899999999999,-223.9293385333333,1692.7867204938045,1770.1346024395286,3
ENT_EU,Sales,Professional Services,2024-01,1757.6053023636364,2021.4070834,1793.7160776666667,1793.7160776666667,1996.6464428,-202.93036513333323,1634.7423562910326,1952.6897990423008,3
ENT_EU,Sales,Professional Services,2024-02,1777.5253974,,1884.4727665999999,1884.4727665999999,1266.683274,617.7894925999999,1703.5316272961372,2065.4139059038625,3
ENT_EU,Sales,Professional Services,2024-03,1738.2298494461538,1407.41,1739.5732389333334,1739.5732389333334,2009.1306075999998,-269.55736866666643,1275.5535527195732,2203.592925147094,3
ENT_EU,Sales,Professional Services,2024-04,1757.5799036,1894.65,1757.4867748,1757.4867748,1442.44,315.04677479999987,1276.447480405647,2238.526069194353,3
ENT_EU,Sales,Professional Services,2024-05,1736.5705766933331,1830.952838,1572.7512938666666,1572.7512938666666,1141.3887496,431.36254426666665,1133.689731808562,2011.8128559247712,3
ENT_EU,Sales,Professional Services,2024-06,1699.3717125,1884.2400000000002,1530.9864523999997,1530.9864523999997,1170.1247228,360.86172959999976,1032.405780367823,2029.5671244321766,3
ENT_EU,Sales,Professional Services,2024-07,1668.2395366352941,1856.7964202,1251.3178241333335,1251.3178241333335,1499.55,-248.23217586666647,1063.3137236227515,1439.3219246439155,3
ENT_EU,Sales,Professional Services,2024-08,1658.867895711111,1288.43,1270.3544908000001,1270.3544908000001,1899.24,-628.8855091999999,1045.155195767388,1495.5537858326122,3
ENT_EU,Sales,Professional Services,2024-09,1671.5190590947368,1768.6237514,1522.9715742666667,1522.9715742666667,1935.8693934,-412.8978191333333,1109.797717448428,1936.1454310849053,3
ENT_EU,Sales,Professional Services,2024-10,1684.73657581,1724.376376,1778.2197978000002,1778.2197978000002,1376.6372694000002,401.5825284,1504.3381233809055,2052.101472219095,3
ENT_EU,Sales,Professional Services,2024-11,1670.0651802666669,1701.381857,1737.2488876,1737.2488876,1438.715975,298.5329125999999,1383.2423159212678,2091.2554592787324,3
ENT_EU,Sales,Professional Services,2024-12,1659.5493073,1955.3899999999999,1583.7408792666668,1583.7408792666668,1759.4308288000002,-175.68994953333345,1236.8719883306223,1930.6097702027112,3
ENT_EU,Sales,Professional Services,2025-01,1663.8919821478264,2009.0267631,1524.9280244000001,1524.9280244000001,2021.02,-496.09197559999984,1292.4465882752834,1757.409460524717,3
ENT_EU,Sales,Professional Services,2025-02,1678.7723162249997,1266.683274,1739.7222679333336,1739.7222679333336,1874.940075,-135.2178070666664,1409.6871048756457,2069.7574309910215,3
ENT_EU,Sales,Professional Services,2025-03,1686.6190265759997,1708.2703038,1885.1303012666667,1885.1303012666667,1086.465193,798.6651082666667,1736.785774207839,2033.4748283254944,3
ENT_EU,Sales,Professional Services,2025-04,1663.5361868230768,1668.545,1660.8084226666667,1660.8084226666667,1948.42,-287.61157733333334,1091.9158816840493,2229.700963649284,3
ENT_EU,Sales,Professional Services,2025-05,1674.0874391629627,1486.1707938,1636.608422666667,1636.608422666667,1972.9103401999998,-336.3019175333329,1095.8674227795186,2177.349422553815,3
ENT_EU,Sales,Professional Services,2025-06,1684.759685628571,1527.1823614,1669.2651777333333,1669.2651777333333,903.6,765.6651777333333,1097.9531262410865,2240.57722922558,3
ENT_EU,Sales,Professional Services,2025-07,1657.8231447448272,1678.1732101,1608.3101134,1608.3101134,2028.2171646000002,-419.90705120000007,917.5552037228315,2299.065023077169,3
ENT_EU,Sales,Professional Services,2025-08,1670.169612073333,1593.835,1634.9091682666667,1634.9091682666667,1912.0,-277.0908317333333,917.5433347917726,2352.275001741561,3
ENT_EU,Sales,Professional Services,2025-09,1677.970592329032,1852.2465723999999,1614.6057215333333,1614.6057215333333,947.48,667.1257215333333,914.724274062456,2314.4871690042105,3
ENT_EU,Sales,Professional Services,2025-10,1655.14276131875,1550.5068227000002,1629.2323882,1629.2323882,996.6700000000001,632.5623882,957.8869936080861,2300.577782791914,3
ENT_EU,Sales,Professional Services,2025-11,1635.1890412787877,1570.0489160000002,1285.3833333333334,1285.3833333333334,1271.19,14.193333333333385,670.6686181863331,1900.0980484803338,3
ENT_EU,Sales,Professional Services,2025-12,1624.4831871235294,1857.4104144,1071.78,1071.78,1948.1799999999998,-876.3999999999999,874.3862501292066,1269.1737498707932,3
ENT_UK,Corporate,Professional Services,2023-03,1159.96622325,,1159.96622325,1159.96622325,348.5831028,811.38312045,-25.357300848000023,2345.2897473479998,2
ENT_UK,Corporate,Professional Services,2023-04,889.5051831000001,,889.5051831000001,889.5051831000001,2007.4169474,-1117.9117643,23.86063325097598,1755.1497329490242,3
ENT_UK,Corporate,Professional Services,2023-05,1168.983124175,,1373.5743911666668,1373.5743911666668,1665.531234,-291.9568428333332,359.7405559997501,2387.4082263335836,3
ENT_UK,Corporate,Professional Services,2023-06,1268.29274614,,1340.5104280666667,1340.5104280666667,1971.6955797,-631.1851516333334,349.3617774086774,2331.659078724656,3
ENT_UK,Corporate,Professional Services,2023-07,1385.5265517333335,,1881.5479203666666,1881.5479203666666,2117.803469,-236.25554863333332,1668.8889421607298,2094.2068985726037,3
ENT_UK,Corporate,Professional Services,2023-08,1490.1375399142858,,1918.3434275666666,1918.3434275666666,1877.5318253,40.81160226666657,1657.1594658733109,2179.527389260022,3
ENT_UK,Corporate,Professional Services,2023-09,1538.5618255875002,,1989.0102913333333,1989.0102913333333,1934.1137190999998,54.89657223333347,1852.0089312330238,2126.011651433643,3
ENT_UK,Corporate,Professional Services,2023-10,1582.512035977778,,1976.4830044666667,1976.4830044666667,1944.5212105,31.96179396666662,1834.3369048663922,2118.629104066941,3
ENT_UK,Corporate,Professional Services,2023-11,1618.7129534300002,,1918.7222516333331,1918.7222516333331,1820.9093870000002,97.81286463333299,1877.928387438045,1959.5161158286212,3
ENT_UK,Corporate,Professional Services,2023-12,1637.0944473909092,,1899.8481055333334,1899.8481055333334,1879.5565568,20.291548733333457,1822.2643670072416,1977.4318440594252,3
ENT_UK,Corporate,Professional Services,2024-01,1657.299623175,555.2093232,1881.6623847666667,1881.6623847666667,1414.8540051999998,466.8083795666669,1811.6919713523357,1951.6327981809977,3
ENT_UK,Corporate,Professional Services,2024-02,1638.649960253846,1764.7231233,1705.1066496666665,1705.1066496666665,1540.2169315,164.8897181666664,1418.7301004852466,1991.4831988480864,3
ENT_UK,Corporate,Professional Services,2024-03,1631.6190296285713,348.5831028,1611.5424978333333,1611.5424978333333,1794.1354113999998,-182.59291356666654,1339.479676618533,1883.6053190481337,3
ENT_UK,Corporate,Professional Services,2024-04,1642.4534550799997,2007.4169474,1583.0687827,1583.0687827,1964.3113451999998,-381.24256249999985,1364.3997445833725,1801.7378208166274,3
ENT_UK,Corporate,Professional Services,2024-05,1662.5695732125,1665.531234,1766.2212293666664,1766.2212293666664,1923.3103371999998,-157.0891078333334,1524.7129087221615,2007.7295500111713,3
ENT_UK,Corporate,Professional Services,2024-06,1677.9072652117648,1971.6955797,1893.9190312666663,1893.9190312666663,1517.7995139999998,376.11951726666643,1793.4170249938336,1994.421037539499,3
ENT_UK,Corporate,Professional Services,2024-07,1669.0123901444445,2117.803469,1801.8070654666662,1801.8070654666662,1336.2873749999999,465.51969046666636,1522.5145442119733,2081.099586721359,3
ENT_UK,Corporate,Professional Services,2024-08,1651.5005472421053,1877.5318253,1592.4657420666665,1592.4657420666665,1860.3080251000003,-267.84228303333384,1252.361454320725,1932.570029812608,3
ENT_UK,Corporate,Professional Services,2024-09,1661.940921135,1934.1137190999998,1571.4649713666668,1571.4649713666668,1893.1355053,-321.6705339333332,1270.344077991241,1872.5858647420926,3
ENT_UK,Corporate,Professional Services,2024-10,1672.9501870476192,1944.5212105,1696.5769684666666,1696.5769684666666,2009.6655981000001,-313.08862963333354,1343.0049665459412,2050.148970387392,3
ENT_UK,Corporate,Professional Services,2024-11,1688.2554330045457,1820.9093870000002,1921.0363761666667,1921.0363761666667,1232.102684,688.9336921666668,1832.2159670892247,2009.8567852441088,3
ENT_UK,Corporate,Professional Services,2024-12,1668.4227047869565,1879.5565568,1711.6345958000002,1711.6345958000002,1851.7902170999998,-140.15562129999967,1237.0906303170916,2186.178561282909,3
ENT_UK,Corporate,Professional Services,2025-01,1676.0630178000001,985.0316641999999,1697.8528330666666,1697.8528330666666,1554.4225047,143.43032836666657,1232.7590260094062,2162.946640123927,3
ENT_UK,Corporate,Professional Services,2025-02,1671.1973972760002,1652.4700274000002,1546.1051352666666,1546.1051352666666,1909.3375455,-363.23241023333344,1195.3891743766749,1896.8210961566583,3
ENT_UK,Corporate,Professional Services,2025-03,1680.3566337461539,1071.3592571,1771.8500890999996,1771.8500890999996,1879.2793358000001,-107.42924670000048,1556.2976403949838,1987.4025378050155,3
ENT_UK,Corporate,Professional Services,2025-04,1687.7241412296296,1985.8641463,1781.0131286666667,1781.0131286666667,1904.4977159999999,-123.48458733333314,1558.3040023700225,2003.722254963311,3
ENT_UK,Corporate,Professional Services,2025-05,1695.4660546142857,1794.4207855999998,1897.7048657666667,1897.7048657666667,1099.0429792,798.6618865666667,1879.441384841771,1915.9683466915624,3
ENT_UK,Corporate,Professional Services,2025-06,1674.8997416689654,1744.74754685,1627.6066769999998,1627.6066769999998,620.0165804,1007.5900965999998,1109.4177681073895,2145.79558589261,3
ENT_UK,Corporate,Professional Services,2025-07,1639.7369696266665,1727.045422,1207.8524252,1207.8524252,1940.3521451000001,-732.4997199000002,473.3076619928082,1942.3971884071916,3
ENT_UK,Corporate,Professional Services,2025-08,1649.4342333516126,1868.9199252000003,1219.8039015666666,1219.8039015666666,1903.3439939999998,-683.5400924333333,463.43780974228775,1976.1699933910454,3
ENT_UK,Corporate,Professional Services,2025-09,1657.3689133718751,1913.6246121999998,1487.9042398333331,1487.9042398333331,2015.4328583999998,-527.5286185666666,637.1166182322446,2338.6918614344218,3
ENT_UK,Corporate,Professional Services,2025-10,1668.219335948485,1977.0934043000002,1953.0429991666667,1953.0429991666667,1078.4408864,874.6021127666668,1888.4147746464287,2017.6712236869048,3
ENT_UK,Corporate,Professional Services,2025-11,1650.872910961765,1526.5060355,1665.7392462666664,1665.7392462666664,2028.2059486,-362.4667023333336,1086.7032506471728,2244.77524188616,3
ENT_UK,Corporate,Professional Services,2025-12,1661.6538548942858,1865.67338695,1707.3598978,1707.3598978,1830.19464,-122.83474219999994,1090.9768967578561,2323.742898842144,3
ENT_UK,Marketing,Professional Services,2023-03,791.8994125500001,,791.8994125500001,791.8994125500001,1036.2421764,-244.34276384999998,338.9907123480001,1244.808112752,2
ENT_UK,Marketing,Professional Services,2023-04,873.3470005,,873.3470005,873.3470005,1028.2821918999998,-154.93519139999978,566.9820400800461,1179.711960919954,3
ENT_UK,Marketing,Professional Services,2023-05,912.08079835,,875.1159711333333,875.1159711333333,687.9280671,187.18790403333333,567.0764673805133,1183.1554748861533,3
ENT_UK,Marketing,Professional Services,2023-06,867.2502521,,917.4841451333333,917.4841451333333,909.9809802,7.5031649333333235,692.4741104193986,1142.494179847268,3
ENT_UK,Marketing,Professional Services,2023-07,874.3720401166667,,875.3970797333333,875.3970797333333,1016.8868788,-141.4897990666667,679.8638961394836,1070.930263327183,3
ENT_UK,Marketing,Professional Services,2023-08,894.7313027857143,,871.5986420333334,871.5986420333334,1013.4571931999999,-141.85855116666653,681.7098812712361,1061.4874027954306,3
ENT_UK,Marketing,Professional Services,2023-09,909.5720390875,,980.1083507333333,980.1083507333333,960.4081386,19.700212133333252,911.3561365183108,1048.860564948356,3
ENT_UK,Marketing,Professional Services,2023-10,915.220494588889,,996.9174035333332,996.9174035333332,957.2654711,39.65193243333317,961.0857389651005,1032.7490681015659,3
ENT_UK,Marketing,Professional Services,2023-11,919.42499224,,977.0436009666668,977.0436009666668,476.45059000000003,500.5930109666667,941.3140075884231,1012.7731943449104,3
ENT_UK,Marketing,Professional Services,2023-12,879.1545920363637,,798.0413999000001,798.0413999000001,984.3771392,-186.3357392999999,482.87739011622074,1113.2054096837794,3
ENT_UK,Marketing,Professional Services,2024-01,887.9231376333333,1022.9752800000001,806.0310667666666,806.0310667666666,971.3744532,-165.3433864333333,482.67813268975823,1129.384000843575,3
ENT_UK,Marketing,Professional Services,2024-02,894.3424696000001,560.8235451,810.7340608,810.7340608,789.2728999999999,21.461160800000016,483.05366107474157,1138.4144605252584,3
ENT_UK,Marketing,Professional Services,2024-03,886.8375003428572,1036.2421764,915.0081641333333,915.0081641333333,1059.0126162000001,-144.0044520666669,791.5681746001798,1038.4481536664869,3
ENT_UK,Marketing,Professional Services,2024-04,898.3158414000001,1028.2821918999998,939.8866564666668,939.8866564666668,757.1921445,182.6945119666667,784.1787100119603,1095.5946029213733,3
ENT_UK,Marketing,Professional Services,2024-05,889.49561034375,687.9280671,868.4925535666667,868.4925535666667,985.7662548999999,-117.27370133333318,680.9026528904737,1056.0824542428597,3
ENT_UK,Marketing,Professional Services,2024-06,895.1585894352941,909.9809802,933.9903385333333,933.9903385333333,951.8590311999999,-17.86869266666656,755.8406117395051,1112.1400653271617,3
ENT_UK,Marketing,Professional Services,2024-07,898.3086139777777,1016.8868788,898.2724768666667,898.2724768666667,1070.1652499999998,-171.8927731333331,758.6890520880189,1037.8559016453144,3
ENT_UK,Marketing,Professional Services,2024-08,907.3537000842105,1013.4571931999999,1002.5968453666665,1002.5968453666665,238.58869350000003,764.0081518666664,933.6566309513445,1071.5370597819885,3
ENT_UK,Marketing,Professional Services,2024-09,873.915449755,960.4081386,753.5376582333332,753.5376582333332,997.4941339999999,-243.9564757666667,244.46761429544017,1262.6077021712263,3
ENT_UK,Marketing,Professional Services,2024-10,879.8001490047619,957.2654711,768.7493591666666,768.7493591666666,950.7137393,-181.9643801333334,247.56743354607727,1289.9312847872561,3
ENT_UK,Marketing,Professional Services,2024-11,883.0234940181819,476.45059000000003,728.9321889333332,728.9321889333332,516.2443808,212.6878081333332,247.6671580376085,1210.197219829058,3
ENT_UK,Marketing,Professional Services,2024-12,867.0765760521739,984.3771392,821.4840846999999,821.4840846999999,965.9233047,-144.4392200000001,521.1804454169483,1121.7877239830516,3
ENT_UK,Marketing,Professional Services,2025-01,871.1951897458333,997.1748666000001,810.9604749333333,810.9604749333333,959.1590111999999,-148.19853626666657,522.010526236983,1099.9104236296837,3
ENT_UK,Marketing,Professional Services,2025-02,874.713742604,675.04822255,813.7755655666666,813.7755655666666,956.1283533000001,-142.35278773333346,522.1698874519798,1105.3812436813535,3
ENT_UK,Marketing,Professional Services,2025-03,877.8450737846154,1047.6273963,960.4035564,960.4035564,527.6625116,432.74104479999994,954.7289205454376,966.0781922545623,3
ENT_UK,Marketing,Professional Services,2025-04,864.8753492592592,892.7371681999999,814.3166253666667,814.3166253666667,714.336018,99.98060736666673,533.3903604451673,1095.242890288166,3
ENT_UK,Marketing,Professional Services,2025-05,859.4989445714285,836.8471609999999,732.7089609666667,732.7089609666667,962.2068167999998,-229.49785583333312,489.6138602561548,975.8040616771787,3
ENT_UK,Marketing,Professional Services,2025-06,863.0405953379311,930.9200056999999,734.7351154666667,734.7351154666667,283.049137,451.6859784666667,488.0571414096413,981.4130895236921,3
ENT_UK,Marketing,Professional Services,2025-07,843.7075467266666,1043.5260644,653.1973239333332,653.1973239333332,1037.0447973999999,-383.84747346666666,264.28465061336857,1042.109997253298,3
ENT_UK,Marketing,Professional Services,2025-08,849.944232232258,626.02294335,760.7669170666665,760.7669170666665,984.9214574999999,-224.1545404333334,290.69248653559475,1230.8413475977381,3
ENT_UK,Marketing,Professional Services,2025-09,854.1622705218749,978.9511362999999,768.3384639666665,768.3384639666665,988.2909655999999,-219.95250163333344,291.84139598930966,1244.8355319440234,3
ENT_UK,Marketing,Professional Services,2025-10,858.2267764333333,953.9896052,1003.4190734999999,1003.4190734999999,291.1943552,712.2247182999998,970.4107613321684,1036.4273856678312,3
ENT_UK,Marketing,Professional Services,2025-11,841.5493522794118,496.34748540000004,754.8022594333333,754.8022594333333,1023.6190499000002,-268.8167904666668,300.46251332979864,1209.142005536868,3
ENT_UK,Marketing,Professional Services,2025-12,846.75134364,975.1502219500001,767.7014568999999,767.7014568999999,964.2754223,-196.57396540000002,300.2968882428195,1235.1060255571804,3
ENT_UK,Operations,Professional Services,2023-03,1103.8749298000002,,1103.8749298000002,1103.8749298000002,1262.7349248,-158.8599949999998,818.4865041840001,1389.2633554160004,2
ENT_UK,Operations,Professional Services,2023-04,1156.8282614666668,,1156.8282614666668,1156.8282614666668,1281.4830247,-124.65476323333314,962.0953414661549,1351.5611814671788,3
ENT_UK,Operations,Professional Services,2023-05,1187.9919522750001,,1264.5664063000002,1264.5664063000002,1202.3090577,62.257348600000114,1246.370967556252,1282.7618450437483,3
ENT_UK,Operations,Professional Services,2023-06,1190.8553733600002,,1248.8423357333334,1248.8423357333334,1217.5737651,31.26857063333341,1202.022229691297,1295.6624417753696,3
ENT_UK,Operations,Professional Services,2023-07,1195.3084386500002,,1233.7886158333333,1233.7886158333333,906.319624,327.46899183333335,1186.2568269344847,1281.320404732182,3
ENT_UK,Operations,Professional Services,2023-08,1154.0243222714287,,1108.7341489333332,1108.7341489333332,1290.0517002,-181.31755126666667,910.1799808949769,1307.2883169716897,3
ENT_UK,Operations,Professional Services,2023-09,1171.0277445125,,1137.9816964333331,1137.9816964333331,1194.9481746,-56.966478166666775,907.2789291124584,1368.6844637542079,3
ENT_UK,Operations,Professional Services,2023-10,1173.6855700777778,,1130.4398329333333,1130.4398329333333,1263.6598469,-133.22001396666678,904.3065337026453,1356.5731321640212,3
ENT_UK,Operations,Professional Services,2023-11,1182.68299776,,1249.5532405666665,1249.5532405666665,1227.2494520000002,22.3037885666663,1193.9958843426919,1305.1105967906412,3
ENT_UK,Operations,Professional Services,2023-12,1186.7344936,,1228.6191578333335,1228.6191578333335,1242.6465792,-14.027421366666431,1189.7187033644789,1267.519612302188,3
ENT_UK,Operations,Professional Services,2024-01,1191.3938340666666,958.2685902000001,1244.5186260333332,1244.5186260333332,1255.9144208,-11.395794766666768,1223.8359778660576,1265.2012742006089,3
ENT_UK,Operations,Professional Services,2024-02,1196.356956123077,1249.4812694000002,1241.9368173333332,1241.9368173333332,1206.3051125,35.63170483333329,1225.7031760306268,1258.1704586360397,3
ENT_UK,Operations,Professional Services,2024-03,1197.0675387214285,1262.7349248,1234.9553708333333,1234.9553708333333,370.1458244,864.8095464333333,1205.8918711226574,1264.0188705440091,3
ENT_UK,Operations,Professional Services,2024-04,1141.9394244333332,1281.4830247,944.1217859,944.1217859,613.9963857,330.12540019999994,380.9254414327514,1507.3181303672486,3
ENT_UK,Operations,Professional Services,2024-05,1108.9429845125,1202.3090577,730.1491075333333,730.1491075333333,1172.6785083999998,-442.5294008666665,243.54622175143948,1216.751993315227,3
ENT_UK,Operations,Professional Services,2024-06,1112.6921329764707,1217.5737651,718.9402395000001,718.9402395000001,1169.0524384,-450.11219889999995,253.36344607477315,1184.5170329252269,3
ENT_UK,Operations,Professional Services,2024-07,1115.8232610555558,906.319624,985.2424441666666,985.2424441666666,1172.6295,-187.38705583333342,621.4155221553766,1349.0693661779565,3
ENT_UK,Operations,Professional Services,2024-08,1118.8130631052634,1290.0517002,1171.4534822666667,1171.4534822666667,1230.9714390000004,-59.517956733333676,1169.1002958966526,1173.8066686366808,3
ENT_UK,Operations,Professional Services,2024-09,1124.4209819000002,1194.9481746,1190.8844591333334,1190.8844591333334,569.4350207,621.4494384333334,1151.5471190177457,1230.2217992489211,3
ENT_UK,Operations,Professional Services,2024-10,1097.9930789857144,1263.6598469,991.0119865666669,991.0119865666669,1139.2241547,-148.2121681333332,576.5499165204203,1405.4740566129135,3
ENT_UK,Operations,Professional Services,2024-11,1099.8672187909092,1227.2494520000002,979.8768714666668,979.8768714666668,761.8183693999999,218.05850206666685,574.307962118543,1385.4457808147906,3
ENT_UK,Operations,Professional Services,2024-12,1085.1694427304349,1242.6465792,823.4925149333334,823.4925149333334,986.9851061999999,-163.49259126666652,495.48725283469867,1151.497777031968,3
ENT_UK,Operations,Professional Services,2025-01,1081.0784287083334,1107.0915055,962.6758767666666,962.6758767666666,1250.5304955000001,-287.8546187333335,747.8136665368563,1177.538086996477,3
ENT_UK,Operations,Professional Services,2025-02,1087.85651138,1227.8931909500002,999.7779903666666,999.7779903666666,1239.2544243,-239.4764339333334,722.9790095007046,1276.5769712326287,3
ENT_UK,Operations,Professional Services,2025-03,1093.6795080307693,816.4403746,1158.923342,1158.923342,866.7938721,292.1294699,990.3031277935224,1327.5435562064777,3
ENT_UK,Operations,Professional Services,2025-04,1085.2763363296297,947.7397052,1118.8595973000001,1118.8595973000001,639.7899947999999,479.0696025000002,871.7528099323588,1365.9663846676415,3
ENT_UK,Operations,Professional Services,2025-05,1069.3661098464286,1187.4937830499998,915.2794304,915.2794304,413.7193262,501.5601042,572.7884045449131,1257.770456255087,3
ENT_UK,Operations,Professional Services,2025-06,1046.7576000655174,1193.31310175,640.1010643666667,640.1010643666667,541.8306418,98.27042256666675,383.7498262891164,896.452302444217,3
ENT_UK,Operations,Professional Services,2025-07,1029.9267014566667,1039.4745619999999,531.7799876,531.7799876,1237.3126628999999,-705.5326752999998,403.4897972989701,660.07017790103,3
ENT_UK,Operations,Professional Services,2025-08,1036.6165711806452,1260.5115696000003,730.9542103,730.9542103,870.576813,-139.62260270000002,229.45677456839275,1232.4516460316072,3
ENT_UK,Operations,Professional Services,2025-09,1031.4278287375,882.19159765,883.2400392333333,883.2400392333333,1121.8826992,-238.64265996666666,489.5384045098166,1276.94167395685,3
ENT_UK,Operations,Professional Services,2025-10,1034.1688854181818,1201.4420008000002,1076.5907250333332,1076.5907250333332,396.25266880000004,680.3380562333332,864.3961907119375,1288.7852593547289,3
ENT_UK,Operations,Professional Services,2025-11,1015.4066437529412,994.5339107000001,796.2373936666667,796.2373936666667,1257.3277833000002,-461.09038963333353,379.25996963288935,1213.214817700444,3
ENT_UK,Operations,Professional Services,2025-12,1022.3186763114287,1114.8158426999998,925.1543837666668,925.1543837666668,892.6072399999999,32.54714376666686,401.19598594469596,1449.1127815886375,3
ENT_UK,R&D,Professional Services,2023-03,1756.1045254,,1756.1045254,1756.1045254,1701.0136844,55.090840999999955,1559.269484256,1952.9395665440002,2
ENT_UK,R&D,Professional Services,2023-04,1737.7409117333334,,1737.7409117333334,1737.7409117333334,1671.2008234,66.54008833333341,1618.5345737241137,1856.9472497425531,3
ENT_UK,R&D,Professional Services,2023-05,1721.1058896499999,,1742.9150248666665,1742.9150248666665,1750.8550950000001,-7.94007013333362,1630.301296768892,1855.528752964441,3
ENT_UK,R&D,Professional Services,2023-06,1727.0557307200002,,1707.6898676,1707.6898676,1596.9957077,110.69415990000016,1662.1487946827342,1753.230940517266,3
ENT_UK,R&D,Professional Services,2023-07,1705.3790602166666,,1673.0172087,1673.0172087,664.607125,1008.4100837000001,1585.9448680525893,1760.0895493474109,3
ENT_UK,R&D,Professional Services,2023-08,1556.6973551857143,,1337.4859758999999,1337.4859758999999,1639.5655175999998,-302.07954169999994,672.3432541109538,2002.628697689046,3
ENT_UK,R&D,Professional Services,2023-09,1567.0558754875,,1300.3894500999997,1300.3894500999997,1610.1483587999999,-309.7589087000001,676.8573915873035,1923.921508612696,3
ENT_UK,R&D,Professional Services,2023-10,1571.843929188889,,1304.7736671333332,1304.7736671333332,1543.8184018,-239.04473466666673,677.1897026969413,1932.357631569725,3
ENT_UK,R&D,Professional Services,2023-11,1569.04137645,,1597.8440927333331,1597.8440927333331,988.4332810000001,609.410811733333,1542.3443151079744,1653.343870358692,3
ENT_UK,R&D,Professional Services,2023-12,1516.2588223181817,,1380.8000138666666,1380.8000138666666,1640.9551448000002,-260.15513093333357,994.4534771361996,1767.1465505971337,3
ENT_UK,R&D,Professional Services,2024-01,1526.6501825249998,1655.678484,1391.0689425333333,1391.0689425333333,1644.5513779999999,-253.48243546666663,992.6767536626874,1789.4611314039792,3
ENT_UK,R&D,Professional Services,2024-02,1535.719505253846,1856.5305668,1424.6466012666667,1424.6466012666667,1629.7482014999998,-205.1016002333331,997.152704910851,1852.1404976224826,3
ENT_UK,R&D,Professional Services,2024-03,1542.4358406999997,1701.0136844,1638.4182414333334,1638.4182414333334,1725.250208,-86.83196656666655,1629.6813583046812,1647.1551245619855,3
ENT_UK,R&D,Professional Services,2024-04,1554.6234651866664,1671.2008234,1666.5165958333334,1666.5165958333334,1676.9596766999998,-10.443080866666378,1608.3514544339866,1724.6817372326802,3
ENT_UK,R&D,Professional Services,2024-05,1562.26947840625,1750.8550950000001,1677.3193620666668,1677.3193620666668,1572.5269938,104.79236826666693,1623.2828653873762,1731.3558587459574,3
ENT_UK,R&D,Professional Services,2024-06,1562.8728616647059,1596.9957077,1658.2456261666666,1658.2456261666666,1506.2998191,151.9458070666667,1569.90957059883,1746.5816817345033,3
ENT_UK,R&D,Professional Services,2024-07,1559.7299148555555,664.607125,1585.2621631999998,1585.2621631999998,1661.76525,-76.50308680000012,1487.8990429976038,1682.6252834023958,3
ENT_UK,R&D,Professional Services,2024-08,1565.1001956526316,1639.5655175999998,1580.1973542999997,1580.1973542999997,1623.2542440000002,-43.05688970000051,1491.9139059511351,1668.4808026488643,3
ENT_UK,R&D,Professional Services,2024-09,1568.00789807,1610.1483587999999,1597.1064377000002,1597.1064377000002,1626.1092549,-29.002817199999754,1505.4871405402723,1688.7257348597282,3
ENT_UK,R&D,Professional Services,2024-10,1570.774629347619,1543.8184018,1637.0429163000001,1637.0429163000001,1651.5368283000003,-14.493912000000137,1612.761237106156,1661.3245954938443,3
ENT_UK,R&D,Professional Services,2024-11,1574.4456383909092,988.4332810000001,1633.6334424000004,1633.6334424000004,796.8161722,836.8172702000004,1616.0139184326574,1651.2529663673433,3
ENT_UK,R&D,Professional Services,2024-12,1540.6356616,1640.9551448000002,1358.1540851333334,1358.1540851333334,1543.0382123999998,-184.88412726666638,807.8548316519411,1908.4533386147257,3
ENT_UK,R&D,Professional Services,2025-01,1540.7357678833334,1650.114931,1330.4637376333333,1330.4637376333333,628.6234981,701.8402395333333,803.8984135748267,1857.0290616918398,3
ENT_UK,R&D,Professional Services,2025-02,1504.2512770920002,1743.1393841499998,989.4926275666667,989.4926275666667,1600.6113154999998,-611.1186879333331,438.73410422801373,1540.2511509053197,3
ENT_UK,R&D,Professional Services,2025-03,1507.9574324153848,1713.1319462000001,1257.4243419999998,1257.4243419999998,1174.5455246000001,82.87881739999966,640.339119929795,1874.5095640702048,3
ENT_UK,R&D,Professional Services,2025-04,1495.608843237037,1674.08025005,1134.5934460666667,1134.5934460666667,1737.143958,-602.5505119333334,583.2476110036141,1685.9392811297193,3
ENT_UK,R&D,Professional Services,2025-05,1504.2350973357145,1661.6910444,1504.1002660333334,1504.1002660333334,1627.5470785999998,-123.4468125666665,1172.0262163000193,1836.1743157666474,3
ENT_UK,R&D,Professional Services,2025-06,1508.4872346206898,1551.6477633999998,1513.0788537333335,1513.0788537333335,1741.8535189999998,-228.77466526666626,1175.5707233059507,1850.5869841607164,3
ENT_UK,R&D,Professional Services,2025-07,1516.2661107666668,1163.1861875,1702.1815185333332,1702.1815185333332,1466.4532647,235.72825383333316,1628.9912438712292,1775.3717931954372,3
ENT_UK,R&D,Professional Services,2025-08,1514.6592447645162,1631.4098807999999,1611.9512874333334,1611.9512874333334,1348.4793465,263.47194093333337,1455.3811575422594,1768.5214173244074,3
ENT_UK,R&D,Professional Services,2025-09,1509.46612294375,1618.1288068499998,1518.9287100666668,1518.9287100666668,680.0552656,838.8734444666668,1290.492513194359,1747.3649069389746,3
ENT_UK,R&D,Professional Services,2025-10,1484.3324605999999,1597.67761505,1164.9959589333332,1164.9959589333332,1045.6028,119.39315893333332,685.0892906822307,1644.9026271844357,3
ENT_UK,R&D,Professional Services,2025-11,1471.4286470529412,892.6247266,1024.7124707,1024.7124707,1664.552813,-639.8403423,645.9622404648551,1403.462700935145,3
ENT_UK,R&D,Professional Services,2025-12,1476.9464803657143,1591.9966786,1130.0702928666667,1130.0702928666667,1643.39607,-513.3257771333333,566.9213010206051,1693.2192847127283,3
ENT_UK,Sales,Professional Services,2023-03,1312.4996738500001,,1312.4996738500001,1312.4996738500001,1597.4329200000002,-284.93324615000006,910.411822272,1714.5875254280004,2
ENT_UK,Sales,Professional Services,2023-04,1407.4774225666667,,1407.4774225666667,1407.4774225666667,1525.589,-118.1115774333332,1109.9110477914264,1705.043797341907,3
ENT_UK,Sales,Professional Services,2023-05,1437.005316925,,1546.8894856333336,1546.8894856333336,1498.1548213,48.73466433333351,1497.1534831377853,1596.625488128882,3
ENT_UK,Sales,Professional Services,2023-06,1449.2352178,,1540.3922470999998,1540.3922470999998,1209.6615984,330.73064869999985,1482.3772699961626,1598.4072242038371,3
ENT_UK,Sales,Professional Services,2023-07,1409.3062812333335,,1411.1351399000002,1411.1351399000002,1594.239122,-183.1039820999997,1213.081853319183,1609.1884264808175,3
ENT_UK,Sales,Professional Services,2023-08,1435.7252584857144,,1434.0185138999998,1434.0185138999998,1544.6049002999998,-110.58638640000004,1207.5273405846842,1660.5096872153154,3
ENT_UK,Sales,Professional Services,2023-09,1449.3352137125,,1449.5018735666665,1449.5018735666665,1032.9035857,416.5982878666666,1212.7866458902208,1686.2171012431122,3
ENT_UK,Sales,Professional Services,2023-10,1403.0650328222223,,1390.582536,1390.582536,1524.1164798999998,-133.53394389999994,1038.9339865883326,1742.2310854116672,3
ENT_UK,Sales,Professional Services,2023-11,1415.17017753,,1367.2083219666665,1367.2083219666665,1381.013568,-13.80524603333356,1039.3846523300858,1695.0319916032472,3
ENT_UK,Sales,Professional Services,2023-12,1412.0650312090909,,1312.6778778666667,1312.6778778666667,1594.3908864,-281.7130085333333,1026.793547792124,1598.5622079412094,3
ENT_UK,Sales,Professional Services,2024-01,1427.258852475,1107.3528108,1499.8403114333335,1499.8403114333335,583.4080799999999,916.4322314333335,1376.788992678763,1622.891630187904,3
ENT_UK,Sales,Professional Services,2024-02,1362.3472545923078,1517.6465369000002,1186.2708448,1186.2708448,1517.9345855000001,-331.66374070000006,583.2561001101435,1789.2855894898566,3
ENT_UK,Sales,Professional Services,2024-03,1373.4606353714285,1597.4329200000002,1231.9111839666666,1231.9111839666666,1575.3996455999998,-343.48846163333315,594.9075671460872,1868.914800787246,3
ENT_UK,Sales,Professional Services,2024-04,1386.923236053333,1525.589,1225.5807703666667,1225.5807703666667,1280.5565667,-54.97579633333339,595.412187455364,1855.7493532779695,3
ENT_UK,Sales,Professional Services,2024-05,1380.2753192187502,1498.1548213,1457.9635992666665,1457.9635992666665,949.9292481,508.0343511666665,1281.0905679755356,1634.8366305577974,3
ENT_UK,Sales,Professional Services,2024-06,1354.9608444470591,1209.6615984,1268.6284868,1268.6284868,1492.52334,-223.89485319999994,914.542287678697,1622.714685921303,3
ENT_UK,Sales,Professional Services,2024-07,1362.6032053111112,1594.239122,1241.0030516,1241.0030516,1529.862375,-288.8593234,931.5641188298575,1550.4419843701423,3
ENT_UK,Sales,Professional Services,2024-08,1371.4063195052634,1544.6049002999998,1324.1049876999998,1324.1049876999998,1203.1460940000002,120.95889369999963,956.8046762931629,1691.4052991068368,3
ENT_UK,Sales,Professional Services,2024-09,1362.9933082300001,1032.9035857,1408.510603,1408.510603,1511.878667,-103.368064,1206.1475649913757,1610.8736410086242,3
ENT_UK,Sales,Professional Services,2024-10,1370.083087219048,1524.1164798999998,1414.9623786666668,1414.9623786666668,1153.4473698,261.5150088666669,1207.1331822329082,1622.7915751004255,3
ENT_UK,Sales,Professional Services,2024-11,1360.2360091545456,1381.013568,1289.4907102666666,1289.4907102666666,1460.4456661999998,-170.95495593333317,1069.7439303638766,1509.2374901694566,3
ENT_UK,Sales,Professional Services,2024-12,1364.5929507652177,1594.3908864,1375.2572343333334,1375.2572343333334,1452.7687316999998,-77.51149736666639,1155.9442683072712,1594.5702003593956,3
ENT_UK,Sales,Professional Services,2025-01,1368.2669416375,845.3804454,1355.5539225666664,1355.5539225666664,843.1095035999999,512.4444189666665,1157.44187773004,1553.6659674032928,3
ENT_UK,Sales,Professional Services,2025-02,1347.2606441159996,1517.7905612000002,1252.1079671666664,1252.1079671666664,1148.0870978000003,104.02086936666615,851.2659377701937,1652.9499965631392,3
ENT_UK,Sales,Professional Services,2025-03,1339.600123103846,1586.4162827999999,1147.9884443666667,1147.9884443666667,1506.0588578000002,-358.07041343333344,803.0412497497564,1492.935638983577,3
ENT_UK,Sales,Professional Services,2025-04,1345.765261425926,1403.07278335,1165.7518197333336,1165.7518197333336,1488.6391079999999,-322.88728826666625,790.2536485486914,1541.2499909179758,3
ENT_UK,Sales,Professional Services,2025-05,1350.8678988035715,1224.0420347,1380.9283545333335,1380.9283545333335,1540.5278996,-159.59954506666645,1152.5311598432763,1609.3255492233907,3
ENT_UK,Sales,Professional Services,2025-06,1357.4078988310343,1351.0924691999999,1511.7419551333332,1511.7419551333332,1555.1168905999998,-43.37493546666656,1481.859509694491,1541.6244005721755,3
ENT_UK,Sales,Professional Services,2025-07,1363.9981985566667,1562.0507484999998,1528.0946327333331,1528.0946327333331,272.6216338,1255.4729989333332,1488.5569502108162,1567.63231525585,3
ENT_UK,Sales,Professional Services,2025-08,1328.792502919355,1373.87549715,1122.7554746666667,1122.7554746666667,1533.0100455,-410.2545708333332,289.5834196507941,1955.9275296825394,3
ENT_UK,Sales,Professional Services,2025-09,1335.174301125,1272.39112635,1120.2495233,1120.2495233,1461.683724,-341.4342007,289.4800246390979,1951.0190219609021,3
ENT_UK,Sales,Professional Services,2025-10,1339.00792,1338.78192485,1089.1051344333334,1089.1051344333334,605.1804416,483.92469283333344,287.9342331225065,1890.2760357441603,3
ENT_UK,Sales,Professional Services,2025-11,1317.4247588705884,1420.7296170999998,1199.9580703666666,1199.9580703666666,1610.8890990000004,-410.9310286333339,615.6805890314749,1784.2355517018582,3
ENT_UK,Sales,Professional Services,2025-12,1325.8094543028574,1523.5798090499998,1225.9177548666669,1225.9177548666669,1126.16715,99.75060486666689,611.7653048353027,1840.070204898031,3
ENT_US,Corporate,Professional Services,2023-03,2611.24145075,,2611.24145075,2611.24145075,2439.0311976,172.21025314999997,2569.7779668,2652.7049346999997,2
ENT_US,Corporate,Professional Services,2023-04,2553.838033033333,,2553.838033033333,2553.838033033333,2439.7014555,114.13657753333291,2438.808772286614,2668.867293780052,3
ENT_US,Corporate,Professional Services,2023-05,2525.30388865,,2503.7096475333333,2503.7096475333333,2061.8989300000003,441.810717533333,2377.596168209879,2629.8231268567874,3
ENT_US,Corporate,Professional Services,2023-06,2432.6228969199997,,2313.5438610333335,2313.5438610333335,2319.6223298,-6.078468766666447,2066.9315370322524,2560.1561850344146,3
ENT_US,Corporate,Professional Services,2023-07,2413.7894690666667,,2273.7409051,2273.7409051,2707.7657484,-434.02484330000016,2055.3012252871017,2492.180584912898,3
ENT_US,Corporate,Professional Services,2023-08,2455.7860804,,2363.0956694,2363.0956694,2659.1701588,-296.07448939999995,1995.1870227953946,2731.0043160046057,3
ENT_US,Corporate,Professional Services,2023-09,2481.2090902,,2562.1860789999996,2562.1860789999996,2664.9581847,-102.77210570000034,2322.888721526334,2801.4834364736653,3
ENT_US,Corporate,Professional Services,2023-10,2501.6256562555554,,2677.2980306333334,2677.2980306333334,2384.33484,292.9631906333334,2647.2606084660124,2707.3354528006544,3
ENT_US,Corporate,Professional Services,2023-11,2489.89657463,,2569.4877278333333,2569.4877278333333,2755.748212,-186.26048416666663,2388.008346911682,2750.9671087549846,3
ENT_US,Corporate,Professional Services,2023-12,2514.0649052999997,,2601.6804122333338,2601.6804122333338,2677.817575,-76.13716276666628,2382.5748809477845,2820.785943518883,3
ENT_US,Corporate,Professional Services,2024-01,2527.7109611083333,2590.086612,2605.9668756666665,2605.9668756666665,2843.7820724,-237.81519673333332,2384.336990803146,2827.596760530187,3
ENT_US,Corporate,Professional Services,2024-02,2552.024123515385,2632.3962895,2759.115953133333,2759.115953133333,1917.6245279999998,841.491425133333,2665.154717941184,2853.0771883254815,3
ENT_US,Corporate,Professional Services,2024-03,2506.7098666928573,2439.0311976,2479.7413918,2479.7413918,2805.1933231,-325.4519312999996,1920.9207003952565,3038.562083204744,3
ENT_US,Corporate,Professional Services,2024-04,2526.6087637866667,2439.7014555,2522.1999745,2522.1999745,2660.1827489,-137.98277440000038,1929.3138774061256,3115.0860715938743,3
ENT_US,Corporate,Professional Services,2024-05,2534.95713785625,2061.8989300000003,2461.0002,2461.0002,2829.4240792,-368.4238792000001,1922.2082884082242,2999.7921115917757,3
ENT_US,Corporate,Professional Services,2024-06,2552.2787226411765,2319.6223298,2764.933383733334,2764.933383733334,2656.9853483,107.94803543333364,2661.3663209508945,2868.500446515773,3
ENT_US,Corporate,Professional Services,2024-07,2558.0957574,2707.7657484,2715.5307254666673,2715.5307254666673,2641.3019765,74.22874896666735,2603.900578536019,2827.1608723973154,3
ENT_US,Corporate,Professional Services,2024-08,2562.475032089473,2659.1701588,2709.237134666667,2709.237134666667,2454.2959287999997,254.94120586666713,2591.1201327764156,2827.354136556918,3
ENT_US,Corporate,Professional Services,2024-09,2557.066076925,2664.9581847,2584.1944178666668,2584.1944178666668,2860.2204469,-276.0260290333331,2456.5849949606977,2711.803840772636,3
ENT_US,Corporate,Professional Services,2024-10,2571.5019993047617,2384.33484,2651.939450733333,2651.939450733333,2927.8641778,-275.92472706666695,2422.029569574836,2881.8493318918304,3
ENT_US,Corporate,Professional Services,2024-11,2587.700280145454,2755.748212,2747.4601844999997,2747.4601844999997,2779.4614274,-32.00124290000031,2457.6211367938786,3037.299232206121,3
ENT_US,Corporate,Professional Services,2024-12,2596.0377213304346,2677.817575,2855.8486840333335,2855.8486840333335,1388.0289729,1467.8197111333334,2771.77269258719,2939.924675479477,3
ENT_US,Corporate,Professional Services,2025-01,2545.704023479167,2716.9343422,2365.1181927,2365.1181927,2601.5700384,-236.45184570000038,1403.8963099261182,3326.3400754738814,3
ENT_US,Corporate,Professional Services,2025-02,2547.9386640760004,2275.01040875,2256.353479566667,2256.353479566667,2681.0089118000005,-424.6554322333336,1399.4635939386706,3113.243365194663,3
ENT_US,Corporate,Professional Services,2025-03,2553.056750526923,2622.11226035,2223.535974366667,2223.535974366667,1956.529971,267.00600336666685,1403.5063939377033,3043.5655547956303,3
ENT_US,Corporate,Professional Services,2025-04,2530.9631661,2549.9421022,2413.0363070666667,2413.0363070666667,1490.11786,922.9184470666667,1963.4079214335156,2862.664692699818,3
ENT_US,Corporate,Professional Services,2025-05,2493.790119453571,2445.6615046,2042.5522476000003,2042.5522476000003,2593.4815434,-550.9292957999999,1363.489088502563,2721.6154066974377,3
ENT_US,Corporate,Professional Services,2025-06,2497.2277547620693,2488.30383905,2013.3764581333335,2013.3764581333335,2559.2632378,-545.8867796666664,1386.608933433969,2640.143982832698,3
ENT_US,Corporate,Professional Services,2025-07,2499.2956041966668,2674.53386245,2214.287547066667,2214.287547066667,2756.2734843000003,-541.9859372333335,1504.3372131467186,2924.237880986615,3
ENT_US,Corporate,Professional Services,2025-08,2507.5852132322584,2556.7330438,2636.3394218333337,2636.3394218333337,2382.7265244,253.61289743333373,2517.2201222337353,2755.458721432932,3
ENT_US,Corporate,Professional Services,2025-09,2503.68337920625,2762.5893158,2566.087748833333,2566.087748833333,2752.5854499999996,-186.4977011666665,2354.6278694234056,2777.5476282432605,3
ENT_US,Corporate,Professional Services,2025-10,2511.2258662,2656.0995089,2630.5284862333333,2630.5284862333333,2397.8014506,232.72703563333334,2387.673598602032,2873.3833738646345,3
ENT_US,Corporate,Professional Services,2025-11,2507.8898539764705,2767.6048197,2511.037808333333,2511.037808333333,2501.6369119,9.400896433332946,2274.1675017082734,2747.9081149583926,3
ENT_US,Corporate,Professional Services,2025-12,2507.7111984885714,2032.92327395,2550.6746041666665,2550.6746041666665,2798.7501365,-248.07553233333329,2344.2643529299316,2757.0848554034014,3
ENT_US,Marketing,Professional Services,2023-03,1353.6552861,,1353.6552861,1353.6552861,816.4324316,537.2228545,1211.8400468559998,1495.4705253440002,2
ENT_US,Marketing,Professional Services,2023-04,1174.5810012666668,,1174.5810012666668,1174.5810012666668,1297.371756,-122.79075473333319,814.1718667784197,1534.9901357549138,3
ENT_US,Marketing,Professional Services,2023-05,1205.2786899500002,,1131.7015866,1131.7015866,1267.7940740000001,-136.0924874000002,822.604033507135,1440.7991396928649,3
ENT_US,Marketing,Professional Services,2023-06,1217.7817667600002,,1127.1994205333333,1127.1994205333333,822.7147923999999,304.48462813333344,822.1883187431504,1432.2105223235162,3
ENT_US,Marketing,Professional Services,2023-07,1151.9372710333334,,1129.2935408,1129.2935408,1198.701293,-69.4077522,828.3806476968423,1430.2064339031579,3
ENT_US,Marketing,Professional Services,2023-08,1158.6178456000002,,1096.4033864666667,1096.4033864666667,1359.3522857,-262.94889923333335,825.3545950805978,1367.4521778527355,3
ENT_US,Marketing,Professional Services,2023-09,1183.7096506125,,1126.9227903666667,1126.9227903666667,1315.0830322000002,-188.16024183333343,815.2497866921285,1438.595794041205,3
ENT_US,Marketing,Professional Services,2023-10,1198.306693011111,,1291.0455369666668,1291.0455369666668,1325.8386255,-34.793088533333275,1197.1458102270985,1384.945263706235,3
ENT_US,Marketing,Professional Services,2023-11,1211.05988626,,1333.4246478,1333.4246478,1390.115206,-56.69055819999994,1307.2969704435982,1359.5523251564018,3
ENT_US,Marketing,Professional Services,2023-12,1227.3376426,,1343.6789545666668,1343.6789545666668,1411.503725,-67.82477043333324,1297.7663323832383,1389.5915767500953,3
ENT_US,Marketing,Professional Services,2024-01,1242.6848161333335,1426.01,1375.8191854999998,1375.8191854999998,472.02047819999996,903.7987072999998,1325.3654013051034,1426.2729696948961,3
ENT_US,Marketing,Professional Services,2024-02,1183.4029439846154,1281.3005721999998,1091.2131364,1091.2131364,1401.376131,-310.16299460000005,484.2836702645558,1698.142602535444,3
ENT_US,Marketing,Professional Services,2024-03,1198.9724573428573,816.4324316,1094.9667780666666,1094.9667780666666,1358.2360824999998,-263.2693044333332,484.4525119426854,1705.481044190648,3
ENT_US,Marketing,Professional Services,2024-04,1209.5900323533335,1297.371756,1077.2108972333333,1077.2108972333333,521.0162906,556.1946066333333,483.6222212224343,1670.7995732442323,3
ENT_US,Marketing,Professional Services,2024-05,1166.55417349375,1267.7940740000001,1093.5428347,1093.5428347,1112.927352,-19.38451729999997,531.9361385491176,1655.1495308508825,3
ENT_US,Marketing,Professional Services,2024-06,1163.399654582353,822.7147923999999,997.3932417,997.3932417,1561.1871107,-563.793869,510.34823708845926,1484.4382463115408,3
ENT_US,Marketing,Professional Services,2024-07,1185.4989577000001,1198.701293,1065.0435844333333,1065.0435844333333,999.9882696,65.05531483333334,474.64369788360204,1655.4434709830646,3
ENT_US,Marketing,Professional Services,2024-08,1175.735237273684,1359.3522857,1224.7009107666665,1224.7009107666665,1455.7742988,-231.07338803333346,888.8099913512983,1560.5918301820348,3
ENT_US,Marketing,Professional Services,2024-09,1189.73719035,1315.0830322000002,1338.9832263666667,1338.9832263666667,1068.4255518,270.5576745666667,1001.4567509747385,1676.509701758595,3
ENT_US,Marketing,Professional Services,2024-10,1183.9604456571428,1325.8386255,1174.7293734,1174.7293734,1249.2126240000002,-74.48325060000025,896.5966878199104,1452.8620589800896,3
ENT_US,Marketing,Professional Services,2024-11,1186.9264537636363,1390.115206,1257.8041582,1257.8041582,1424.7627714,-166.95861319999995,1038.4793005322138,1477.1290158677864,3
ENT_US,Marketing,Professional Services,2024-12,1197.267163226087,1411.503725,1247.4669824,1247.4669824,1459.3581205,-211.89113810000003,1045.8429628539234,1449.0910019460766,3
ENT_US,Marketing,Professional Services,2025-01,1208.1876197791667,949.0152390999999,1377.7778386333332,1377.7778386333332,1339.4604576,38.31738103333328,1250.272492711101,1505.2831845555654,3
ENT_US,Marketing,Professional Services,2025-02,1213.4385332919999,1341.3383516,1407.8604498333334,1407.8604498333334,807.050873,600.8095768333334,1338.0289683983067,1477.6919312683601,3
ENT_US,Marketing,Professional Services,2025-03,1197.8082386653846,1087.33425705,1201.9564837,1201.9564837,1292.082516,-90.1260322999999,809.0482698980451,1594.864697501955,3
ENT_US,Marketing,Professional Services,2025-04,1201.2998785666666,909.1940233,1146.1979488666666,1146.1979488666666,1194.157265,-47.95931613333346,812.7545334524327,1479.6413642809005,3
ENT_US,Marketing,Professional Services,2025-05,1201.044785225,1190.360713,1097.7635513333335,1097.7635513333335,1275.653787,-177.8902356666665,807.5274671779378,1387.9996354887292,3
ENT_US,Marketing,Professional Services,2025-06,1203.617509424138,1191.95095155,1253.9645226666669,1253.9645226666669,1346.2386502,-92.27412753333306,1194.620883573389,1313.3081617599448,3
ENT_US,Marketing,Professional Services,2025-07,1208.37154745,1099.3447813,1272.0165674,1272.0165674,1021.2548339,250.7617335,1185.8946271737684,1358.1385076262316,3
ENT_US,Marketing,Professional Services,2025-08,1202.3355244322581,1407.56329225,1214.3824237000001,1214.3824237000001,1350.8607482,-136.47832449999987,1020.9496699089423,1407.815177491058,3
ENT_US,Marketing,Professional Services,2025-09,1206.976937675,1191.754292,1239.4514107666666,1239.4514107666666,1410.630717,-171.17930623333336,1025.6027739465535,1453.3000475867798,3
ENT_US,Marketing,Professional Services,2025-10,1213.148264321212,1287.5256247500001,1260.9154330333333,1260.9154330333333,1008.4977994000002,252.41763363333314,1023.6258428527901,1498.2050232138765,3
ENT_US,Marketing,Professional Services,2025-11,1207.1291330000001,1407.4389887,1256.6630882,1256.6630882,1264.590352,-7.9272637999999915,1011.1211068447235,1502.2050695552764,3
ENT_US,Marketing,Professional Services,2025-12,1208.7708821142858,1435.43092275,1227.9062894666667,1227.9062894666667,1282.8200736,-54.91378413333314,997.5555263702801,1458.2570525630535,3
ENT_US,Operations,Professional Services,2023-03,1113.32291265,,1113.32291265,1113.32291265,977.5088614,135.81405125000003,183.80680385600022,2042.8390214439999,2
ENT_US,Operations,Professional Services,2023-04,1068.0515622333335,,1068.0515622333335,1068.0515622333335,436.6447995,631.4067627333335,524.1090963952548,1611.9940280714122,3
ENT_US,Operations,Professional Services,2023-05,910.19987155,,1000.5731620666666,1000.5731620666666,1674.362854,-673.7896919333334,348.9861313432973,1652.1601927900358,3
ENT_US,Operations,Professional Services,2023-06,1063.0324680400001,,1029.5055049666666,1029.5055049666666,1236.1486805,-206.6431755333333,327.34914046621043,1731.6618694671229,3
ENT_US,Operations,Professional Services,2023-07,1091.8851701166668,,1115.718778,1115.718778,1674.3419698,-558.6231918000001,405.5385176803477,1825.8990383196522,3
ENT_US,Operations,Professional Services,2023-08,1175.093284357143,,1528.2845014333334,1528.2845014333334,1587.8434505,-59.55894906666663,1241.991396674815,1814.5776061918518,3
ENT_US,Operations,Professional Services,2023-09,1226.687055125,,1499.4447002666668,1499.4447002666668,1588.2807913000001,-88.83609103333333,1236.8142225800348,1762.0751779532989,3
ENT_US,Operations,Professional Services,2023-10,1266.864136922222,,1616.8220705333333,1616.8220705333333,1626.2504609999999,-9.428390466666542,1560.4520261334874,1673.1921149331793,3
ENT_US,Operations,Professional Services,2023-11,1302.8027693299998,,1600.7915676,1600.7915676,1654.0844379999999,-53.292870399999856,1575.8406250113503,1625.7425101886497,3
ENT_US,Operations,Professional Services,2023-12,1334.737466481818,,1622.8718967666666,1622.8718967666666,1713.5115500000002,-90.63965323333355,1585.493047162719,1660.2507463706143,3
ENT_US,Operations,Professional Services,2024-01,1366.3019734416666,639.08,1664.6154829999998,1664.6154829999998,828.0889989,836.5264840999998,1614.175759873611,1715.0552061263886,3
ENT_US,Operations,Professional Services,2024-02,1324.9009753999999,1587.5658253,1398.5616622999999,1398.5616622999999,1704.5214389999999,-305.9597767,838.4882296809724,1958.6350949190273,3
ENT_US,Operations,Professional Services,2024-03,1352.0167227999998,977.5088614,1415.3739959666666,1415.3739959666666,1782.12502,-366.75102403333335,839.8122213651425,1990.9357705681907,3
ENT_US,Operations,Professional Services,2024-04,1380.6906092799998,436.6447995,1438.2451526333334,1438.2451526333334,1823.4485908000001,-385.20343816666673,838.6821693695151,2037.8081358971517,3
ENT_US,Operations,Professional Services,2024-05,1408.362983125,1674.362854,1770.0316832666667,1770.0316832666667,1772.6722272,-2.6405439333332197,1701.706601907496,1838.3567646258375,3
ENT_US,Operations,Professional Services,2024-06,1429.7929386588237,1236.1486805,1792.7486126666665,1792.7486126666665,1662.9652335,129.78337916666646,1762.19093418901,1823.306291144323,3
ENT_US,Operations,Professional Services,2024-07,1442.746955038889,1674.3419698,1753.0286838333334,1753.0286838333334,1785.1624986,-32.133814766666546,1660.2084655083618,1845.848902158305,3
ENT_US,Operations,Professional Services,2024-08,1460.7688257526315,1587.8434505,1740.2666530999998,1740.2666530999998,1731.6678472,8.598805899999661,1664.1823426314083,1816.3509635685912,3
ENT_US,Operations,Professional Services,2024-09,1474.3137768249999,1588.2807913000001,1726.5985264333333,1726.5985264333333,1725.9304158,0.6681106333332991,1657.2806626515742,1795.9163902150924,3
ENT_US,Operations,Professional Services,2024-10,1486.2955215380953,1626.2504609999999,1747.5869205333336,1747.5869205333336,1832.2791932,-84.69227266666644,1710.620042640089,1784.5537984265782,3
ENT_US,Operations,Professional Services,2024-11,1502.022052068182,1654.0844379999999,1763.2924854,1763.2924854,1161.1199358,602.1725496000001,1695.6076194956831,1830.977351304317,3
ENT_US,Operations,Professional Services,2024-12,1487.200220926087,1713.5115500000002,1573.1098482666666,1573.1098482666666,1726.9405027,-153.8306544333334,1164.9004868793156,1981.3192096540176,3
ENT_US,Operations,Professional Services,2025-01,1497.1893993333335,733.5844994500001,1573.4465438999998,1573.4465438999998,1679.0374144,-105.59087050000016,1164.9946079541774,1981.8984798458223,3
ENT_US,Operations,Professional Services,2025-02,1504.4633199360003,1646.04363215,1522.3659509666666,1522.3659509666666,1626.7938558,-104.42790483333351,1167.3088464792438,1877.4230554540893,3
ENT_US,Operations,Professional Services,2025-03,1509.1683405461542,1379.8169407,1677.5905909666665,1677.5905909666665,1731.3535190000002,-53.762928033333765,1620.9095541595514,1734.2716277737816,3
ENT_US,Operations,Professional Services,2025-04,1517.3974212296303,1130.04669515,1679.0615964,1679.0615964,1003.5278575,675.5337389000001,1619.9013929524635,1738.2217998475367,3
ENT_US,Operations,Professional Services,2025-05,1499.0449368107147,1723.5175405999998,1453.8917441,1453.8917441,1465.5298956,-11.638151499999822,1008.5878194577368,1899.1956687422635,3
ENT_US,Operations,Professional Services,2025-06,1497.889245734483,1449.556957,1400.1370907,1400.1370907,1733.0569024,-332.91981169999985,983.3743604954401,1816.8998209045599,3
ENT_US,Operations,Professional Services,2025-07,1505.7281676233335,1729.7522342,1400.7048851666666,1400.7048851666666,1618.9471333,-218.2422481333333,983.0748167474032,1818.33495358593,3
ENT_US,Operations,Professional Services,2025-08,1509.3803923225807,1659.75564885,1605.8446437666664,1605.8446437666664,1430.7941114,175.0505323666664,1453.9333425074835,1757.7559450258493,3
ENT_US,Operations,Professional Services,2025-09,1506.92457104375,1657.10560355,1594.2660490333335,1594.2660490333335,1530.673473,63.592576033333444,1421.5428328882683,1766.9892651783987,3
ENT_US,Operations,Professional Services,2025-10,1507.6442347393938,1729.2648270999998,1526.8049058999998,1526.8049058999998,1781.7686855999998,-254.96377970000003,1420.2798268750987,1633.3299849249008,3
ENT_US,Operations,Professional Services,2025-11,1515.7067185882352,1407.6021868999999,1581.0787566666668,1581.0787566666668,1040.5382561999998,540.540500466667,1376.4446584105474,1785.7128549227862,3
ENT_US,Operations,Professional Services,2025-12,1502.1304768057144,1720.2260263500002,1450.9934715999998,1450.9934715999998,775.2493072,675.7441643999998,1024.395348949324,1877.5915942506756,3
ENT_US,R&D,Professional Services,2023-03,2138.14202935,,2138.14202935,2138.14202935,2261.6238212,-123.48179184999981,2127.8259069600003,2148.4581517399997,2
ENT_US,R&D,Professional Services,2023-04,2179.302626633333,,2179.302626633333,2179.302626633333,2202.315653,-23.013026366666963,2098.408295864281,2260.196957402385,3
ENT_US,R&D,Professional Services,2023-05,2185.055883225,,2202.4482771,2202.4482771,1043.14479,1159.3034870999998,2135.559757995541,2269.3367962044586,3
ENT_US,R&D,Professional Services,2023-06,1956.67366458,,1835.6947547333336,1835.6947547333336,2134.8502584,-299.15550366666616,1058.2712287651002,2613.118280701567,3
ENT_US,R&D,Professional Services,2023-07,1986.36976355,,1793.4369004666667,1793.4369004666667,2275.1777700000002,-481.7408695333336,1057.1604519807815,2529.7133489525518,3
ENT_US,R&D,Professional Services,2023-08,2027.6280501857143,,1817.7242728,1817.7242728,2171.2719741,-353.54770129999997,1054.4953199579822,2580.953225642018,3
ENT_US,R&D,Professional Services,2023-09,2045.583540675,,2193.7666675,2193.7666675,1889.7394012,304.02726630000006,2111.365343937011,2276.167991062989,3
ENT_US,R&D,Professional Services,2023-10,2028.2675251777775,,2112.0630484333337,2112.0630484333337,1686.6421559999999,425.42089243333385,1886.3934775717464,2337.732619294921,3
ENT_US,R&D,Professional Services,2023-11,1994.1049882599996,,1915.8845104333334,1915.8845104333334,1887.447944,28.436566433333383,1640.4848874159536,2191.284133450713,3
ENT_US,R&D,Professional Services,2023-12,1984.4088933272724,,1821.2765004,1821.2765004,476.00300000000004,1345.2735004,1689.328472997279,1953.224527802721,3
ENT_US,R&D,Professional Services,2024-01,1858.7084022166664,2132.8787016,1350.0310333333334,1350.0310333333334,2265.3122811999997,-915.2812478666663,485.98109382457085,2214.080972842096,3
ENT_US,R&D,Professional Services,2024-02,1889.9856236769228,2143.4053571,1542.9210750666668,1542.9210750666668,2411.03215,-868.1110749333332,475.7069253798111,2610.1352247535224,3
ENT_US,R&D,Professional Services,2024-03,1927.2032326999997,2261.6238212,1717.4491437333334,1717.4491437333334,2320.4708696999996,-603.0217259666663,498.04139282332335,2936.8568946433434,3
ENT_US,R&D,Professional Services,2024-04,1953.4210751666662,2202.315653,2332.2717669666663,2332.2717669666663,2407.3281938,-75.05642683333372,2249.0158523223563,2415.5276816109763,3
ENT_US,R&D,Professional Services,2024-05,1981.7902700812501,1043.14479,2379.6104044999997,2379.6104044999997,2477.7828600000003,-98.17245550000052,2321.615782424625,2437.6050265753743,3
ENT_US,R&D,Professional Services,2024-06,2010.966304782353,2134.8502584,2401.8606411666665,2401.8606411666665,2433.5698044,-31.709163233333584,2312.6918693574066,2491.0294129759263,3
ENT_US,R&D,Professional Services,2024-07,2034.4442769833336,2275.1777700000002,2439.560286066667,2439.560286066667,2100.924107,338.63617906666695,2399.26683951869,2479.8537326146434,3
ENT_US,R&D,Professional Services,2024-08,2037.9432154052633,2171.2719741,2337.4255904666666,2337.4255904666666,2297.67075,39.75484046666634,2104.3080201165876,2570.5431608167455,3
ENT_US,R&D,Professional Services,2024-09,2050.929592135,1889.7394012,2277.3882204666666,2277.3882204666666,2035.1769389,242.21128156666646,2088.1295211401566,2466.6469197931765,3
ENT_US,R&D,Professional Services,2024-10,2050.179465790476,1686.6421559999999,2144.5905986333332,2144.5905986333332,1483.8809386,660.7096600333332,1990.0286303463804,2299.152566920286,3
ENT_US,R&D,Professional Services,2024-11,2024.4386236454543,1887.447944,1938.9095425000003,1938.9095425000003,2357.8507322,-418.94118969999977,1468.8989501635278,2408.9201348364727,3
ENT_US,R&D,Professional Services,2024-12,2038.9348022782608,476.00300000000004,1958.9695365666666,1958.9695365666666,2347.5044921,-388.53495553333323,1458.866691539497,2459.0723815938363,3
ENT_US,R&D,Professional Services,2025-01,2051.7918726875,2199.0954914,2063.0787209666664,2063.0787209666664,2339.704992,-276.6262710333335,1495.4347085305835,2630.7227334027493,3
ENT_US,R&D,Professional Services,2025-02,2063.30839746,2277.2187535499997,2348.353405433333,2348.353405433333,2179.1662561000003,169.18714933333285,2338.0528354340554,2358.653975432611,3
ENT_US,R&D,Professional Services,2025-03,2067.7644689461536,2291.0473454499997,2288.7919134,2288.7919134,2388.9059,-100.11398660000032,2181.268172401309,2396.3156543986906,3
ENT_US,R&D,Professional Services,2025-04,2079.658596022222,2304.8219234,2302.5923827,2302.5923827,2088.9958075,213.5965752000002,2178.4726899145603,2426.71207548544,3
ENT_US,R&D,Professional Services,2025-05,2079.992067860714,1760.4638250000003,2219.0226545333335,2219.0226545333335,1646.2501056,572.7725489333334,2044.895230603659,2393.150078463008,3
ENT_US,R&D,Professional Services,2025-06,2065.0354484724135,2284.2100314,2041.3839377000002,2041.3839377000002,2297.5342494,-256.1503117,1618.6042067377764,2464.163668662224,3
ENT_US,R&D,Professional Services,2025-07,2072.785408503333,2188.0509385,2010.9267208333333,2010.9267208333333,1926.8969314,84.02978943333324,1634.569554618592,2387.2838870480746,3
ENT_US,R&D,Professional Services,2025-08,2068.079328596774,2234.47136205,1956.8937621333334,1956.8937621333334,1611.9383364,344.9554257333334,1587.2243624924536,2326.5631617742133,3
ENT_US,R&D,Professional Services,2025-09,2053.824922590625,1962.45817005,1945.4565057333336,1945.4565057333336,2197.3659820000003,-251.90947626666662,1557.1179274284773,2333.79508403819,3
ENT_US,R&D,Professional Services,2025-10,2058.1746516636367,1585.2615473,1912.0670832666667,1912.0670832666667,1405.1858805,506.8812027666668,1580.5115356412794,2243.622630892054,3
ENT_US,R&D,Professional Services,2025-11,2038.9690995705882,2122.6493381,1738.1633996333333,1738.1633996333333,2301.0592921999996,-562.8958925666664,1273.1889030196567,2203.13789624701,3
ENT_US,R&D,Professional Services,2025-12,2046.4573907885717,1411.75374605,1967.8703849,1967.8703849,2315.5055007,-347.6351158,1413.3272274822803,2522.41354231772,3
ENT_US,Sales,Professional Services,2023-03,1992.8630405000001,,1992.8630405000001,1992.8630405000001,262.2781796,1730.5848609000002,1863.8083008960002,2121.917780104,2
ENT_US,Sales,Professional Services,2023-04,1416.0014202000002,,1416.0014202000002,1416.0014202000002,2055.8369270000003,-639.8355068000001,282.9002054818907,2549.1026349181097,3
ENT_US,Sales,Professional Services,2023-05,1575.9602969000002,,1458.9408006666665,1458.9408006666665,2009.8989760000004,-550.9581753333339,286.21030747288137,2631.6712938604514,3
ENT_US,Sales,Professional Services,2023-06,1662.7480327200003,,1442.6713608666669,1442.6713608666669,1394.6087143,48.0626465666669,285.59407434137233,2599.7486473919616,3
ENT_US,Sales,Professional Services,2023-07,1618.058146316667,,1820.1148724333336,1820.1148724333336,2053.2380802,-233.12320776666616,1402.3095720080817,2237.920172858586,3
ENT_US,Sales,Professional Services,2023-08,1680.2267083000002,,1819.2485901666666,1819.2485901666666,1249.7331141,569.5154760666667,1402.3796776765876,2236.1175026567457,3
ENT_US,Sales,Professional Services,2023-09,1626.415009025,,1565.8599695333332,1565.8599695333332,2055.9101528,-490.05018326666686,1081.246515333223,2050.4734237334433,3
ENT_US,Sales,Professional Services,2023-10,1674.1366916666666,,1786.2937823666664,1786.2937823666664,2138.6083245,-352.3145421333336,1260.4621540055882,2312.1254107277446,3
ENT_US,Sales,Professional Services,2023-11,1720.58385495,,1814.7505304666665,1814.7505304666665,2220.329364,-405.57883353333364,1259.0599876859774,2370.4410732473557,3
ENT_US,Sales,Professional Services,2023-12,1766.0152648636365,,2138.2826137666666,2138.2826137666666,2151.632075,-13.349461233333386,2045.2531398328244,2231.312087700509,3
ENT_US,Sales,Professional Services,2024-01,1798.149999041667,1927.0187856000002,2170.1899211666664,2170.1899211666664,2155.5641227,14.62579846666631,2120.5037946882026,2219.8760476451303,3
ENT_US,Sales,Professional Services,2024-02,1825.643393169231,2058.7072954,2175.8418539,2175.8418539,2222.834562,-46.99270810000007,2132.187366738804,2219.496341061196,3
ENT_US,Sales,Professional Services,2024-03,1854.0141909428573,262.2781796,2176.6769199,2176.6769199,1780.4253242999998,396.2515956000002,2131.387753429248,2221.9660863707522,3
ENT_US,Sales,Professional Services,2024-04,1849.1082665000001,2055.8369270000003,2052.9413363333333,2052.9413363333333,2301.6198322,-248.6784958666667,1783.177018921289,2322.7056537453777,3
ENT_US,Sales,Professional Services,2024-05,1877.39023935625,2009.8989760000004,2101.6265728333333,2101.6265728333333,1177.29,924.3365728333333,1783.7086492967433,2419.5444963699233,3
ENT_US,Sales,Professional Services,2024-06,1836.2078723352943,1394.6087143,1753.111718833333,1753.111718833333,783.2467748,969.864944033333,1116.3993331766949,2389.8241044899714,3
ENT_US,Sales,Professional Services,2024-07,1777.7100335833336,2053.2380802,1420.718869,1420.718869,1678.7659816999999,-258.04711269999984,529.1110156080266,2312.3267223919734,3
ENT_US,Sales,Professional Services,2024-08,1772.5024519052633,1249.7331141,1213.1009188333333,1213.1009188333333,2339.9628359999997,-1126.8619171666664,705.1993011322497,1721.0025365344168,3
ENT_US,Sales,Professional Services,2024-09,1800.8754711100003,2055.9101528,1600.658530833333,1600.658530833333,2243.3085261,-642.649995266667,716.5436825144405,2484.7733791522255,3
ENT_US,Sales,Professional Services,2024-10,1821.9437118238097,2138.6083245,2087.3457812666666,2087.3457812666666,1456.9818126,630.3639686666666,1683.2202650010386,2491.4712975322946,3
ENT_US,Sales,Professional Services,2024-11,1805.354534586364,2220.329364,2013.4177249000002,2013.4177249000002,2189.6694132,-176.2516882999996,1465.3751724521253,2561.460277347875,3
ENT_US,Sales,Professional Services,2024-12,1822.0638771347828,2151.632075,1963.3199173,1963.3199173,2047.0904750999998,-83.77055779999978,1466.1813354438905,2460.4584991561096,3
ENT_US,Sales,Professional Services,2025-01,1831.4399853833331,2041.2914541500002,1897.9139003,1897.9139003,2175.7177152,-277.8038148999999,1458.3346221071845,2337.493178492816,3
ENT_US,Sales,Professional Services,2025-02,1845.2110945759998,2140.7709287,2137.4925344999997,2137.4925344999997,2172.435942,-34.943407500000376,2048.547529148762,2226.4375398512375,3
ENT_US,Sales,Professional Services,2025-03,1857.796665630769,1021.3517519499999,2131.7480441000002,2131.7480441000002,1765.640187,366.1078571000003,2048.7628500088967,2214.7332381911037,3
ENT_US,Sales,Professional Services,2025-04,1854.383462718518,2178.7283796,2037.9312814000002,2037.9312814000002,1619.19652,418.73476140000025,1771.079548579477,2304.7830142205235,3
ENT_US,Sales,Professional Services,2025-05,1845.9839290499997,1593.5944880000002,1852.4242163333336,1852.4242163333336,2045.4952398,-193.07102346666647,1528.0514892895185,2176.7969433771486,3
ENT_US,Sales,Professional Services,2025-06,1852.8636294206894,1088.92774455,1810.1106489333333,1810.1106489333333,2210.4030919999996,-400.29244306666624,1565.003875421379,2055.2174224452874,3
ENT_US,Sales,Professional Services,2025-07,1864.7816115066664,1866.0020309499998,1958.3649506,1958.3649506,1755.5018593,202.86309129999995,1613.1320910849981,2303.5978101150017,3
ENT_US,Sales,Professional Services,2025-08,1861.256458209677,1794.8479750499998,2003.8000636999998,2003.8000636999998,1099.5646032,904.2354604999998,1743.192164680428,2264.4079627195715,3
ENT_US,Sales,Professional Services,2025-09,1837.453587740625,2149.6093394500003,1688.4898514999998,1688.4898514999998,1702.940509,-14.450657500000261,1056.5521988983023,2320.427504101697,3
ENT_US,Sales,Professional Services,2025-10,1833.377433839394,1797.79506855,1519.3356571666666,1519.3356571666666,2107.3698531,-588.0341959333334,1106.8864575464283,1931.7848567869048,3
ENT_US,Sales,Professional Services,2025-11,1841.4360344058823,2204.9993886,1636.624988433333,1636.624988433333,1803.3658272,-166.7408387666669,1062.7139541735232,2210.536022693143,3
ENT_US,Sales,Professional Services,2025-12,1840.3483142,2099.3612750499997,1871.2253964333333,1871.2253964333333,1786.4886218000001,84.7367746333332,1632.9302750601937,2109.520517806473,3
ENT_EU,Corporate,Utilities,2023-03,1651.77,,1651.77,1651.77,1471.24,180.52999999999997,1560.6104,1742.9296,2
ENT_EU,Corporate,Utilities,2023-04,1591.5933333333332,,1591.5933333333332,1591.5933333333332,1677.4201635,-85.8268301666667,1462.4370479862478,1720.7496186804187,3
ENT_EU,Corporate,Utilities,2023-05,1613.050040875,,1615.6467211666666,1615.6467211666666,1600.93548,14.711241166666468,1473.6368239737162,1757.656618359617,3
ENT_EU,Corporate,Utilities,2023-06,1610.6271287,,1583.1985478333334,1583.1985478333334,1631.3200000000002,-48.12145216666681,1465.2532561553305,1701.1438395113362,3
ENT_EU,Corporate,Utilities,2023-07,1614.0759405833332,,1636.5585478333335,1636.5585478333335,1654.42,-17.861452166666595,1592.979816417372,1680.137279249295,3
ENT_EU,Corporate,Utilities,2023-08,1619.839377642857,,1628.8918266666667,1628.8918266666667,1675.7,-46.80817333333334,1598.5366953522325,1659.2469579811009,3
ENT_EU,Corporate,Utilities,2023-09,1626.8219554375,,1653.8133333333335,1653.8133333333335,1521.12,132.6933333333336,1628.6959471409414,1678.9307195257256,3
ENT_EU,Corporate,Utilities,2023-10,1615.077293722222,,1617.08,1617.08,1853.5235998000003,-236.44359980000036,1522.2715577013662,1711.8884422986337,3
ENT_EU,Corporate,Utilities,2023-11,1638.92192433,,1683.4478666000002,1683.4478666000002,866.2923940000001,817.1554726000002,1495.219618004207,1871.6761151957935,3
ENT_EU,Corporate,Utilities,2023-12,1568.6828761181816,,1413.6453312666665,1413.6453312666665,1492.623325,-78.9779937333335,845.2234036367315,1982.0672588966015,3
ENT_EU,Corporate,Utilities,2024-01,1562.3445801916666,1605.26,1404.1464396000001,1404.1464396000001,1112.61,291.5364396000002,838.8781321653992,1969.414747034601,3
ENT_EU,Corporate,Utilities,2024-02,1527.7496124846152,1698.28,1157.1752396666668,1157.1752396666668,777.1693794999999,380.00586016666693,800.1141003369786,1514.2363789963551,3
ENT_EU,Corporate,Utilities,2024-03,1474.1367386999998,1471.24,1127.4675681666668,1127.4675681666668,1617.99,-490.52243183333326,722.3996145432575,1532.535521790076,3
ENT_EU,Corporate,Utilities,2024-04,1483.72695612,1677.4201635,1169.256459833333,1169.256459833333,1761.6763458,-592.4198859666669,690.2894494170719,1648.2234702495944,3
ENT_EU,Corporate,Utilities,2024-05,1501.098792975,1600.93548,1385.6119084333332,1385.6119084333332,797.72,587.8919084333331,783.8214985915056,1987.4023182751607,3
ENT_EU,Corporate,Utilities,2024-06,1459.7235698588236,1631.3200000000002,1392.4621152666668,1392.4621152666668,1110.68,281.7821152666668,803.9722330448454,1980.9519974884884,3
ENT_EU,Corporate,Utilities,2024-07,1440.3322604222221,1654.42,1223.3587819333334,1223.3587819333334,1267.9,-44.541218066666715,666.8828985283506,1779.8346653383162,3
ENT_EU,Corporate,Utilities,2024-08,1431.256878294737,1675.7,1058.7666666666667,1058.7666666666667,1158.4920067,-99.7253400333334,787.9163340584323,1329.616999274901,3
ENT_EU,Corporate,Utilities,2024-09,1417.618634715,1521.12,1179.0240022333335,1179.0240022333335,1702.3400000000001,-523.3159977666667,1087.8211196552747,1270.2268848113922,3
ENT_EU,Corporate,Utilities,2024-10,1431.1767949666666,1853.5235998000003,1376.2440022333333,1376.2440022333333,1611.25,-235.00599776666672,1050.7296060803585,1701.758398386308,3
ENT_EU,Corporate,Utilities,2024-11,1439.36194065,866.2923940000001,1490.6940022333335,1490.6940022333335,1628.3,-137.6059977666664,1161.0817254904555,1820.3062789762116,3
ENT_EU,Corporate,Utilities,2024-12,1447.5766388826087,1492.623325,1647.2966666666669,1647.2966666666669,1300.6950056,346.6016610666668,1592.4983704302163,1702.0949629031174,3
ENT_EU,Corporate,Utilities,2025-01,1441.4565708291666,1358.935,1513.4150018666667,1513.4150018666667,397.26,1116.1550018666667,1304.7263140604489,1722.1036896728845,3
ENT_EU,Corporate,Utilities,2025-02,1399.688707996,1237.72468975,1108.7516685333333,1108.7516685333333,1667.5871709,-558.8355023666668,387.27236381795376,1830.2309732487129,3
ENT_EU,Corporate,Utilities,2025-03,1409.992495030769,1544.615,1121.8473921666666,1121.8473921666666,896.47,225.3773921666666,382.0305718826464,1861.6642124506868,3
ENT_EU,Corporate,Utilities,2025-04,1390.973143362963,1719.54825465,987.1057236333332,987.1057236333332,1736.39,-749.2842763666669,262.8829334185991,1711.3285138480674,3
ENT_EU,Corporate,Utilities,2025-05,1403.3094596714286,1199.3277400000002,1433.4823903,1433.4823903,1733.2934592,-299.8110689,905.7724088556876,1961.1923717443124,3
ENT_EU,Corporate,Utilities,2025-06,1414.688218275862,1371.0,1455.3844864,1455.3844864,1724.26,-268.8755136,907.6454876387656,2003.1234851612344,3
ENT_EU,Corporate,Utilities,2025-07,1425.0072776666668,1461.16,1731.3144863999999,1731.3144863999999,1845.3734141,-114.05892770000014,1724.182539064518,1738.4464337354816,3
ENT_EU,Corporate,Utilities,2025-08,1438.5674756161293,1417.09600335,1767.6422911,1767.6422911,1826.4427885,-58.80049740000004,1691.2945131479878,1843.9900690520121,3
ENT_EU,Corporate,Utilities,2025-09,1450.6885791437498,1611.73,1798.692067533333,1798.692067533333,1373.96,424.73206753333307,1724.9664332319683,1872.417701834698,3
ENT_EU,Corporate,Utilities,2025-10,1448.3634706848484,1732.3867999000001,1681.9254008666667,1681.9254008666667,1655.85,26.07540086666677,1379.929302529531,1983.9214992038023,3
ENT_EU,Corporate,Utilities,2025-11,1454.4660156647058,1247.2961970000001,1618.7509295,1618.7509295,1145.9499999999998,472.80092950000017,1360.1660259808423,1877.3358330191577,3
ENT_EU,Corporate,Utilities,2025-12,1445.6512723599997,1396.6591653,1391.92,1391.92,1026.79926,365.12074000000007,1102.8805255990571,1680.959474400943,3
ENT_EU,Marketing,Utilities,2023-03,702.3050000000001,,702.3050000000001,702.3050000000001,862.6120168,-160.30701679999993,432.59920000000017,972.0108,2
ENT_EU,Marketing,Utilities,2023-04,755.7406722666668,,755.7406722666668,755.7406722666668,831.5799999999999,-75.8393277333331,568.0806968963332,943.4006476370005,3
ENT_EU,Marketing,Utilities,2023-05,774.7005042000001,,844.7006722666666,844.7006722666666,786.087316,58.61335626666664,826.525809438281,862.8755350950522,3
ENT_EU,Marketing,Utilities,2023-07,776.97786656,,826.7597775999999,826.7597775999999,863.0,-36.24022240000011,783.2049293459794,870.3146258540204,3
ENT_EU,Marketing,Utilities,2023-08,791.3148888000001,,826.8891053333333,826.8891053333333,724.3268565,102.56224883333334,783.129519371534,870.6486912951326,3
ENT_EU,Marketing,Utilities,2023-09,781.7451699000001,,791.1380575,791.1380575,798.3334133000001,-7.195355800000129,712.5203695460814,869.7557454539185,3
ENT_EU,Marketing,Utilities,2023-10,783.818700325,,795.2200899333333,795.2200899333333,831.01,-35.78991006666672,716.6990735535451,873.7411063131215,3
ENT_EU,Marketing,Utilities,2023-11,789.0621780666667,,784.5567566,784.5567566,851.272035,-66.71527839999999,722.7036108631394,846.4099023368606,3
ENT_EU,Marketing,Utilities,2023-12,795.28316376,,826.8718161,826.8718161,854.3,-27.428183899999908,796.6456791795913,857.0979530204088,3
ENT_EU,Marketing,Utilities,2024-01,800.648330690909,564.7,845.527345,845.527345,694.44,151.0873449999999,831.1975634082636,859.8571265917363,3
ENT_EU,Marketing,Utilities,2024-02,791.7976364666666,839.91,800.0040116666665,800.0040116666665,279.51,520.4940116666666,696.5370951834407,903.4709281498924,3
ENT_EU,Marketing,Utilities,2024-03,752.3908952,862.6120168,609.4166666666666,609.4166666666666,892.6099316,-283.19326493333335,273.69433294314973,945.1390003901836,3
ENT_EU,Marketing,Utilities,2024-04,762.4065406571428,831.5799999999999,622.1866438666667,622.1866438666667,875.4300000000001,-253.24335613333335,268.13972462614515,976.2335631071883,3
ENT_EU,Marketing,Utilities,2024-05,769.9414379466667,786.087316,682.5166438666666,682.5166438666666,842.86,-160.34335613333337,287.4505305237005,1077.5827572096327,3
ENT_EU,Marketing,Utilities,2024-06,774.4988480750001,,870.2999772,870.2999772,719.8311726,150.4688046,841.7058728252107,898.8940815747892,3
ENT_EU,Marketing,Utilities,2024-07,771.2831024588236,863.0,812.7070575333333,812.7070575333333,922.2597499999999,-109.5526924666666,719.8418746997331,905.5722403669336,3
ENT_EU,Marketing,Utilities,2024-08,779.6706939888888,724.3268565,828.3169742,828.3169742,712.9919095,115.32506469999998,712.8988944959852,943.7350539040148,3
ENT_EU,Marketing,Utilities,2024-09,776.1612842789474,798.3334133000001,785.0276107,785.0276107,942.2185655,-157.1909548,650.4844536028831,919.5707677971168,3
ENT_EU,Marketing,Utilities,2024-10,784.46414834,831.01,859.1567416666667,859.1567416666667,739.4508579000001,119.7058837666666,715.4707507205645,1002.8427326127688,3
ENT_EU,Marketing,Utilities,2024-11,782.3206583190477,851.272035,798.2204443,798.2204443,910.4973786,-112.2769343,656.3104292061835,940.1304593938166,3
ENT_EU,Marketing,Utilities,2024-12,788.1468728772728,854.3,864.0556006666667,864.0556006666667,871.2307777,-7.175177033333284,740.6310175080403,987.4801838252931,3
ENT_EU,Marketing,Utilities,2025-01,791.7592165652175,629.57,840.3930047333333,840.3930047333333,892.120752,-51.72774726666671,739.0055166553896,941.7804928112771,3
ENT_EU,Marketing,Utilities,2025-02,795.9409472083333,559.71,891.2829694333335,891.2829694333335,617.78,273.50296943333353,869.050633296107,913.51530557056,3
ENT_EU,Marketing,Utilities,2025-03,788.81450932,877.6109742,793.7105099,793.7105099,870.66,-76.94949009999993,620.8939410394762,966.5270787605239,3
ENT_EU,Marketing,Utilities,2025-04,791.9624128076922,853.505,793.5202506666666,793.5202506666666,309.771135,483.74911566666657,620.8672866624078,966.1732146709254,3
ENT_EU,Marketing,Utilities,2025-05,774.1034765925925,814.473658,599.4037116666667,599.4037116666667,791.31,-191.90628833333324,281.5404018195729,917.2670215137605,3
ENT_EU,Marketing,Utilities,2025-06,774.7179952857142,719.8311726,657.247045,657.247045,889.26,-232.01295500000003,313.7737298278791,1000.7203601721208,3
ENT_EU,Marketing,Utilities,2025-07,778.6677195862068,892.629875,663.447045,663.447045,880.11,-216.662955,312.44185696358267,1014.4522330364173,3
ENT_EU,Marketing,Utilities,2025-08,782.0491289333332,718.6593829999999,853.56,853.56,928.01,-74.45000000000005,792.3357206004023,914.7842793995976,3
ENT_EU,Marketing,Utilities,2025-09,786.7575441290321,870.2759894000001,899.1266666666667,899.1266666666667,643.87,255.25666666666666,870.3514494052029,927.9018839281305,3
ENT_EU,Marketing,Utilities,2025-10,782.292308375,785.23042895,817.3299999999999,817.3299999999999,895.85,-78.5200000000001,645.1922958036986,989.4677041963013,3
ENT_EU,Marketing,Utilities,2025-11,785.7334505454545,880.8847068,822.5766666666667,822.5766666666667,901.5799999999999,-79.00333333333322,646.5013784350949,998.6519548982385,3
ENT_EU,Marketing,Utilities,2025-12,789.1407019999999,862.7653888499999,813.7666666666668,813.7666666666668,893.4200000000001,-79.65333333333331,647.2363718031662,980.2969615301673,3
ENT_EU,Operations,Utilities,2023-03,961.36,,961.36,961.36,1089.9,-128.54000000000008,821.0827999999999,1101.6372000000001,2
ENT_EU,Operations,Utilities,2023-04,1004.2066666666666,,1004.2066666666666,1004.2066666666666,888.18,116.02666666666664,887.5371257906045,1120.8762075427287,3
ENT_EU,Operations,Utilities,2023-05,975.1999999999999,,955.9566666666666,955.9566666666666,1040.51,-84.5533333333334,824.6890391764974,1087.2242941568356,3
ENT_EU,Operations,Utilities,2023-06,988.262,,1006.1966666666667,1006.1966666666667,1024.784222,-18.587555333333285,887.2121644753121,1125.1811688580212,3
ENT_EU,Operations,Utilities,2023-07,994.349037,,984.4914073333333,984.4914073333333,1053.31,-68.81859266666663,889.6877626068214,1079.2950520598454,3
ENT_EU,Operations,Utilities,2023-08,1002.7720317142856,,1039.5347406666667,1039.5347406666667,813.7527081,225.78203256666677,1023.3664888950013,1055.702992438332,3
ENT_EU,Operations,Utilities,2023-09,979.1446162625,,963.9489766999999,963.9489766999999,664.6600000000001,299.2889766999998,815.8743846718181,1112.0235687281815,3
ENT_EU,Operations,Utilities,2023-10,944.2018811222222,,843.9075693666667,843.9075693666667,1023.1746055000001,-179.26703613333336,622.0313205229597,1065.7838182103737,3
ENT_EU,Operations,Utilities,2023-11,952.09915356,,833.8624378666667,833.8624378666667,843.82,-9.95756213333334,630.0586209420904,1037.6662547912429,3
ENT_EU,Operations,Utilities,2023-12,942.2555941454546,,843.8848685000002,843.8848685000002,247.97,595.9148685000001,641.0361246247041,1046.7336123752962,3
ENT_EU,Operations,Utilities,2024-01,884.3984612999999,1032.93,704.9882018333333,704.9882018333333,1005.1966072,-300.20840536666674,245.75772537241875,1164.2186782942479,3
ENT_EU,Operations,Utilities,2024-02,893.6906263692307,889.79,698.9955357333333,698.9955357333333,1017.463302,-318.4677662666667,247.65809494712778,1150.332976519539,3
ENT_EU,Operations,Utilities,2024-03,902.5315317714285,1089.9,756.8766363999999,756.8766363999999,1072.1200000000001,-315.2433636000002,258.0998412157811,1255.6534315842187,3
ENT_EU,Operations,Utilities,2024-04,913.8374296533333,888.18,1031.5933030666667,1031.5933030666667,1080.210304,-48.6170009333332,991.2752594342307,1071.9113466991028,3
ENT_EU,Operations,Utilities,2024-05,924.2357343000001,1040.51,1056.5978686666667,1056.5978686666667,1078.76,-22.162131333333264,1017.973782468121,1095.2219548652124,3
ENT_EU,Operations,Utilities,2024-06,933.3253969882354,1024.784222,1077.0301013333335,1077.0301013333335,976.0117725,101.0183288333335,1072.1487349744168,1081.9114676922502,3
ENT_EU,Operations,Utilities,2024-07,935.6968622944446,1053.31,1044.9940255,1044.9940255,873.44325,171.55077549999987,977.3864374430235,1112.6016135569762,3
ENT_EU,Operations,Utilities,2024-08,932.4203563842107,813.7527081,976.0716741666669,976.0716741666669,1056.0746758,-80.00300163333316,859.9027720703056,1092.240576263028,3
ENT_EU,Operations,Utilities,2024-09,938.603072355,664.6600000000001,968.5098994333333,968.5098994333333,967.9300000000001,0.579899433333253,864.9152433009975,1072.1045555656692,3
ENT_EU,Operations,Utilities,2024-10,939.9995927190477,1023.1746055000001,965.8159752666667,965.8159752666667,1084.8372014000001,-119.02122613333347,862.4617522440949,1069.1701982892384,3
ENT_EU,Operations,Utilities,2024-11,946.5831203863637,843.82,1036.2806257333334,1036.2806257333334,929.09,107.19062573333338,967.3484469961369,1105.2128044705298,3
ENT_EU,Operations,Utilities,2024-12,945.8225499347827,247.97,993.9524004666667,993.9524004666667,939.4200000000001,54.53240046666667,902.2142682135323,1085.6905327198012,3
ENT_EU,Operations,Utilities,2025-01,945.5557770208334,1019.0633036,984.4490671333334,984.4490671333334,353.2,631.2490671333335,885.8952311433803,1083.0029031232864,3
ENT_EU,Operations,Utilities,2025-02,921.86154594,953.626651,740.57,740.57,842.64398,-102.07398,360.9024091963954,1120.2375908036047,3
ENT_EU,Operations,Utilities,2025-03,918.8147164807693,1081.0100000000002,711.7546600000001,711.7546600000001,1059.82,-348.0653399999999,356.130348206572,1067.378971793428,3
ENT_EU,Operations,Utilities,2025-04,924.037134388889,984.195152,751.8879933333334,751.8879933333334,1065.12,-313.2320066666665,342.30669916968026,1161.4692874969865,3
ENT_EU,Operations,Utilities,2025-05,929.0758081607144,1059.635,989.19466,989.19466,1005.25,-16.05534,845.5436902080053,1132.8456297919947,3
ENT_EU,Operations,Utilities,2025-06,931.7025044310345,1000.39799725,1043.3966666666665,1043.3966666666665,1014.9726492,28.424017466666555,1005.8928526836713,1080.9004806496619,3
ENT_EU,Operations,Utilities,2025-07,934.4781759233334,963.376625,1028.4475497333333,1028.4475497333333,575.38,453.0675497333333,992.0899647469927,1064.8051347196738,3
ENT_EU,Operations,Utilities,2025-08,922.8943637967743,934.9136919499999,865.2008830666667,865.2008830666667,822.43,42.770883066666784,581.123148769939,1149.2786173633945,3
ENT_EU,Operations,Utilities,2025-09,919.754852428125,816.2950000000001,804.2608830666667,804.2608830666667,1026.63,-222.36911693333343,554.9013978692869,1053.6203682640464,3
ENT_EU,Operations,Utilities,2025-10,922.9934932636364,1054.00590345,808.1466666666666,808.1466666666666,1115.8247346,-307.6780679333334,552.4445257283388,1063.8488076049946,3
ENT_EU,Operations,Utilities,2025-11,928.6650003617647,886.455,988.2949115333334,988.2949115333334,1095.21,-106.91508846666659,818.0932324340936,1158.4965906325733,3
ENT_EU,Operations,Utilities,2025-12,933.423428922857,593.695,1079.2215782,1079.2215782,779.49,299.73157820000006,1026.3784927862157,1132.0646636137844,3
ENT_EU,R&D,Utilities,2023-03,1343.79825665,,1343.79825665,1343.79825665,1258.99,84.80825664999998,1336.355167332,1351.241345968,2
ENT_EU,R&D,Utilities,2023-04,1315.5288377666666,,1315.5288377666666,1315.5288377666666,1320.73,-5.201162233333434,1259.954385441572,1371.1032900917612,3
ENT_EU,R&D,Utilities,2023-05,1316.829128325,,1306.5735873666667,1306.5735873666667,1462.77,-156.19641263333324,1258.6839121087269,1354.4632626246066,3
ENT_EU,R&D,Utilities,2023-06,1346.01730266,,1347.4966666666667,1347.4966666666667,429.29,918.2066666666667,1229.251024146962,1465.7423091863714,3
ENT_EU,R&D,Utilities,2023-07,1193.2294188833334,,1070.93,1070.93,1137.71,-66.77999999999997,437.0078434759886,1704.8521565240117,3
ENT_EU,R&D,Utilities,2023-08,1185.2980733285715,,1009.9233333333333,1009.9233333333333,1426.02,-416.0966666666667,411.91740628946934,1607.9292603771974,3
ENT_EU,R&D,Utilities,2023-09,1215.3883141625001,,997.6733333333333,997.6733333333333,686.37,311.3033333333333,417.26245655299215,1578.0842101136745,3
ENT_EU,R&D,Utilities,2023-10,1156.608501477778,,1083.3666666666666,1083.3666666666666,1449.8085694,-366.44190273333334,661.4952707119066,1505.2380626214265,3
ENT_EU,R&D,Utilities,2023-11,1185.9285082700003,,1187.399523133333,1187.399523133333,1508.731223,-321.3316998666669,696.2061455862581,1678.592900680408,3
ENT_EU,R&D,Utilities,2023-12,1215.2742096090913,,1214.9699308,1214.9699308,1133.11,81.85993080000003,695.8703230613982,1734.0695385386016,3
ENT_EU,R&D,Utilities,2024-01,1208.4271921416669,1347.5957512,1363.8832641333331,1363.8832641333331,1436.75,-72.86673586666689,1135.2813957846297,1592.4851324820365,3
ENT_EU,R&D,Utilities,2024-02,1225.9904850538464,1340.0007621,1359.5304076666666,1359.5304076666666,642.97,716.5604076666666,1133.9317260299647,1585.1290893033686,3
ENT_EU,R&D,Utilities,2024-03,1184.3461646928574,1258.99,1070.9433333333334,1070.9433333333334,1461.4299999999998,-390.48666666666645,617.7067456764037,1524.179920990263,3
ENT_EU,R&D,Utilities,2024-04,1202.8184203800004,1320.73,1180.3833333333334,1180.3833333333334,1164.84,15.543333333333521,653.5331777590395,1707.2334889076274,3
ENT_EU,R&D,Utilities,2024-05,1200.44476910625,1462.77,1089.7466666666667,1089.7466666666667,1536.18,-446.4333333333334,620.8483964832174,1558.644936850116,3
ENT_EU,R&D,Utilities,2024-06,1220.1939003352943,429.29,1387.4833333333333,1387.4833333333333,184.34,1203.1433333333334,1165.231573492042,1609.7350931746248,3
ENT_EU,R&D,Utilities,2024-07,1162.646461427778,1137.71,961.7866666666667,961.7866666666667,1447.73,-485.94333333333327,171.44975848348497,1752.1235748498484,3
ENT_EU,R&D,Utilities,2024-08,1177.6508581947369,1426.02,1056.0833333333333,1056.0833333333333,1396.4354232,-340.3520898666668,200.31029792108995,1911.8563687455767,3
ENT_EU,R&D,Utilities,2024-09,1188.590086445,686.37,1009.5018077333334,1009.5018077333334,1433.75,-424.2481922666666,200.32259460414457,1818.6810208625222,3
ENT_EU,R&D,Utilities,2024-10,1200.2643680428573,1449.8085694,1425.9718077333334,1425.9718077333334,1434.03,-8.058192266666538,1395.9648412626384,1455.9787742040285,3
ENT_EU,R&D,Utilities,2024-11,1210.8900785863636,1508.731223,1421.4051410666668,1421.4051410666668,1281.56,139.84514106666688,1396.934304728185,1445.8759774051487,3
ENT_EU,R&D,Utilities,2024-12,1213.9626838652175,1133.11,1383.1133333333335,1383.1133333333335,86.17,1296.9433333333334,1283.5909405720838,1482.635726094583,3
ENT_EU,R&D,Utilities,2025-01,1166.9713220375,1392.1728756,933.9200000000001,933.9200000000001,907.67,26.250000000000114,98.65806268545134,1769.1819373145488,3
ENT_EU,R&D,Utilities,2025-02,1156.599269156,991.48538105,758.4666666666667,758.4666666666667,1409.2643021000001,-650.7976354333334,66.48623179140873,1450.4471015419247,3
ENT_EU,R&D,Utilities,2025-03,1166.3171550384616,1360.21,801.0347673666666,801.0347673666666,1036.35,-235.31523263333327,45.164858490044935,1556.9046762432883,3
ENT_EU,R&D,Utilities,2025-04,1161.5035567037037,1242.7849999999999,1117.7614340333332,1117.7614340333332,1464.19,-346.42856596666684,822.9565898568194,1412.566278209847,3
ENT_EU,R&D,Utilities,2025-05,1172.3137868214285,1499.475,1303.2681006999999,1303.2681006999999,1578.4865798,-275.2184791000002,1039.848761493331,1566.6874399066687,3
ENT_EU,R&D,Utilities,2025-06,1186.3197452,306.815,1359.6755266,1359.6755266,1473.8899999999999,-114.21447339999986,1036.2844869891167,1683.0665662108834,3
ENT_EU,R&D,Utilities,2025-07,1195.9054203599999,1292.72,1505.5221932666666,1505.5221932666666,1501.6492208999998,3.8729723666667724,1433.806779999277,1577.237606534056,3
ENT_EU,R&D,Utilities,2025-08,1205.7681236032256,1411.2277116,1518.008600233333,1518.008600233333,1184.99,333.018600233333,1456.6943919288094,1579.3228085378566,3
ENT_EU,R&D,Utilities,2025-09,1205.118807240625,1060.06,1386.8430736333332,1386.8430736333332,633.43,753.4130736333333,1188.404515886138,1585.2816313805286,3
ENT_EU,R&D,Utilities,2025-10,1187.7949039909092,1441.9192847,1106.6897402999998,1106.6897402999998,1283.2875216,-176.59778130000018,609.491459862981,1603.8880207370187,3
ENT_EU,R&D,Utilities,2025-11,1190.6035103911765,1395.1456115,1033.9025072000002,1033.9025072000002,1364.0477722,-330.1452649999999,637.5182134206264,1430.286800979374,3
ENT_EU,R&D,Utilities,2025-12,1195.5590607285715,609.64,1093.5884312666667,1093.5884312666667,1571.416877,-477.8284457333334,640.3240180180389,1546.8528445152945,3
ENT_EU,Sales,Utilities,2023-03,1253.2187908,,1253.2187908,1253.2187908,1421.3347816,-168.11599079999996,1128.486760832,1377.950820768,2
ENT_EU,Sales,Utilities,2023-04,1309.2574544000001,,1309.2574544000001,1309.2574544000001,1301.2800000000002,7.977454399999942,1177.9184840004054,1440.5964247995948,3
ENT_EU,Sales,Utilities,2023-05,1307.2630908,,1304.0649272,1304.0649272,916.09,387.9749272,1172.9089160003946,1435.2209383996055,3
ENT_EU,Sales,Utilities,2023-06,1229.02847264,,1212.9015938666669,1212.9015938666669,1313.99,-101.08840613333314,914.2000603034046,1511.6031274299291,3
ENT_EU,Sales,Utilities,2023-07,1243.1887272000001,,1177.1200000000001,1177.1200000000001,1384.5080116,-207.3880115999998,921.209537573054,1433.030462426946,3
ENT_EU,Sales,Utilities,2023-08,1263.3771964000002,,1204.8626705333334,1204.8626705333334,1403.73,-198.86732946666666,919.0666231060802,1490.6587179605865,3
ENT_EU,Sales,Utilities,2023-09,1280.92129685,,1367.4093372,1367.4093372,1358.72,8.689337199999954,1313.9405946818936,1420.8780797181064,3
ENT_EU,Sales,Utilities,2023-10,1289.5655972,,1382.3193371999998,1382.3193371999998,1308.8216247,73.4977124999998,1356.762366488751,1407.8763079112487,3
ENT_EU,Sales,Utilities,2023-11,1291.49119995,,1357.0905415666666,1357.0905415666666,823.505134,533.5854075666666,1303.3673351339762,1410.813747999357,3
ENT_EU,Sales,Utilities,2023-12,1248.9470121363636,,1163.6822529,1163.6822529,1319.7448703999999,-156.06261749999976,829.1153316163657,1498.2491741836345,3
ENT_EU,Sales,Utilities,2024-01,1254.8468336583333,1316.8575816,1150.6905430333334,1150.6905430333334,1406.69,-255.99945696666668,829.9892836507374,1471.3918024159293,3
ENT_EU,Sales,Utilities,2024-02,1266.527077223077,1189.58,1183.3133348,1183.3133348,1321.58159,-138.2682552000001,827.2862540997523,1539.3404155002474,3
ENT_EU,Sales,Utilities,2024-03,1270.4595424214288,1421.3347816,1349.3388201333335,1349.3388201333335,1336.92,12.418820133333384,1293.1250570125699,1405.552583254097,3
ENT_EU,Sales,Utilities,2024-04,1274.8902395933333,1301.2800000000002,1355.0638633333335,1355.0638633333335,1278.13,76.93386333333342,1303.7313149593274,1406.3964117073397,3
ENT_EU,Sales,Utilities,2024-05,1275.09272461875,916.09,1312.21053,1312.21053,866.1,446.11053000000004,1277.702493706664,1346.7185662933362,3
ENT_EU,Sales,Utilities,2024-06,1251.034329052941,1313.99,1160.3833333333334,1160.3833333333334,1358.6814611999998,-198.2981278666664,870.0737064071993,1450.6929602594676,3
ENT_EU,Sales,Utilities,2024-07,1257.014725283333,1384.5080116,1167.6371537333332,1167.6371537333332,1354.1,-186.4628462666667,868.636759072689,1466.6375483939773,3
ENT_EU,Sales,Utilities,2024-08,1262.1244765842102,1403.73,1192.9604870666665,1192.9604870666665,1432.13,-239.16951293333364,872.6267212429038,1513.294252890429,3
ENT_EU,Sales,Utilities,2024-09,1270.624752755,1358.72,1381.6371537333332,1381.6371537333332,1342.64,38.99715373333311,1332.0863135331365,1431.18799393353,3
ENT_EU,Sales,Utilities,2024-10,1274.0540502428569,1308.8216247,1376.29,1376.29,1398.89489,-22.60489000000007,1321.1839908801226,1431.3960091198774,3
ENT_EU,Sales,Utilities,2024-11,1279.7286338681815,823.505134,1391.22163,1391.22163,1310.7598982,80.46173180000005,1340.0325458070383,1442.4107141929617,3
ENT_EU,Sales,Utilities,2024-12,1281.0778192739128,1319.7448703999999,1350.7649294,1350.7649294,1447.8207766,-97.05584720000002,1300.2661712224563,1401.2636875775438,3
ENT_EU,Sales,Utilities,2025-01,1288.0254424958332,1361.7737908,1385.8251882666666,1385.8251882666666,1265.9,119.92518826666651,1307.2250832533043,1464.4252932800289,3
ENT_EU,Sales,Utilities,2025-02,1287.140424796,1255.5807949999999,1341.4935582666667,1341.4935582666667,1389.11,-47.616441733333204,1234.2460868475805,1448.741029685753,3
ENT_EU,Sales,Utilities,2025-03,1291.0623315346154,1379.1273908,1367.6102588666665,1367.6102588666665,1318.08,49.5302588666666,1262.5445605365767,1472.6759571967564,3
ENT_EU,Sales,Utilities,2025-04,1292.0629859222224,1289.7050000000002,1324.3633333333335,1324.3633333333335,564.7302755999999,759.6330577333335,1254.3792904045504,1394.3473762621165,3
ENT_EU,Sales,Utilities,2025-05,1266.0868176964286,891.095,1090.6400918666666,1090.6400918666666,1511.9308362,-421.29074433333335,573.6839253542579,1607.5962583790752,3
ENT_EU,Sales,Utilities,2025-06,1274.5641976448276,1336.3357305999998,1131.5803706,1131.5803706,1354.32,-222.7396294,565.3429522253139,1697.817788974686,3
ENT_EU,Sales,Utilities,2025-07,1277.2227243900002,1369.3040058,1143.6603705999999,1143.6603705999999,586.39,557.2703705999999,569.3432063957512,1717.9775348042485,3
ENT_EU,Sales,Utilities,2025-08,1254.9377977967742,1417.93,1150.8802787333332,1150.8802787333332,1381.6200000000001,-230.73972126666695,590.5381940388286,1711.2223634278378,3
ENT_EU,Sales,Utilities,2025-09,1258.8966166156251,1350.68,1107.4433333333334,1107.4433333333334,1016.06,91.38333333333344,596.577495824954,1618.3091708417128,3
ENT_EU,Sales,Utilities,2025-10,1251.5379312636364,1353.85825735,994.69,994.69,1350.7700849,-356.0800849,544.2591482704439,1445.1208517295563,3
ENT_EU,Sales,Utilities,2025-11,1254.456524017647,1067.1325161,1249.4833616333335,1249.4833616333335,1425.1718728,-175.68851116666656,1020.0634886239715,1478.9032346426955,3
ENT_EU,Sales,Utilities,2025-12,1259.3341054114287,1383.7828235,1264.0006525666665,1264.0006525666665,1321.49,-57.48934743333348,1017.3991263114608,1510.6021788218723,3
ENT_UK,Corporate,Utilities,2023-03,1282.5502849500003,,1282.5502849500003,1282.5502849500003,1473.8988900000002,-191.34860504999983,986.7133773600001,1578.3871925400006,2
ENT_UK,Corporate,Utilities,2023-04,1346.3331533000003,,1346.3331533000003,1346.3331533000003,1434.8164545,-88.48330119999969,1134.6688806172967,1557.9974259827038,3
ENT_UK,Corporate,Utilities,2023-05,1368.4539786000003,,1447.4009424000003,1447.4009424000003,1381.8678570000002,65.53308540000012,1421.4220693866087,1473.379815413392,3
ENT_UK,Corporate,Utilities,2023-06,1371.1367542800003,,1430.1944005000003,1430.1944005000003,1431.2256402,-1.0312396999997873,1377.926301058517,1482.4624999414834,3
ENT_UK,Corporate,Utilities,2023-07,1381.1515686000002,,1415.9699839000002,1415.9699839000002,1503.8408676,-87.8708836999997,1382.4882004782046,1449.4517673217958,3
ENT_UK,Corporate,Utilities,2023-08,1398.678611314286,,1438.9781216000001,1438.9781216000001,1159.2142227,279.7638989000002,1369.5484627671185,1508.4077804328817,3
ENT_UK,Corporate,Utilities,2023-09,1368.7455627375002,,1364.7602435000001,1364.7602435000001,1359.2180862,5.542157300000099,1159.1777697098962,1570.342717290104,3
ENT_UK,Corporate,Utilities,2023-10,1367.6869542333336,,1340.7577254999999,1340.7577254999999,1349.4493705,-8.691645000000108,1144.9293993968017,1536.586051603198,3
ENT_UK,Corporate,Utilities,2023-11,1365.8631958600004,,1289.2938931333333,1289.2938931333333,1347.572259,-58.27836586666672,1161.6960493283882,1416.8917369382784,3
ENT_UK,Corporate,Utilities,2023-12,1364.2003834181821,,1352.0799052333334,1352.0799052333334,1333.3596852,18.720220033333362,1345.004322649799,1359.155487816868,3
ENT_UK,Corporate,Utilities,2024-01,1361.6303252333337,1131.6130872,1343.4604382333334,1343.4604382333334,1390.6459228,-47.18548456666667,1333.5048860897025,1353.4159903769644,3
ENT_UK,Corporate,Utilities,2024-02,1363.8622942769232,1433.4874827000003,1357.1926223333332,1357.1926223333332,1325.754933,31.43768933333331,1323.4365549793426,1390.9486896873238,3
ENT_UK,Corporate,Utilities,2024-03,1361.1403399000003,1473.8988900000002,1349.9201803333335,1349.9201803333335,133.4330778,1216.4871025333334,1309.7776826180996,1390.0626780485675,3
ENT_UK,Corporate,Utilities,2024-04,1279.2931890933335,1434.8164545,949.9446445333333,949.9446445333333,1405.5788426999998,-455.63419816666647,148.92142393101335,1750.9678651356533,3
ENT_UK,Corporate,Utilities,2024-05,1287.18604244375,1381.8678570000002,954.9222844999999,954.9222844999999,830.0979057,124.82437879999998,148.59696706149236,1761.2476019385076,3
ENT_UK,Corporate,Utilities,2024-06,1260.2985049882354,1431.2256402,789.7032753999998,789.7032753999998,1319.8865372,-530.1832618000002,68.83127460061905,1510.5752761993806,3
ENT_UK,Corporate,Utilities,2024-07,1263.6089512222222,1503.8408676,1185.1877618666665,1185.1877618666665,1302.5639999999999,-117.37623813333335,833.8382448366123,1536.5372788967206,3
ENT_UK,Corporate,Utilities,2024-08,1265.6592169473683,1159.2142227,1150.8494809666665,1150.8494809666665,1407.1222407,-256.2727597333335,836.3601723286656,1465.3387896046675,3
ENT_UK,Corporate,Utilities,2024-09,1272.732368135,1359.2180862,1343.1909259666666,1343.1909259666666,860.9204313,482.27049466666654,1279.7762441305188,1406.6056078028143,3
ENT_UK,Corporate,Utilities,2024-10,1253.1222759047619,1349.4493705,1190.202224,1190.202224,1322.8029962,-132.60077220000016,862.1280806674488,1518.276367332551,3
ENT_UK,Corporate,Utilities,2024-11,1256.2895813727273,1347.572259,1196.9485560666667,1196.9485560666667,990.7507206,206.19783546666667,864.2031072149505,1529.694004918383,3
ENT_UK,Corporate,Utilities,2024-12,1244.7444135130434,1333.3596852,1058.1580493666668,1058.1580493666668,565.3504641,492.8075852666668,788.6035623174337,1327.7125364158999,3
ENT_UK,Corporate,Utilities,2025-01,1216.4363322875,1261.129505,959.6347269666667,959.6347269666667,918.4336604,41.20106656666667,529.9821343592076,1389.2873195741258,3
ENT_UK,Corporate,Utilities,2025-02,1204.5162254119998,1379.6212078500002,824.8449483666667,824.8449483666667,438.34079670000006,386.50415166666664,567.2696265113959,1082.4202702219375,3
ENT_UK,Corporate,Utilities,2025-03,1175.0479396923076,803.6659839000001,640.7083070666666,640.7083070666666,1403.5125524,-762.8042453333334,359.2101965677848,922.2064175655485,3
ENT_UK,Corporate,Utilities,2025-04,1183.5095920148146,1420.1976485999999,920.0956698333333,920.0956698333333,159.13248750000002,760.9631823333333,373.9959113776897,1466.195428288977,3
ENT_UK,Corporate,Utilities,2025-05,1146.9246954249998,1105.98288135,666.9952788666667,666.9952788666667,1354.7890266,-687.7937477333332,-71.87757447317188,1405.8681322065054,3
ENT_UK,Corporate,Utilities,2025-06,1154.0924309827585,1375.5560887000001,972.4780221666666,972.4780221666666,903.5170839,68.96093826666663,174.92280554815943,1770.0332387851738,3
ENT_UK,Corporate,Utilities,2025-07,1145.7399194133332,1403.2024337999999,805.8128659999999,805.8128659999999,669.3638665999999,136.44899939999993,122.56403891072353,1489.061693089276,3
ENT_UK,Corporate,Utilities,2025-08,1130.3729499677418,1283.1682317,975.8899923666664,975.8899923666664,1368.851031,-392.9610386333335,581.6419631928954,1370.1380215404374,3
ENT_UK,Corporate,Utilities,2025-09,1137.82539,1110.06925875,980.5773271666667,980.5773271666667,1301.3843544,-320.8070272333332,577.6645616559883,1383.490092677345,3
ENT_UK,Corporate,Utilities,2025-10,1142.7817222545455,1336.12618335,1113.1997506666667,1113.1997506666667,1287.6471296,-174.4473789333333,676.5687346961855,1549.830766637148,3
ENT_UK,Corporate,Utilities,2025-11,1147.0424695294116,1169.1614898,1319.2941716666667,1319.2941716666667,1343.5585707,-24.264399033333348,1270.1104125626111,1368.4779307707222,3
ENT_UK,Corporate,Utilities,2025-12,1152.6572152771428,949.35507465,1310.8633515666668,1310.8633515666668,1351.56153,-40.69817843333317,1277.892779188714,1343.8339239446195,3
ENT_UK,Marketing,Utilities,2023-03,609.593463,,609.593463,609.593463,644.2079592,-34.61449619999996,425.29413223200004,793.892793768,2
ENT_UK,Marketing,Utilities,2023-04,621.1316284000001,,621.1316284000001,621.1316284000001,696.9477317,-75.8161032999999,512.3496883756641,729.9135684243361,3
ENT_UK,Marketing,Utilities,2023-05,640.085654225,,681.5931415666668,681.5931415666668,724.8504591000001,-43.25731753333332,644.7614585921403,718.4248245411932,3
ENT_UK,Marketing,Utilities,2023-06,657.0386152,,688.6687166666667,688.6687166666667,553.2322526999999,135.4364639666668,642.3251840969671,735.0122492363663,3
ENT_UK,Marketing,Utilities,2023-07,639.7375547833334,,658.3434811666667,658.3434811666667,689.9062256,-31.56274443333325,554.1316843534053,762.5552779799282,3
ENT_UK,Marketing,Utilities,2023-08,646.9045077571428,,655.9963124666666,655.9963124666666,722.0713491,-66.07503663333341,553.3650661517196,758.6275587816136,3
ENT_UK,Marketing,Utilities,2023-09,656.3003629250001,,655.0699424666667,655.0699424666667,455.3660268,199.70391566666672,553.6232312281879,756.5166537051455,3
ENT_UK,Marketing,Utilities,2023-10,633.9743255777779,,622.4478671666666,622.4478671666666,729.7068438000001,-107.25897663333353,457.69938413267613,787.196350200657,3
ENT_UK,Marketing,Utilities,2023-11,643.5475774,,635.7147399,635.7147399,692.0521520000001,-56.33741210000005,458.92020867717787,812.5092711228222,3
ENT_UK,Marketing,Utilities,2023-12,647.9570841818182,,625.7083408666667,625.7083408666667,693.3275648000001,-67.61922393333339,457.4188292639716,793.9978524693619,3
ENT_UK,Marketing,Utilities,2024-01,651.7379575666668,515.5631922,705.0288535333335,705.0288535333335,681.145698,23.88315553333348,680.8336591648484,729.2240479018186,3
ENT_UK,Marketing,Utilities,2024-02,654.0000914461539,703.6237338000001,688.8418049333335,688.8418049333335,668.0075405,20.834264433333487,681.2651760479646,696.4184338187024,3
ENT_UK,Marketing,Utilities,2024-03,655.0006235214287,644.2079592,680.8269344333333,680.8269344333333,348.80648879999995,332.0204456333334,666.4973765647889,695.1564923018778,3
ENT_UK,Marketing,Utilities,2024-04,634.5876812066668,696.9477317,565.9865757666666,565.9865757666666,441.6926664,124.29390936666664,353.02031544088743,778.9528360924459,3
ENT_UK,Marketing,Utilities,2024-05,622.5317427812499,724.8504591000001,486.16889856666666,486.16889856666666,206.7126418,279.4562567666667,300.3787859010864,671.9590112322469,3
ENT_UK,Marketing,Utilities,2024-06,598.0717956647059,553.2322526999999,332.40393233333333,332.40393233333333,690.8037135999999,-358.3997812666666,198.48325569615352,466.32460897051317,3
ENT_UK,Marketing,Utilities,2024-07,603.2235688833333,689.9062256,446.40300726666663,446.40300726666663,688.9421249999999,-242.53911773333328,172.46380299461373,720.3422115387195,3
ENT_UK,Marketing,Utilities,2024-08,607.735071836842,722.0713491,528.8194934666666,528.8194934666666,710.4083376000001,-181.5888441333335,213.15302155289322,844.4859653804399,3
ENT_UK,Marketing,Utilities,2024-09,612.868735125,455.3660268,696.7180587333332,696.7180587333332,508.658137,188.05992173333323,683.2603032938594,710.1758141728071,3
ENT_UK,Marketing,Utilities,2024-10,607.9063256904761,729.7068438000001,636.0028665333333,636.0028665333333,551.6983281,84.30453843333328,510.6154010639632,761.3903320027034,3
ENT_UK,Marketing,Utilities,2024-11,605.3514167090908,692.0521520000001,590.2549342333334,590.2549342333334,646.9557092,-56.700774966666586,470.0127825830576,710.4970858836093,3
ENT_UK,Marketing,Utilities,2024-12,607.1602989913043,693.3275648000001,569.1040581000001,569.1040581000001,591.4433967,-22.339338599999905,489.01721574714924,649.190900452851,3
ENT_UK,Marketing,Utilities,2025-01,606.5054280625001,598.3544451,596.6991446666667,596.6991446666667,681.676307,-84.97716233333324,542.5566580950912,650.8416312382423,3
ENT_UK,Marketing,Utilities,2025-02,609.51226322,685.81563715,640.0251376333333,640.0251376333333,361.5527523,278.4723853333333,588.5212609642259,691.5290143024407,3
ENT_UK,Marketing,Utilities,2025-03,599.9753589538461,496.50722399999995,544.8908186666666,544.8908186666666,534.2455708,10.645247866666637,358.1067282199591,731.6749091133742,3
ENT_UK,Marketing,Utilities,2025-04,597.5409223555556,569.3201990499999,525.8248767,525.8248767,678.4925827,-152.66770599999995,344.51003203717596,707.139721362824,3
ENT_UK,Marketing,Utilities,2025-05,600.4320530821429,465.78155045000005,524.7636352666667,524.7636352666667,710.2484709999999,-185.48483573333317,345.1974519865358,704.3298185467977,3
ENT_UK,Marketing,Utilities,2025-06,604.218826113793,622.01798315,640.9955415,640.9955415,720.4707355999999,-79.47519409999995,534.8488206994313,747.1422623005686,3
ENT_UK,Marketing,Utilities,2025-07,608.0938897633333,689.4241752999999,703.0705964333332,703.0705964333332,686.5566216,16.513974833333236,678.2994544576572,727.8417384090092,3
ENT_UK,Marketing,Utilities,2025-08,610.6249456290323,716.23984335,705.7586093999998,705.7586093999998,690.4728495,15.285759899999789,686.0718777477102,725.4453410522895,3
ENT_UK,Marketing,Utilities,2025-09,613.1201926250001,482.0120819,699.1667355666667,699.1667355666667,622.9012929999999,76.26544256666682,678.1715604325731,720.1619107007604,3
ENT_UK,Marketing,Utilities,2025-10,613.4165896060606,640.7025859500001,666.6435880333333,666.6435880333333,649.6298097,17.013778333333335,623.7189094770224,709.5682665896443,3
ENT_UK,Marketing,Utilities,2025-11,614.481684314706,669.5039306000001,654.3346507333332,654.3346507333332,731.7166898,-77.38203906666683,615.825422875574,692.8438785910924,3
ENT_UK,Marketing,Utilities,2025-12,617.8312559,642.38548075,668.0825974999999,668.0825974999999,701.13039,-33.04779250000013,603.9136554598361,732.2515395401637,3
ENT_UK,Operations,Utilities,2023-03,571.82486875,,571.82486875,571.82486875,946.6286544000002,-374.80378565000024,-23.60010722800007,1167.249844728,2
ENT_UK,Operations,Utilities,2023-04,696.7594639666668,,696.7594639666668,696.7594639666668,512.480551,184.27891296666678,274.6941028919921,1118.8248250413415,3
ENT_UK,Operations,Utilities,2023-05,650.6897357250001,,575.7152737000001,575.7152737000001,555.7175019,19.997771800000123,186.7968088722307,964.6337385277695,3
ENT_UK,Operations,Utilities,2023-06,631.6952889600001,,671.6089024333334,671.6089024333334,255.129393,416.47950943333336,400.9815721952713,942.2362326713953,3
ENT_UK,Operations,Utilities,2023-07,568.9343063000001,,441.1091486333333,441.1091486333333,875.4234264,-434.31427776666675,257.214520581623,625.0037766850436,3
ENT_UK,Operations,Utilities,2023-08,612.7184663142858,,562.0901071,562.0901071,857.2331654999999,-295.1430584,211.07015892824677,913.1100552717531,3
ENT_UK,Operations,Utilities,2023-09,643.2828037125,,662.5953283,662.5953283,418.72632479999993,243.86900350000008,263.14609773937707,1062.044558860623,3
ENT_UK,Operations,Utilities,2023-10,618.3320838333334,,717.1276389,717.1276389,441.8183006,275.3093383,424.51329316240736,1009.7419846375926,3
ENT_UK,Operations,Utilities,2023-11,600.68070551,,572.5925969666665,572.5925969666665,621.1129430000001,-48.52034603333357,293.33902238705105,851.846171546282,3
ENT_UK,Operations,Utilities,2023-12,602.5381816454545,,493.88585613333333,493.88585613333333,820.8838144,-326.99795826666667,368.5206107527293,619.2511015139374,3
ENT_UK,Operations,Utilities,2024-01,620.7336510416667,875.6131218,627.9383526666667,627.9383526666667,792.4514656,-164.51311293333333,413.3575693731166,842.5191359602168,3
ENT_UK,Operations,Utilities,2024-02,633.9427137,268.03661569999997,744.8160743333334,744.8160743333334,837.70904,-92.89296566666656,622.5242823250471,867.1078663416197,3
ENT_UK,Operations,Utilities,2024-03,648.4974512928571,946.6286544000002,817.0147733333333,817.0147733333333,864.8314509999999,-47.81667766666658,791.1286929012232,842.9008537654435,3
ENT_UK,Operations,Utilities,2024-04,662.9197179399999,512.480551,831.6639855333333,831.6639855333333,843.8007074999999,-12.136721966666641,790.2848840460964,873.0430870205702,3
ENT_UK,Operations,Utilities,2024-05,674.2247797875,555.7175019,848.7803994999999,848.7803994999999,808.1590867,40.62131279999994,832.6771855812415,864.8836134187584,3
ENT_UK,Operations,Utilities,2024-06,682.1032684294117,255.129393,838.9304150666667,838.9304150666667,762.7526367999999,76.17777826666679,806.5117340214306,871.3490961119028,3
ENT_UK,Operations,Utilities,2024-07,686.5837888944444,875.4234264,804.9041436666666,804.9041436666666,602.0835,202.82064366666668,758.9360713879357,850.8722159453976,3
ENT_UK,Operations,Utilities,2024-08,682.1364052684211,857.2331654999999,724.3317411666667,724.3317411666667,844.4937648000001,-120.16202363333343,601.8047704882501,846.8587118450832,3
ENT_UK,Operations,Utilities,2024-09,690.2542732449999,418.72632479999993,736.4433005333334,736.4433005333334,815.2075321,-78.76423156666658,596.8844186750601,876.0021823916067,3
ENT_UK,Operations,Utilities,2024-10,696.2044284285714,441.8183006,753.9282656333335,753.9282656333335,819.8519777,-65.92371206666655,604.2006618877141,903.6558693789528,3
ENT_UK,Operations,Utilities,2024-11,701.8247715772727,621.1129430000001,826.5177582000001,826.5177582000001,587.6116087999999,238.90614940000023,808.7063531018075,844.3291632981927,3
ENT_UK,Operations,Utilities,2024-12,696.8589818913043,820.8838144,740.8903728666666,740.8903728666666,790.0301172,-49.1397443333334,590.6541999882518,891.1265457450813,3
ENT_UK,Operations,Utilities,2025-01,700.7411125291666,834.0322937000001,732.4979012333333,732.4979012333333,746.792943,-14.295041766666714,589.5102741593043,875.4855283073623,3
ENT_UK,Operations,Utilities,2025-02,702.583185748,552.87282785,708.1448896666666,708.1448896666666,851.2664436000001,-143.12155393333353,587.5155958435265,828.7741834898067,3
ENT_UK,Operations,Utilities,2025-03,708.3017725884615,905.7300527,796.0298346,796.0298346,383.51733540000004,412.5124991999999,736.6266833116797,855.4329858883202,3
ENT_UK,Operations,Utilities,2025-04,696.2727193592592,678.14062925,660.5255740000001,660.5255740000001,639.0404063999999,21.48516760000018,382.6963488495503,938.3547991504499,3
ENT_UK,Operations,Utilities,2025-05,694.2287081821429,681.9382943,624.6080618,624.6080618,840.6738396000001,-216.0657778000001,359.5764238528333,889.6396997471667,3
ENT_UK,Operations,Utilities,2025-06,699.2785403,508.9410148999999,621.0771938,621.0771938,246.16980639999997,374.90738740000006,361.81819821249866,880.3361893875015,3
ENT_UK,Operations,Utilities,2025-07,684.1749158366667,738.7534631999999,575.2946841333334,575.2946841333334,707.6981642000001,-132.4034800666667,233.17052383516983,917.4188444314968,3
ENT_UK,Operations,Utilities,2025-08,684.9337303,850.86346515,598.1806034,598.1806034,527.553756,70.62684739999997,245.10062783219547,951.2605789678046,3
ENT_UK,Operations,Utilities,2025-09,680.0156061031249,616.96692845,493.8072422,493.8072422,537.9546392,-44.147396999999955,230.58713130938787,757.0273530906122,3
ENT_UK,Operations,Utilities,2025-10,675.7107283181817,630.83513915,591.0688531333334,591.0688531333334,839.2990752,-248.23022206666656,476.6207303309846,705.5169759356821,3
ENT_UK,Operations,Utilities,2025-11,680.5221502852941,604.3622759,634.9358234666666,634.9358234666666,361.44792630000006,273.4878971666666,434.5733959740448,835.2982509592885,3
ENT_UK,Operations,Utilities,2025-12,671.4057438857143,805.4569658,579.5672135666666,579.5672135666666,443.80352999999997,135.76368356666666,306.13928730730913,852.9951398260241,3
ENT_UK,R&D,Utilities,2023-03,860.7287693500001,,860.7287693500001,860.7287693500001,1195.5864036,-334.85763424999993,334.83337766399995,1386.6241610360003,2
ENT_UK,R&D,Utilities,2023-04,972.3479807666668,,972.3479807666668,972.3479807666668,1195.2872462,-222.93926543333328,598.1146762873464,1346.5812852459871,3
ENT_UK,R&D,Utilities,2023-05,1028.082797125,,1173.3054648333334,1173.3054648333334,1292.7689181,-119.46345326666665,1129.9276688589432,1216.6832608077236,3
ENT_UK,R&D,Utilities,2023-06,1081.02002132,,1227.8808559666666,1227.8808559666666,1125.5558832,102.32497276666663,1164.2903298032024,1291.4713821301307,3
ENT_UK,R&D,Utilities,2023-07,1088.4426649666668,,1204.5373491666667,1204.5373491666667,1139.6420057999999,64.8953433666668,1109.4943706046033,1299.58032772873,3
ENT_UK,R&D,Utilities,2023-08,1095.7568565142858,,1185.9889357,1185.9889357,863.5972869,322.3916488,1081.0414853766954,1290.9363860233045,3
ENT_UK,R&D,Utilities,2023-09,1066.7369103125002,,1042.9317253,1042.9317253,1236.4233984,-193.49167310000007,867.0033535445394,1218.8600970554603,3
ENT_UK,R&D,Utilities,2023-10,1085.5909645444447,,1079.8875636999999,1079.8875636999999,1119.5690614,-39.681497700000136,860.9640379919616,1298.811089408038,3
ENT_UK,R&D,Utilities,2023-11,1088.9887742300002,,1073.1965822333334,1073.1965822333334,1088.927653,-15.731070766666562,857.4106629330397,1288.982501533627,3
ENT_UK,R&D,Utilities,2023-12,1088.9832177545456,,1148.3067042666664,1148.3067042666664,1170.9987328000002,-22.69202853333377,1060.2291962909155,1236.3842122424173,3
ENT_UK,R&D,Utilities,2024-01,1095.8178440083336,592.414794,1126.4984824,1126.4984824,402.57392799999997,723.9245544,1079.5684772852867,1173.4284875147134,3
ENT_UK,R&D,Utilities,2024-02,1042.4913889307695,1129.0427447000002,887.5001046000001,887.5001046000001,1212.557043,-325.0569383999999,410.00912854552337,1364.9910806544767,3
ENT_UK,R&D,Utilities,2024-03,1054.6389356500001,1195.5864036,928.7099012666667,928.7099012666667,712.6251204999999,216.08478076666688,412.5607681843551,1444.8590343489784,3
ENT_UK,R&D,Utilities,2024-04,1031.8380146400002,1195.2872462,775.9186971666667,775.9186971666667,880.7395592999999,-104.82086213333321,313.44906631052186,1238.3883280228115,3
ENT_UK,R&D,Utilities,2024-05,1022.39436118125,1292.7689181,935.3072409333332,935.3072409333332,920.5117775,14.795463433333225,647.433555792713,1223.1809260739533,3
ENT_UK,R&D,Utilities,2024-06,1016.4012680235295,1125.5558832,837.9588190999999,837.9588190999999,823.5437055999998,14.415113500000075,713.0873881058707,962.8302500941292,3
ENT_UK,R&D,Utilities,2024-07,1005.6869590000001,1139.6420057999999,874.9316808,874.9316808,1153.261125,-278.3294442,819.7723876165129,930.0909739834871,3
ENT_UK,R&D,Utilities,2024-08,1013.4540203684213,863.5972869,965.7722027,965.7722027,760.1338659,205.63833679999993,774.0165641347734,1157.5278412652265,3
ENT_UK,R&D,Utilities,2024-09,1000.7880126450002,1236.4233984,912.3128988333333,912.3128988333333,1178.1288909,-265.8159920666667,673.4735746034694,1151.1522230631972,3
ENT_UK,R&D,Utilities,2024-10,1009.2328163714287,1119.5690614,1030.5079606,1030.5079606,1138.1866813000001,-107.67872070000021,765.1680310645772,1295.8478901354226,3
ENT_UK,R&D,Utilities,2024-11,1015.0943556863639,1088.927653,1025.4831460333335,1025.4831460333335,1134.3010689999999,-108.8179229666664,764.4606770836367,1286.5056149830302,3
ENT_UK,R&D,Utilities,2024-12,1020.2772562652176,1170.9987328000002,1150.2055470666667,1150.2055470666667,336.97863959999995,813.2269074666667,1122.752498812227,1177.6585953211063,3
ENT_UK,R&D,Utilities,2025-01,991.8064805708333,497.494361,869.8221299666666,869.8221299666666,1146.9799509999998,-277.1578210333332,347.63088141994467,1392.0133785133885,3
ENT_UK,R&D,Utilities,2025-02,998.013419388,1170.79989385,872.7532198666664,872.7532198666664,1223.9532453000002,-351.20002543333374,347.64512688451737,1397.8613128488155,3
ENT_UK,R&D,Utilities,2025-03,1006.7034126923077,954.10576205,902.6372786333333,902.6372786333333,1083.660329,-181.02305036666678,346.5836390343428,1458.6909182323238,3
ENT_UK,R&D,Utilities,2025-04,1009.5536688518519,1038.0134027499998,1151.5311751,1151.5311751,1184.6647164,-33.13354130000016,1072.027776320989,1231.0345738790108,3
ENT_UK,R&D,Utilities,2025-05,1015.8076348357142,1106.6403478,1164.092763566667,1164.092763566667,1141.8287693999998,22.26399416666709,1082.1943914673316,1245.9911356660023,3
ENT_UK,R&D,Utilities,2025-06,1020.1531911999999,974.5497943999999,1136.7179382666666,1136.7179382666666,1163.8246662,-27.10672793333333,1079.350263758147,1194.085612775186,3
ENT_UK,R&D,Utilities,2025-07,1024.9422403666665,1146.4515654,1163.439384,1163.439384,1033.0405492999998,130.39883470000018,1139.1997244817612,1187.6790435182388,3
ENT_UK,R&D,Utilities,2025-08,1025.2034761387094,811.8655764,1112.8979949666666,1112.8979949666666,1217.254374,-104.3563790333335,1033.6543151586536,1192.1416747746796,3
ENT_UK,R&D,Utilities,2025-09,1031.2050666968748,1207.2761446499999,1138.0398631666667,1138.0398631666667,523.8005337999999,614.2393293666668,1030.7917068856211,1245.2880194477123,3
ENT_UK,R&D,Utilities,2025-10,1015.829171760606,1128.87787135,924.6984856999999,924.6984856999999,710.5600672,214.13841849999983,518.2279110580798,1331.16906034192,3
ENT_UK,R&D,Utilities,2025-11,1006.850668685294,1111.614361,817.2049916666666,817.2049916666666,1092.0674430000001,-274.8624513333335,411.16569087520463,1223.2442924581287,3
ENT_UK,R&D,Utilities,2025-12,1009.2854336657141,753.9886862000001,775.4760146666667,775.4760146666667,1180.5146,-405.03858533333323,447.7154477001704,1103.236581633163,3
ENT_UK,Sales,Utilities,2023-03,962.2508993,,962.2508993,962.2508993,527.5519284000001,434.69897089999995,748.4949584400001,1176.00684016,2
ENT_UK,Sales,Utilities,2023-04,817.3512423333333,,817.3512423333333,817.3512423333333,887.0505643,-69.69932196666673,507.69268165199423,1127.0098030146723,3
ENT_UK,Sales,Utilities,2023-05,834.776072825,,828.6375151666667,828.6375151666667,1074.2814173000002,-245.64390213333343,515.6970797228216,1141.5779506105118,3
ENT_UK,Sales,Utilities,2023-06,882.6771417200001,,829.6279700000001,829.6279700000001,1108.5097478999999,-278.88177789999975,515.2097181769188,1144.0462218230814,3
ENT_UK,Sales,Utilities,2023-07,920.3159094166667,,1023.2805764999999,1023.2805764999999,764.8561715999999,258.4244049,888.3778100753062,1158.1833429246938,3
ENT_UK,Sales,Utilities,2023-08,898.1073754428572,,982.5491122666667,982.5491122666667,1168.2125775,-185.66346523333323,768.3328075335361,1196.7654169997973,3
ENT_UK,Sales,Utilities,2023-09,931.8705257,,1013.8594989999998,1013.8594989999998,1149.2346906,-135.37519160000022,767.5092523798462,1260.2097456201534,3
ENT_UK,Sales,Utilities,2023-10,956.0220995777777,,1027.4344799,1027.4344799,1129.5545472,-102.12006729999985,769.8838023628646,1284.9851574371355,3
ENT_UK,Sales,Utilities,2023-11,973.3753443399999,,1149.0006050999998,1149.0006050999998,1166.86647,-17.865864900000133,1127.1265624159723,1170.8746477840273,3
ENT_UK,Sales,Utilities,2023-12,990.9654466727271,,1148.5519026,1148.5519026,1070.0671488,78.48475379999991,1127.4300932913818,1169.673711908618,3
ENT_UK,Sales,Utilities,2024-01,997.5572551833333,853.1917458,1122.162722,1122.162722,1071.7720544,50.39066760000014,1066.9163694763363,1177.4090745236638,3
ENT_UK,Sales,Utilities,2024-02,1003.2660858923076,1071.3100528,1102.9018910666666,1102.9018910666666,1192.70834,-89.80644893333329,1040.2091818949366,1165.5946002383967,3
ENT_UK,Sales,Utilities,2024-03,1016.7976754714284,527.5519284000001,1111.5158477333334,1111.5158477333334,1083.3390061999999,28.176841533333572,1031.9413581696047,1191.0903372970622,3
ENT_UK,Sales,Utilities,2024-04,1021.2337641866666,887.0505643,1115.9398001999998,1115.9398001999998,935.8456911000001,180.09410909999974,1040.4225057748404,1191.4570946251592,3
ENT_UK,Sales,Utilities,2024-05,1015.89700961875,1074.2814173000002,1070.6310124333334,1070.6310124333334,1090.8996693,-20.26865686666656,924.7646707732754,1216.4973540933913,3
ENT_UK,Sales,Utilities,2024-06,1020.3089307764706,1108.5097478999999,1036.6947888666666,1036.6947888666666,1018.2717776,18.423011266666663,937.7701352253957,1135.6194425079375,3
ENT_UK,Sales,Utilities,2024-07,1020.1957556,764.8561715999999,1015.0057126666667,1015.0057126666667,908.029875,106.97583766666673,927.217297175542,1102.7941281577914,3
ENT_UK,Sales,Utilities,2024-08,1014.2922881999999,1168.2125775,1005.7337739666667,1005.7337739666667,1029.3959103,-23.66213633333325,901.5384240892118,1109.9291238441215,3
ENT_UK,Sales,Utilities,2024-09,1015.047469305,1149.2346906,985.2325209666666,985.2325209666666,1050.4522846999998,-65.21976373333325,909.3125761137022,1061.1524658196308,3
ENT_UK,Sales,Utilities,2024-10,1016.7334128952382,1129.5545472,995.9593566666666,995.9593566666666,1064.4248766,-68.46551993333344,908.9687799421724,1082.9499333911608,3
ENT_UK,Sales,Utilities,2024-11,1018.9012067,1166.86647,1048.0910238666665,1048.0910238666665,999.4681356,48.622888266666564,1028.1368895018932,1068.04515823144,3
ENT_UK,Sales,Utilities,2024-12,1018.0562905652174,1070.0671488,1038.1150989666667,1038.1150989666667,1017.0102932999998,21.104805666666834,999.4247591336274,1076.805438799706,3
ENT_UK,Sales,Utilities,2025-01,1018.0127073458334,962.4819001,1026.9677685,1026.9677685,1028.3038038,-1.3360353000000487,988.9416126519715,1064.9939243480283,3
ENT_UK,Sales,Utilities,2025-02,1018.4243512040001,1132.0091963999998,1014.9274108999999,1014.9274108999999,708.2926611,306.6347497999999,998.4849017252255,1031.3699200747742,3
ENT_UK,Sales,Utilities,2025-03,1006.4962092769232,805.4454673,917.8689193999999,917.8689193999999,1044.2810752,-126.41215580000016,712.3848093288786,1123.353029471121,3
ENT_UK,Sales,Utilities,2025-04,1007.8956487555557,911.4481277,926.9591800333334,926.9591800333334,849.2945208,77.6646592333334,712.4753994768603,1141.4429605898065,3
ENT_UK,Sales,Utilities,2025-05,1002.231322757143,1082.5905433,867.2894190333333,867.2894190333333,1084.0772041999999,-216.7877851666666,676.3698715600174,1058.2089665066492,3
ENT_UK,Sales,Utilities,2025-06,1005.0535945310345,1063.3907627499998,992.5509334,992.5509334,935.3639693999999,57.1869640000001,850.3654275007868,1134.736439299213,3
ENT_UK,Sales,Utilities,2025-07,1002.7306070266667,836.4430232999999,956.2452314666666,956.2452314666666,741.4070561,214.83817536666663,821.8374904355643,1090.652972497769,3
ENT_UK,Sales,Utilities,2025-08,994.3008150612905,1098.8042439,920.2827432333332,920.2827432333332,849.1392315,71.14351173333318,725.8363528586019,1114.7291336080646,3
ENT_UK,Sales,Utilities,2025-09,989.764515575,1099.84348765,841.9700856666665,841.9700856666665,665.5456984,176.42438726666649,732.0039627081851,951.9362086251479,3
ENT_UK,Sales,Utilities,2025-10,979.9397029333334,1096.9897119,752.0306620000001,752.0306620000001,1079.5119264,-327.4812643999999,647.6324185053037,856.4289054946966,3
ENT_UK,Sales,Utilities,2025-11,982.8682977411765,1083.1673028,864.7322854333333,864.7322854333333,698.6168241,166.11546133333331,630.0108844860824,1099.4536863805843,3
ENT_UK,Sales,Utilities,2025-12,974.7468270657143,1043.5387210499998,814.5581496333334,814.5581496333334,1033.7818499999998,-219.22370036666644,554.2300998735457,1074.8861993931212,3
ENT_US,Corporate,Utilities,2023-03,1355.1829834999999,,1355.1829834999999,1355.1829834999999,556.4654675999999,798.7175159,684.1232455919999,2026.2427214079999,2
ENT_US,Corporate,Utilities,2023-04,1088.9438115333332,,1088.9438115333332,1088.9438115333332,1705.653102,-616.7092904666667,439.01125361462607,1738.8763694520403,3
ENT_US,Corporate,Utilities,2023-05,1243.12113415,,1091.6413786,1091.6413786,1746.2758460000002,-654.6344674000002,436.85335004983153,1746.4294071501686,3
ENT_US,Corporate,Utilities,2023-06,1343.7520765200002,,1336.1314718666665,1336.1314718666665,1755.5737905,-419.44231863333357,571.7131615905845,2100.5497821427484,3
ENT_US,Corporate,Utilities,2023-07,1412.38902885,,1735.8342461666668,1735.8342461666668,1959.8273490000001,-223.9931028333333,1705.7925108774898,1765.8759814558439,3
ENT_US,Corporate,Utilities,2023-08,1490.5945031571428,,1820.5589951666668,1820.5589951666668,1961.2445073,-140.68551213333308,1683.9746557717735,1957.14333456156,3
ENT_US,Corporate,Utilities,2023-09,1549.425753675,,1892.2152156,1892.2152156,1487.7469145,404.46830109999996,1758.304218371724,2026.126212828276,3
ENT_US,Corporate,Utilities,2023-10,1542.5725493222221,,1802.9395902666668,1802.9395902666668,1882.4382114999999,-79.4986212333331,1494.0497272934035,2111.82945323993,3
ENT_US,Corporate,Utilities,2023-11,1576.5591155399998,,1777.1432111000001,1777.1432111000001,1953.6900620000001,-176.54685089999998,1490.051110384809,2064.2353118151914,3
ENT_US,Corporate,Utilities,2023-12,1610.8437470363635,,1774.6250626666667,1774.6250626666667,1929.5176000000001,-154.8925373333334,1490.6087076049757,2058.6414177283577,3
ENT_US,Corporate,Utilities,2024-01,1637.3999014499998,1697.5604008,1921.8819578333332,1921.8819578333332,1661.3212045999999,260.56075323333334,1880.8788417893816,1962.8850738772849,3
ENT_US,Corporate,Utilities,2024-02,1639.2400016923077,1012.8055661999999,1848.1762888666665,1848.1762888666665,1150.206876,697.9694128666665,1664.548262720042,2031.804315013291,3
ENT_US,Corporate,Utilities,2024-03,1604.309064142857,556.4654675999999,1580.3485602,1580.3485602,1846.1997287,-265.85116849999986,1132.3285035615406,2028.3686168384595,3
ENT_US,Corporate,Utilities,2024-04,1620.4351084466666,1705.653102,1552.5759364333335,1552.5759364333335,1753.6996309,-201.12369446666662,1144.6154407667348,1960.5364320999322,3
ENT_US,Corporate,Utilities,2024-05,1628.7641411,1746.2758460000002,1583.3687452000001,1583.3687452000001,1386.0108864,197.35785880000026,1155.6559501620627,2011.0815402379376,3
ENT_US,Corporate,Utilities,2024-06,1614.484537882353,1755.5737905,1661.9700819999998,1661.9700819999998,1544.2732009000001,117.6968810999997,1386.5123782643548,1937.4277857356449,3
ENT_US,Corporate,Utilities,2024-07,1610.58390805,1959.8273490000001,1561.3279060666666,1561.3279060666666,1974.5334963999999,-413.20559033333325,1352.6181197538947,1770.0376923794386,3
ENT_US,Corporate,Utilities,2024-08,1629.7391495421052,1961.2445073,1634.9391945666666,1634.9391945666666,1600.8824808000002,34.05671376666646,1290.3005217281755,1979.5778674051578,3
ENT_US,Corporate,Utilities,2024-09,1628.2963161049997,1487.7469145,1706.5630593666667,1706.5630593666667,1662.8374360999999,43.725623266666844,1442.0059675225884,1971.120151210745,3
ENT_US,Corporate,Utilities,2024-10,1629.9411313428568,1882.4382114999999,1746.0844711,1746.0844711,1917.6353814,-171.55091029999994,1519.4767052987806,1972.6922369012193,3
ENT_US,Corporate,Utilities,2024-11,1643.0181427090909,1953.6900620000001,1727.1184327666667,1727.1184327666667,1848.8831926,-121.7647598333333,1537.149584911453,1917.0872806218804,3
ENT_US,Corporate,Utilities,2024-12,1651.9687970521738,1929.5176000000001,1809.7853367,1809.7853367,1865.9213495000001,-56.13601280000012,1660.6149572592112,1958.9557161407888,3
ENT_US,Corporate,Utilities,2025-01,1660.8834867374999,1679.4408027,1877.4799745,1877.4799745,1073.7027072,803.7772673,1836.9640796273109,1917.9958693726892,3
ENT_US,Corporate,Utilities,2025-02,1637.396255556,1081.5062211,1596.1690831000003,1596.1690831000003,1849.662607,-253.49352389999967,1084.0612896099028,2108.276876590098,3
ENT_US,Corporate,Utilities,2025-03,1645.5603459961535,1201.33259815,1596.4288879000003,1596.4288879000003,1781.4001545,-184.9712665999998,1084.0746385311459,2108.7831372688547,3
ENT_US,Corporate,Utilities,2025-04,1650.5914500148147,1729.67636645,1568.2551562333335,1568.2551562333335,1721.552525,-153.29736876666652,1082.0572356521284,2054.4530768145387,3
ENT_US,Corporate,Utilities,2025-05,1653.1257741214283,1566.1433662,1784.2050955000002,1784.2050955000002,1729.6567007999997,54.54839470000047,1711.6678897297186,1856.7423012702818,3
ENT_US,Corporate,Utilities,2025-06,1655.7647715931032,1649.9234957,1744.2031267666669,1744.2031267666669,1217.6735696,526.5295571666668,1707.4627787170814,1780.9434748162523,3
ENT_US,Corporate,Utilities,2025-07,1641.1617315266665,1967.1804227,1556.2942651333333,1556.2942651333333,1825.5063966999999,-269.2121315666666,1224.4143054704066,1888.17422479626,3
ENT_US,Corporate,Utilities,2025-08,1647.1083336290321,1781.06349405,1590.9455556999999,1590.9455556999999,1819.8010284,-228.85547270000006,1221.1408141490754,1960.7502972509244,3
ENT_US,Corporate,Utilities,2025-09,1652.504980340625,1575.2921753,1620.9936649,1620.9936649,1274.0436240000001,346.9500409,1225.726789391133,2016.2605404088672,3
ENT_US,Corporate,Utilities,2025-10,1641.036454390909,1900.0367964499999,1639.7836830333333,1639.7836830333333,1793.4714522,-153.6877691666666,1281.3438886470312,1998.2234774196354,3
ENT_US,Corporate,Utilities,2025-11,1645.5198366794118,1901.2866273,1629.1053682000002,1629.1053682000002,1313.0854852999998,316.0198829000003,1280.8261018305438,1977.3846345694565,3
ENT_US,Corporate,Utilities,2025-12,1636.0217123542857,1897.7194747500002,1460.2001871666669,1460.2001871666669,1702.3782732,-242.1780860333331,1132.8481699102012,1787.5522044231325,3
ENT_US,Marketing,Utilities,2023-03,837.6988246999999,,837.6988246999999,837.6988246999999,913.5482777999999,-75.8494531,792.3995338240001,882.9981155759998,2
ENT_US,Marketing,Utilities,2023-04,862.9819757333333,,862.9819757333333,862.9819757333333,886.2150615,-23.233085766666704,806.9489119808115,919.0150394858551,3
ENT_US,Marketing,Utilities,2023-05,868.790247175,,886.8580157,886.8580157,676.691808,210.16620769999997,857.0122745297418,916.7037568702582,3
ENT_US,Marketing,Utilities,2023-06,830.37055934,,825.4850491000001,825.4850491000001,618.8929334,206.59211570000014,678.8498543246037,972.1202438753965,3
ENT_US,Marketing,Utilities,2023-07,795.1242883499999,,727.2666009666667,727.2666009666667,819.5922228,-92.32562183333323,568.1012560434764,886.431945889857,3
ENT_US,Marketing,Utilities,2023-08,798.6197075571428,,705.0589880666666,705.0589880666666,963.9088667000001,-258.84987863333345,588.1493343742499,821.9686417590834,3
ENT_US,Marketing,Utilities,2023-09,819.28085245,,800.7980076333333,800.7980076333333,912.9200764,-112.12206876666664,604.7198993918289,996.8761158748378,3
ENT_US,Marketing,Utilities,2023-10,829.6852106666666,,898.8070553000001,898.8070553000001,762.315186,136.49186930000008,815.9891774020164,981.6249331979839,3
ENT_US,Marketing,Utilities,2023-11,822.9482082000001,,879.7147097000001,879.7147097000001,321.37,558.3447097000001,761.1012361785633,998.3281832214368,3
ENT_US,Marketing,Utilities,2023-12,777.3501892727273,,665.5350874666666,665.5350874666666,991.4920500000001,-325.95696253333347,317.6554907883883,1013.4146841449449,3
ENT_US,Marketing,Utilities,2024-01,795.1953443333335,814.5869416,691.7257453333335,691.7257453333335,998.9691958000001,-307.24345046666656,306.30939583021245,1077.1420948364546,3
ENT_US,Marketing,Utilities,2024-02,810.8702559846156,860.8107077999999,770.6104152666667,770.6104152666667,1008.353376,-237.74296073333335,330.3344820358871,1210.8863484974463,3
ENT_US,Marketing,Utilities,2024-03,824.9761931285715,913.5482777999999,999.6048739333334,999.6048739333334,979.3995298999998,20.205344033333517,990.0443628208832,1009.1653850457835,3
ENT_US,Marketing,Utilities,2024-04,835.2710822466668,886.2150615,995.5740339,995.5740339,971.3503244000001,24.223709499999927,978.8573807609258,1012.2906870390742,3
ENT_US,Marketing,Utilities,2024-05,843.7760348812501,676.691808,986.3677434333334,986.3677434333334,705.5563944,280.8113490333334,964.3457541824996,1008.3897326841673,3
ENT_US,Marketing,Utilities,2024-06,835.6454677941177,618.8929334,885.4354162333333,885.4354162333333,1011.342798,-125.90738176666673,709.0951544481916,1061.775678018475,3
ENT_US,Marketing,Utilities,2024-07,845.4064305833334,819.5922228,896.0831722666667,896.0831722666667,619.359606,276.7235662666667,708.000808028379,1084.1655365049544,3
ENT_US,Marketing,Utilities,2024-08,833.5092292894738,963.9088667000001,778.7529328,778.7529328,1015.2930592,-236.54012639999996,545.655706146777,1011.8501594532231,3
ENT_US,Marketing,Utilities,2024-09,842.598420785,912.9200764,881.9984877333333,881.9984877333333,1010.1295665,-128.13107876666675,624.6026794457202,1139.3942960209463,3
ENT_US,Marketing,Utilities,2024-10,850.5760943904762,762.315186,881.5940772333333,881.5940772333333,984.4975271999999,-102.90344996666659,624.5876896879071,1138.6004647787595,3
ENT_US,Marketing,Utilities,2024-11,856.6634322454546,321.37,1003.3067176333334,1003.3067176333334,998.7726815999999,4.53403603333345,984.6436252232119,1021.9698100434549,3
ENT_US,Marketing,Utilities,2024-12,862.8420952608697,991.4920500000001,997.7999251,997.7999251,976.7301791,21.06974600000001,983.2659358310337,1012.3339143689662,3
ENT_US,Marketing,Utilities,2025-01,867.5874320875,906.7780687000001,986.6667959666665,986.6667959666665,966.5119488,20.154847166666514,974.0151883066202,999.3184036267129,3
ENT_US,Marketing,Utilities,2025-02,871.5444127559999,934.5820418999999,980.6716031666666,980.6716031666666,987.9417312,-7.270128033333435,962.0141656730816,999.3290406602516,3
ENT_US,Marketing,Utilities,2025-03,876.0212326961538,946.4739038499999,977.0612863666666,977.0612863666666,607.2509655,369.81032086666664,964.931904453666,989.1906682796673,3
ENT_US,Marketing,Utilities,2025-04,866.0667783555555,928.7826929500001,853.9015485,853.9015485,643.9296925,209.971856,611.8800599715937,1095.9230370284063,3
ENT_US,Marketing,Utilities,2025-05,858.1333110035714,691.1241012,746.3741297333332,746.3741297333332,929.7899394,-183.41580966666675,508.7299914520657,984.0182680146008,3
ENT_US,Marketing,Utilities,2025-06,860.604229224138,815.1178657,726.9901991333332,726.9901991333332,386.4379245,340.55227463333324,527.1658737327701,926.8145245338964,3
ENT_US,Marketing,Utilities,2025-07,844.7986857333334,719.4759144,653.3858521333333,653.3858521333333,960.7935263,-307.40767416666677,345.81586981490733,960.9558344517593,3
ENT_US,Marketing,Utilities,2025-08,848.540454783871,989.60096295,759.0071300666667,759.0071300666667,926.0195262,-167.01239613333325,393.46815420295866,1124.5461059303748,3
ENT_US,Marketing,Utilities,2025-09,850.9616757656249,961.52482145,757.7503256666665,757.7503256666665,966.57627,-208.8259443333335,393.33264274388347,1122.1680085894495,3
ENT_US,Marketing,Utilities,2025-10,854.4651483181818,873.4063566,951.1297741666667,951.1297741666667,1029.0249448,-77.89517063333324,926.3051678407242,975.9543804926093,3
ENT_US,Marketing,Utilities,2025-11,859.5992599794117,660.0713407999999,973.8735803333333,973.8735803333333,929.8117927999999,44.06178753333336,915.1556623308369,1032.5914983358298,3
ENT_US,Marketing,Utilities,2025-12,861.6053323457143,984.11111455,975.1376692,975.1376692,573.8693622999999,401.2683069000001,918.3789936002958,1031.8963447997044,3
ENT_US,Operations,Utilities,2023-03,1095.66388815,,1095.66388815,1095.66388815,1218.0174226,-122.35353444999987,1042.2910202519997,1149.0367560480004,2
ENT_US,Operations,Utilities,2023-04,1136.4483996333333,,1136.4483996333333,1136.4483996333333,1086.2921505,50.156249133333404,1050.7770448396645,1222.1197544270021,3
ENT_US,Operations,Utilities,2023-05,1123.90933735,,1124.247468733333,1124.247468733333,910.7879020000001,213.45956673333296,1031.7990106766936,1216.6959267899726,3
ENT_US,Operations,Utilities,2023-06,1081.28505028,,1071.6991583666666,1071.6991583666666,1156.8021987999998,-85.10304043333326,897.280407137813,1246.1179095955201,3
ENT_US,Operations,Utilities,2023-07,1093.8712417,,1051.2940837666665,1051.2940837666665,1176.4638995999999,-125.16981583333336,907.9350912847337,1194.6530762485993,3
ENT_US,Operations,Utilities,2023-08,1105.6701928285713,,1081.3513334666666,1081.3513334666666,1171.6272753,-90.27594183333349,913.8293842223948,1248.8732827109384,3
ENT_US,Operations,Utilities,2023-09,1113.9148281375,,1168.2977912333333,1168.2977912333333,1124.9134407000001,43.38435053333319,1156.7044993293107,1179.891083137356,3
ENT_US,Operations,Utilities,2023-10,1115.1368962000001,,1157.6682051999999,1157.6682051999999,1160.4999105,-2.831705300000067,1125.452097093533,1189.8843133064668,3
ENT_US,Operations,Utilities,2023-11,1119.6731976300002,,1152.3468755000001,1152.3468755000001,483.19345799999996,669.1534175000002,1124.734758653732,1179.9589923462684,3
ENT_US,Operations,Utilities,2023-12,1061.811403118182,,922.8689363999998,922.8689363999998,1190.295325,-267.4263886000002,491.51677527876916,1354.2210975212306,3
ENT_US,Operations,Utilities,2024-01,1072.5183966083334,1122.8949432000002,944.6628978333333,944.6628978333333,676.7261506,267.93674723333334,492.108738110305,1397.2170575563616,3
ENT_US,Operations,Utilities,2024-02,1042.0728392230772,1068.4328331,783.4049778666667,783.4049778666667,1175.717969,-392.3129911333333,369.8905871990723,1196.9193685342611,3
ENT_US,Operations,Utilities,2024-03,1051.6189199214286,1218.0174226,1014.2464815333333,1014.2464815333333,920.6714457999999,93.57503573333338,683.3737402219408,1345.1192228447258,3
ENT_US,Operations,Utilities,2024-04,1042.8890883133333,1086.2921505,924.3718551333333,924.3718551333333,487.72864500000003,436.64321013333324,642.0173669884396,1206.726343278227,3
ENT_US,Operations,Utilities,2024-05,1008.1915606062499,910.7879020000001,861.3726866000001,861.3726866000001,990.2123656,-128.83967899999993,467.79221779990667,1254.9531554000935,3
ENT_US,Operations,Utilities,2024-06,1007.1339608999998,1156.8021987999998,799.5374854666666,799.5374854666666,1257.9139427999999,-458.3764573333333,491.44204860481324,1107.63292232852,3
ENT_US,Operations,Utilities,2024-07,1021.0661821166666,1176.4638995999999,911.9516511333333,911.9516511333333,1195.6139253,-283.66227416666663,469.48061606289446,1354.4226862037722,3
ENT_US,Operations,Utilities,2024-08,1030.2529054421052,1171.6272753,1147.9134112333331,1147.9134112333331,991.4580048,156.4554064333331,989.3974377373019,1306.4293847293645,3
ENT_US,Operations,Utilities,2024-09,1028.31316041,1124.9134407000001,1148.3286243,1148.3286243,755.9618499000001,392.36677439999994,990.60598809419,1306.05126050581,3
ENT_US,Operations,Utilities,2024-10,1015.3440503857141,1160.4999105,981.0112599999999,981.0112599999999,1259.0557138,-278.04445380000004,732.0440966087615,1229.9784233912383,3
ENT_US,Operations,Utilities,2024-11,1026.4218532681816,483.19345799999996,1002.1585228333333,1002.1585228333333,614.1690844,387.98943843333336,717.3132780880842,1287.0037675785825,3
ENT_US,Operations,Utilities,2024-12,1008.4978198391303,1190.295325,876.3955493666666,876.3955493666666,962.9997549999999,-86.60420563333332,492.9029655138085,1259.8881332195247,3
ENT_US,Operations,Utilities,2025-01,1006.6020671375,899.8105469000001,945.4081843999999,945.4081843999999,1115.4305952,-170.0224108000001,580.1221816042638,1310.694187195736,3
ENT_US,Operations,Utilities,2025-02,1010.95520826,1122.07540105,897.5331448666666,897.5331448666666,759.4582125000001,138.07493236666653,606.751696411863,1188.31459332147,3
ENT_US,Operations,Utilities,2025-03,1001.2822468846153,1069.3444341999998,945.9628542333334,945.9628542333334,761.8783745000001,184.0844797333333,743.8616783815127,1148.0640300851542,3
ENT_US,Operations,Utilities,2025-04,992.4154367962963,787.01039775,878.9223940666667,878.9223940666667,946.0210375,-67.09864343333334,647.1403120008922,1110.7044761324412,3
ENT_US,Operations,Utilities,2025-05,990.7584939642857,950.5001338000001,822.4525415000002,822.4525415000002,1122.0738402,-299.6212986999998,701.3476736180389,943.5574093819614,3
ENT_US,Operations,Utilities,2025-06,995.286609351724,1207.3580708,943.3244174000001,943.3244174000001,729.53512,213.78929740000012,739.5075140491265,1147.1413207508738,3
ENT_US,Operations,Utilities,2025-07,986.4282263733332,1186.0389124499998,932.5433325666667,932.5433325666667,317.3952831,615.1480494666666,710.0512492721817,1155.0354158611517,3
ENT_US,Operations,Utilities,2025-08,964.8465185258063,1081.54264005,723.0014144333333,723.0014144333333,871.951198,-148.94978356666672,267.66663777121147,1178.336191095455,3
ENT_US,Operations,Utilities,2025-09,961.943539759375,940.4376453000001,639.6272003666667,639.6272003666667,1020.183512,-380.5563116333333,313.72129614311365,965.5331045902196,3
ENT_US,Operations,Utilities,2025-10,963.7083874030303,1209.77781215,736.5099977,736.5099977,896.4481005,-159.93810280000002,317.30199103305864,1155.7180043669414,3
ENT_US,Operations,Utilities,2025-11,961.7301436705883,548.6812712,929.5276035,929.5276035,1189.6879039,-260.1603004,839.610125549447,1019.4450814505531,3
ENT_US,Operations,Utilities,2025-12,968.2432225342857,1076.64754,1035.4398388,1035.4398388,1093.8930897,-58.45325090000006,868.8515138718808,1202.0281637281191,3
ENT_US,R&D,Utilities,2023-03,1279.6772437,,1279.6772437,1279.6772437,941.417238,338.26000569999997,889.0322456000004,1670.3222417999996,2
ENT_US,R&D,Utilities,2023-04,1166.9239084666667,,1166.9239084666667,1166.9239084666667,927.168369,239.75553946666673,851.159268946159,1482.6885479871744,3
ENT_US,R&D,Utilities,2023-05,1106.9850236,,1115.8571743999998,1115.8571743999998,1491.549794,-375.69261960000017,759.8996972400993,1471.8146515599005,3
ENT_US,R&D,Utilities,2023-06,1183.89797768,,1120.0451336666667,1120.0451336666667,1112.5197517,7.525381966666828,755.8813145071276,1484.2089528262059,3
ENT_US,R&D,Utilities,2023-07,1172.0016066833332,,1177.0793049000001,1177.0793049000001,1560.1921848,-383.1128798999998,851.5431294044035,1502.6154803955967,3
ENT_US,R&D,Utilities,2023-08,1227.4574035571427,,1388.0872435,1388.0872435,680.4456182,707.6416253000001,1115.252647177908,1660.9218398220921,3
ENT_US,R&D,Utilities,2023-09,1159.0809303874998,,1117.7191848999998,1117.7191848999998,828.6226382,289.09654669999986,619.9296266660192,1615.5087431339805,3
ENT_US,R&D,Utilities,2023-10,1122.3633423666665,,1023.0868137333333,1023.0868137333333,1543.8732429999998,-520.7864292666665,490.08843643635396,1556.0851910303127,3
ENT_US,R&D,Utilities,2023-11,1164.51433243,,1017.6471664666666,1017.6471664666666,1684.3430899999998,-666.6959235333333,495.1750823147811,1540.119250618552,3
ENT_US,R&D,Utilities,2023-12,1211.7714922090909,,1352.2796570666665,1352.2796570666665,1599.4733,-247.19364293333365,832.9777285335038,1871.5815855998292,3
ENT_US,R&D,Utilities,2024-01,1244.0799761916667,1080.3685712000001,1609.2298776666667,1609.2298776666667,912.5637259,696.6661517666666,1529.1785123523546,1689.2812429809787,3
ENT_US,R&D,Utilities,2024-02,1218.5787261692308,1478.9859161999998,1398.7933719666664,1398.7933719666664,1031.539086,367.25428596666643,919.8748527395537,1877.7118911937791,3
ENT_US,R&D,Utilities,2024-03,1205.2187518714286,941.417238,1181.1920373,1181.1920373,942.0949350000001,239.09710229999996,765.7857773643021,1596.5982972356978,3
ENT_US,R&D,Utilities,2024-04,1187.67716408,927.168369,962.0659156333335,962.0659156333335,1757.1078751999999,-795.0419595666664,891.9618717286506,1032.1699595380162,3
ENT_US,R&D,Utilities,2024-05,1223.266583525,1491.549794,1243.5806320666668,1243.5806320666668,1677.9483096,-434.3676775333331,737.7857595911662,1749.3755045421674,3
ENT_US,R&D,Utilities,2024-06,1250.0125674117646,1112.5197517,1459.0503732666666,1459.0503732666666,1658.5562820999999,-199.50590883333325,950.4580644377179,1967.6426820956153,3
ENT_US,R&D,Utilities,2024-07,1272.7094404499999,1560.1921848,1697.8708223,1697.8708223,1663.723258,34.14756430000011,1638.7907301870246,1756.9509144129756,3
ENT_US,R&D,Utilities,2024-08,1293.2891150578948,680.4456182,1666.7426165666666,1666.7426165666666,876.2116392,790.5309773666665,1655.3785554265964,1678.1066777067367,3
ENT_US,R&D,Utilities,2024-09,1272.435241265,828.6226382,1399.4970597666668,1399.4970597666668,1625.5576926,-226.06063283333333,886.6690145316694,1912.3251050016643,3
ENT_US,R&D,Utilities,2024-10,1289.2505960904762,1543.8732429999998,1388.4975299333335,1388.4975299333335,1760.5461182,-372.04858826666646,885.9931570555854,1891.0019028110814,3
ENT_US,R&D,Utilities,2024-11,1310.6731198227271,1684.3430899999998,1420.7718166666666,1420.7718166666666,1152.8355436,267.9362730666667,881.6651451071058,1959.8784882262275,3
ENT_US,R&D,Utilities,2024-12,1303.8106165086956,1599.4733,1512.9797848,1512.9797848,1674.037175,-161.05739019999987,1151.8689560526757,1874.0906135473244,3
ENT_US,R&D,Utilities,2025-01,1319.2367231125002,996.4661485500001,1529.1396122666665,1529.1396122666665,1626.9224063999998,-97.78279413333325,1157.1274930112563,1901.1517315220767,3
ENT_US,R&D,Utilities,2025-02,1331.544150444,1255.2625011,1484.5983749999998,1484.5983749999998,646.5039811,838.0943938999998,1158.3797791089637,1810.816970891036,3
ENT_US,R&D,Utilities,2025-03,1305.1964516230769,941.7560865,1315.8211875,1315.8211875,1541.7402705,-225.919083,659.3488510616043,1972.2935239383955,3
ENT_US,R&D,Utilities,2025-04,1313.9573338037037,1342.1381221,1271.7222193333332,1271.7222193333332,989.4985450000001,282.22367433333307,657.1156972270161,1886.3287414396505,3
ENT_US,R&D,Utilities,2025-05,1302.3695199178571,1584.7490518,1059.2475988666667,1059.2475988666667,1498.6190112,-439.3714123333332,548.1287247905391,1570.3664729427944,3
ENT_US,R&D,Utilities,2025-06,1309.1367437551723,1385.5380169,1343.2859422333333,1343.2859422333333,1095.1444489,248.1414933333333,995.7169024162649,1690.8549820504018,3
ENT_US,R&D,Utilities,2025-07,1302.00366726,1611.9577214,1194.4206683666666,1194.4206683666666,1532.3725165,-337.95184813333344,890.3726334307976,1498.4687033025357,3
ENT_US,R&D,Utilities,2025-08,1309.4349204612902,778.3286287000001,1375.378658866667,1375.378658866667,1433.4318534,-58.053194533333,1100.0858982496256,1650.6714194837082,3
ENT_US,R&D,Utilities,2025-09,1313.309824615625,1227.0901654,1353.6496062666668,1353.6496062666668,1182.199853,171.44975326666668,1094.2030482417404,1613.0961642915931,3
ENT_US,R&D,Utilities,2025-10,1309.3367951727273,1652.2096806,1382.6680743,1382.6680743,1682.4073363,-299.73926200000005,1178.3889779173603,1586.9471706826396,3
ENT_US,R&D,Utilities,2025-11,1320.3094581470589,1418.5893167999998,1432.6796809,1432.6796809,1030.6807491,401.99893180000004,1149.6596943362736,1715.6996674637264,3
ENT_US,R&D,Utilities,2025-12,1312.0343521742857,1636.7552375,1298.4293128,1298.4293128,1518.4350766999999,-220.00576389999992,912.4886868204105,1684.3699387795893,3
ENT_US,Sales,Utilities,2023-03,1343.8758893,,1343.8758893,1343.8758893,1346.3995436,-2.5236543000000893,966.53688432,1721.21489428,2
ENT_US,Sales,Utilities,2023-04,1344.7171074,,1344.7171074,1344.7171074,1554.1166670000002,-209.3995596000002,1126.854092197236,1562.580122602764,3
ENT_US,Sales,Utilities,2023-05,1397.0669973,,1478.9706668,1478.9706668,1459.243576,19.727090799999814,1348.6646425865113,1609.2766910134885,3
ENT_US,Sales,Utilities,2023-06,1409.50231304,,1453.2532622,1453.2532622,572.3286717,880.9245905000001,1335.5797104327805,1570.9268139672197,3
ENT_US,Sales,Utilities,2023-07,1269.9733728166666,,1195.2296382333334,1195.2296382333334,1310.4048192,-115.17518096666663,582.4310734531792,1808.0282030134877,3
ENT_US,Sales,Utilities,2023-08,1275.7492937285715,,1113.9923556333333,1113.9923556333333,717.2642343,396.7281213333333,576.5234445794434,1651.461266687223,3
ENT_US,Sales,Utilities,2023-09,1205.9386613,,866.6659083999999,866.6659083999999,1121.8623367,-255.1964283000001,424.13722437113455,1309.1945924288652,3
ENT_US,Sales,Utilities,2023-10,1196.5968474555555,,1049.8437967333332,1049.8437967333332,1015.743163,34.10063373333321,706.9017785496399,1392.7858149170265,3
ENT_US,Sales,Utilities,2023-11,1178.51147901,,951.6232446666667,951.6232446666667,850.077178,101.54606666666666,714.2327217699542,1189.0137675633791,3
ENT_US,Sales,Utilities,2023-12,1148.653815281818,,995.8942259,995.8942259,1529.2340749999998,-533.3398490999998,840.8918941854085,1150.8965576145915,3
ENT_US,Sales,Utilities,2024-01,1180.3688369249999,1151.3559888,1131.6848053333333,1131.6848053333333,1509.0613639,-377.37655856666674,730.9692548255828,1532.4003558410839,3
ENT_US,Sales,Utilities,2024-02,1205.6528774615383,1536.3957897999999,1296.1242056333333,1296.1242056333333,1455.915843,-159.7916373666667,858.8491314382785,1733.399279828388,3
ENT_US,Sales,Utilities,2024-03,1223.5288035714286,1346.3995436,1498.0704273,1498.0704273,1135.2123655999999,362.8580617,1455.2111934310576,1540.9296611689422,3
ENT_US,Sales,Utilities,2024-04,1217.64104104,1554.1166670000002,1366.7298574999998,1366.7298574999998,1453.9100423,-87.18018480000023,1137.8587700484197,1595.6009449515798,3
ENT_US,Sales,Utilities,2024-05,1232.40785361875,1459.243576,1348.3460836333334,1348.3460836333334,1406.6109264,-58.26484276666656,1139.4719568080993,1557.2202104585674,3
ENT_US,Sales,Utilities,2024-06,1242.6550931941179,572.3286717,1331.9111114333334,1331.9111114333334,1411.5796326,-79.66852116666655,1137.2974910530734,1526.5247318135935,3
ENT_US,Sales,Utilities,2024-07,1252.039789827778,1310.4048192,1424.0335337666666,1424.0335337666666,1555.1265449,-131.09301113333345,1394.6198968117274,1453.4471707216057,3
ENT_US,Sales,Utilities,2024-08,1267.991724305263,717.2642343,1457.7723679666667,1457.7723679666667,1379.5012748000001,78.27109316666656,1362.3238638664236,1553.2208720669098,3
ENT_US,Sales,Utilities,2024-09,1273.56720183,1121.8623367,1448.7358174333333,1448.7358174333333,431.4478626,1017.2879548333333,1342.9049195568673,1554.5667153097993,3
ENT_US,Sales,Utilities,2024-10,1233.4662809142856,1015.743163,1122.0252274333334,1122.0252274333334,207.6081038,914.4171236333334,438.00312273928967,1806.047332127377,3
ENT_US,Sales,Utilities,2024-11,1186.8363637727273,850.077178,672.8524137333334,672.8524137333334,1284.5754456,-611.7230318666666,-31.149209831118924,1376.8540372977857,3
ENT_US,Sales,Utilities,2024-12,1191.0858890695652,1529.2340749999998,641.2104706666667,641.2104706666667,1247.6222086,-606.4117379333334,-1.8815564428441576,1284.3024977761775,3
ENT_US,Sales,Utilities,2025-01,1193.44156905,1330.2086763500001,913.268586,913.268586,1524.5822687999998,-611.3136827999998,221.40531511202926,1605.1318568879708,3
ENT_US,Sales,Utilities,2025-02,1206.68719704,1496.1558163999998,1352.2599743333333,1352.2599743333333,1598.01,-245.75002566666672,1182.0947379985478,1522.4252106681188,3
ENT_US,Sales,Utilities,2025-03,1221.738074076923,1240.8059546,1456.7381591333333,1456.7381591333333,1160.468431,296.2697281333333,1247.6357096970978,1665.8406085695688,3
ENT_US,Sales,Utilities,2025-04,1219.4688280370372,1504.01335465,1427.6868999333335,1427.6868999333335,1223.9617600000001,203.72513993333337,1162.5377248474344,1692.8360750192326,3
ENT_US,Sales,Utilities,2025-05,1219.629289892857,1432.9272512,1327.4800636666666,1327.4800636666666,1357.7371727999998,-30.257109133333188,1059.9378247618997,1595.0223025714336,3
ENT_US,Sales,Utilities,2025-06,1224.3916306827587,991.95415215,1247.3891212666667,1247.3891212666667,1454.5106455,-207.12152423333328,1133.4370178184038,1361.3412247149297,3
ENT_US,Sales,Utilities,2025-07,1232.06226451,1432.7656820500001,1345.4031927666667,1345.4031927666667,1550.8946627999999,-205.49147003333314,1214.3990622061242,1476.4073233272093,3
ENT_US,Sales,Utilities,2025-08,1242.3471805838708,1048.38275455,1454.3808270333332,1454.3808270333332,1385.3405154000002,69.04031163333298,1345.091614714002,1563.6700393526644,3
ENT_US,Sales,Utilities,2025-09,1246.815722296875,776.65509965,1463.5819412333333,1463.5819412333333,1437.714728,25.86721323333336,1369.489962618515,1557.6739198481516,3
ENT_US,Sales,Utilities,2025-10,1252.600540651515,611.6756334,1457.9833020666665,1457.9833020666665,1452.3834438000001,5.599858266666388,1362.2293597394464,1553.7372443938866,3
ENT_US,Sales,Utilities,2025-11,1258.4765083911764,1067.3263118,1425.1462290666668,1425.1462290666668,869.6216595999999,555.5245694666669,1385.2634968915067,1465.028961241827,3
ENT_US,Sales,Utilities,2025-12,1247.3663698542857,1388.4281418,1253.2399438,1253.2399438,1076.5177824,176.7221614,877.2024228931546,1629.2774647068454,3
