record_id,validation_rule,severity,reason,timestamp,row_uid,_raw_row,invoice_id,vendor_id,entity_id,invoice_date,due_date,payment_date,currency,invoice_amount,tax_amount,net_amount,payment_status,business_unit,expense_category
ACCOUNTS_PAYABLE_00002070,missing_invoice_amount,CRITICAL,Required field 'invoice_amount' is missing,2026-09-14T18:02:42.816798+00:00,ACCOUNTS_PAYABLE_00002070,2069,APINV_00002241,VEND_0028,ENT_EU,2024-01-30,2024-02-14,2024-02-17,EUR,,39.86,209.81,Paid,R&D,Insurance
ACCOUNTS_PAYABLE_00005269,missing_invoice_amount,CRITICAL,Required field 'invoice_amount' is missing,2026-09-14T18:02:42.816798+00:00,ACCOUNTS_PAYABLE_00005269,5268,APINV_00005440,VEND_0028,ENT_EU,2025-07-26,2025-08-10,2025-08-08,EUR,,135.83,714.89,Paid,Corporate,
ACCOUNTS_PAYABLE_00006436,missing_invoice_amount,CRITICAL,Required field 'invoice_amount' is missing,2026-09-14T18:02:42.816798+00:00,ACCOUNTS_PAYABLE_00006436,6435,APINV_00006607,VEND_0040,ENT_US,2023-02-11,2023-03-28,2023-03-24,USD,,41.68,595.5,Paid,R&D,Professional Services
ACCOUNTS_PAYABLE_00006850,missing_invoice_amount,CRITICAL,Required field 'invoice_amount' is missing,2026-09-14T18:02:42.816798+00:00,ACCOUNTS_PAYABLE_00006850,6849,APINV_00007021,VEND_0025,ENT_US,2023-04-05,2023-05-20,2023-05-18,USD,,4.98,71.15,Paid,Corporate,Sales Commissions
ACCOUNTS_PAYABLE_00008591,missing_invoice_amount,CRITICAL,Required field 'invoice_amount' is missing,2026-09-14T18:02:42.816798+00:00,ACCOUNTS_PAYABLE_00008591,8590,APINV_00008762,VEND_0009,ENT_US,2024-02-07,2024-02-22,2024-02-26,USD,,9.6,137.18,Paid,Corporate,Travel
ACCOUNTS_PAYABLE_00008636,missing_invoice_amount,CRITICAL,Required field 'invoice_amount' is missing,2026-09-14T18:02:42.816798+00:00,ACCOUNTS_PAYABLE_00008636,8635,APINV_00008807,VEND_0025,ENT_US,2024-03-11,2024-04-25,2024-04-23,USD,,31.44,449.14,Paid,Operations,Rent
ACCOUNTS_PAYABLE_00010098,missing_invoice_amount,CRITICAL,Required field 'invoice_amount' is missing,2026-09-14T18:02:42.816798+00:00,ACCOUNTS_PAYABLE_00010098,10097,APINV_00010269,VEND_0041,ENT_US,2024-11-12,2024-12-12,2024-12-09,USD,,15.54,221.98,Paid,R&D,Logistics
ACCOUNTS_PAYABLE_00011668,missing_invoice_amount,CRITICAL,Required field 'invoice_amount' is missing,2026-09-14T18:02:42.816798+00:00,ACCOUNTS_PAYABLE_00011668,11667,APINV_00011839,VEND_0025,ENT_US,2025-08-09,2025-09-23,2025-09-27,USD,,19.38,276.91,Paid,Marketing,Insurance
ACCOUNTS_PAYABLE_00016683,missing_invoice_amount,CRITICAL,Required field 'invoice_amount' is missing,2026-09-14T18:02:42.816798+00:00,ACCOUNTS_PAYABLE_00016683,16682,APINV_00016854,VEND_0003,ENT_UK,2025-01-03,2025-03-04,2025-03-16,GBP,,50.25,251.24,Paid,Marketing,Software Subscriptions
ACCOUNTS_PAYABLE_00000873,missing_currency,HIGH,Required field 'currency' is missing,2026-09-14T18:02:42.816798+00:00,ACCOUNTS_PAYABLE_00000873,872,APINV_00000873,VEND_0021,ENT_EU,2023-05-16,2023-06-30,2023-06-15,,1280.65,204.47,1076.18,Paid,Corporate,Professional Services
ACCOUNTS_PAYABLE_00002232,missing_currency,HIGH,Required field 'currency' is missing,2026-09-14T18:02:42.816798+00:00,ACCOUNTS_PAYABLE_00002232,2231,APINV_00002403,VEND_0006,ENT_EU,2024-02-07,2024-04-07,2024-03-27,,964.47,153.99,810.48,Paid,Marketing,Logistics
ACCOUNTS_PAYABLE_00002454,missing_currency,HIGH,Required field 'currency' is missing,2026-09-14T18:02:42.816798+00:00,ACCOUNTS_PAYABLE_00002454,2453,APINV_00002625,VEND_0007,ENT_EU,2024-03-09,2024-04-23,2024-05-06,,1804.05,288.04,1516.01,Paid,Corporate,
ACCOUNTS_PAYABLE_00002877,missing_currency,HIGH,Required field 'currency' is missing,2026-09-14T18:02:42.816798+00:00,ACCOUNTS_PAYABLE_00002877,2876,APINV_00003048,VEND_0014,ENT_EU,2024-06-14,2024-07-29,2024-08-05,,441.57,70.5,371.07,Paid,Operations,Travel
ACCOUNTS_PAYABLE_00002896,missing_currency,HIGH,Required field 'currency' is missing,2026-09-14T18:02:42.816798+00:00,ACCOUNTS_PAYABLE_00002896,2895,APINV_00003067,VEND_0028,ENT_EU,2024-06-13,2024-06-28,2024-06-30,,304.16,48.56,255.6,Paid,Marketing,Professional Services
ACCOUNTS_PAYABLE_00003517,missing_currency,HIGH,Required field 'currency' is missing,2026-09-14T18:02:42.816798+00:00,ACCOUNTS_PAYABLE_00003517,3516,APINV_00003688,VEND_0006,ENT_EU,2024-09-30,2024-11-29,2024-12-04,,145.74,23.27,122.47,Paid,Corporate,Marketing
ACCOUNTS_PAYABLE_00003816,missing_currency,HIGH,Required field 'currency' is missing,2026-09-14T18:02:42.816798+00:00,ACCOUNTS_PAYABLE_00003816,3815,APINV_00003987,VEND_0030,ENT_EU,2024-11-09,2024-12-24,2025-01-06,,2753.59,439.65,2313.94,Paid,Marketing,Logistics
ACCOUNTS_PAYABLE_00003904,missing_currency,HIGH,Required field 'currency' is missing,2026-09-14T18:02:42.816798+00:00,ACCOUNTS_PAYABLE_00003904,3903,APINV_00004075,VEND_0037,ENT_EU,2024-12-09,2024-12-24,2024-12-13,,742.23,118.51,623.72,Paid,Sales,Software Subscriptions
ACCOUNTS_PAYABLE_00004043,missing_currency,HIGH,Required field 'currency' is missing,2026-09-14T18:02:42.816798+00:00,ACCOUNTS_PAYABLE_00004043,4042,APINV_00004214,VEND_0030,ENT_EU,2024-12-07,2025-01-21,2025-02-04,,43.72,6.98,36.74,Paid,R&D,IT Infrastructure
ACCOUNTS_PAYABLE_00004543,missing_currency,HIGH,Required field 'currency' is missing,2026-09-14T18:02:42.816798+00:00,ACCOUNTS_PAYABLE_00004543,4542,APINV_00004714,VEND_0010,ENT_EU,2025-03-11,2025-04-10,2025-04-12,,371.47,59.31,312.16,Paid,R&D,Marketing
ACCOUNTS_PAYABLE_00004612,missing_currency,HIGH,Required field 'currency' is missing,2026-09-14T18:02:42.816798+00:00,ACCOUNTS_PAYABLE_00004612,4611,APINV_00004783,VEND_0043,ENT_EU,2025-04-30,2025-06-14,2025-06-30,,3328.85,531.5,2797.35,Paid,Sales,Marketing
ACCOUNTS_PAYABLE_00004738,missing_currency,HIGH,Required field 'currency' is missing,2026-09-14T18:02:42.816798+00:00,ACCOUNTS_PAYABLE_00004738,4737,APINV_00004909,VEND_0021,ENT_EU,2025-04-16,2025-05-31,2025-06-08,,1112.5,177.63,934.87,Paid,Corporate,Professional Services
ACCOUNTS_PAYABLE_00005083,missing_currency,HIGH,Required field 'currency' is missing,2026-09-14T18:02:42.816798+00:00,ACCOUNTS_PAYABLE_00005083,5082,APINV_00005254,VEND_0010,ENT_EU,2025-06-15,2025-07-15,2025-07-14,,774.49,123.66,650.83,Paid,Corporate,Rent
ACCOUNTS_PAYABLE_00005378,missing_currency,HIGH,Required field 'currency' is missing,2026-09-14T18:02:42.816798+00:00,ACCOUNTS_PAYABLE_00005378,5377,APINV_00005549,VEND_0014,ENT_EU,2025-08-15,2025-09-29,2025-09-30,,878.18,140.21,737.97,Paid,Marketing,Utilities
ACCOUNTS_PAYABLE_00005598,missing_currency,HIGH,Required field 'currency' is missing,2026-09-14T18:02:42.816798+00:00,ACCOUNTS_PAYABLE_00005598,5597,APINV_00005769,VEND_0012,ENT_EU,2025-09-14,2025-11-13,2025-11-17,,120.67,19.27,101.4,Paid,R&D,Sales Commissions
ACCOUNTS_PAYABLE_00005834,missing_currency,HIGH,Required field 'currency' is missing,2026-09-14T18:02:42.816798+00:00,ACCOUNTS_PAYABLE_00005834,5833,APINV_00006005,VEND_0037,ENT_EU,2025-11-07,2025-11-22,2025-12-01,,2996.69,478.46,2518.23,Paid,Sales,Sales Commissions
ACCOUNTS_PAYABLE_00005978,missing_currency,HIGH,Required field 'currency' is missing,2026-09-14T18:02:42.816798+00:00,ACCOUNTS_PAYABLE_00005978,5977,APINV_00006149,VEND_0010,ENT_EU,2025-11-26,2025-12-26,2025-12-21,,123.38,19.7,103.68,Paid,Corporate,IT Infrastructure
ACCOUNTS_PAYABLE_00006271,missing_currency,HIGH,Required field 'currency' is missing,2026-09-14T18:02:42.816798+00:00,ACCOUNTS_PAYABLE_00006271,6270,APINV_00006442,VEND_0036,ENT_US,2023-01-14,2023-02-13,2023-02-21,,625.54,40.92,584.62,Paid,R&D,
ACCOUNTS_PAYABLE_00006968,missing_currency,HIGH,Required field 'currency' is missing,2026-09-14T18:02:42.816798+00:00,ACCOUNTS_PAYABLE_00006968,6967,APINV_00007139,VEND_0039,ENT_US,2023-05-03,2023-06-02,2023-06-19,,471.34,30.84,440.5,Paid,R&D,Insurance
ACCOUNTS_PAYABLE_00007645,missing_currency,HIGH,Required field 'currency' is missing,2026-09-14T18:02:42.816798+00:00,ACCOUNTS_PAYABLE_00007645,7644,APINV_00007816,VEND_0009,ENT_US,2023-09-30,2023-10-15,2023-10-12,,2200.81,143.98,2056.83,Paid,Marketing,Marketing
ACCOUNTS_PAYABLE_00007761,missing_currency,HIGH,Required field 'currency' is missing,2026-09-14T18:02:42.816798+00:00,ACCOUNTS_PAYABLE_00007761,7760,APINV_00007932,VEND_0025,ENT_US,2023-10-12,2023-11-26,2023-11-28,,698.77,45.71,653.06,Paid,Operations,Rent
ACCOUNTS_PAYABLE_00008515,missing_currency,HIGH,Required field 'currency' is missing,2026-09-14T18:02:42.816798+00:00,ACCOUNTS_PAYABLE_00008515,8514,APINV_00008686,VEND_0024,ENT_US,2024-02-06,2024-04-06,2024-03-31,,1687.13,110.37,1576.76,Paid,Marketing,Sales Commissions
ACCOUNTS_PAYABLE_00008950,missing_currency,HIGH,Required field 'currency' is missing,2026-09-14T18:02:42.816798+00:00,ACCOUNTS_PAYABLE_00008950,8949,APINV_00009121,VEND_0026,ENT_US,2024-05-07,2024-06-06,2024-06-02,,15822.06,1035.09,14786.97,Paid,Sales,Sales Commissions
ACCOUNTS_PAYABLE_00009130,missing_currency,HIGH,Required field 'currency' is missing,2026-09-14T18:02:42.816798+00:00,ACCOUNTS_PAYABLE_00009130,9129,APINV_00009301,VEND_0018,ENT_US,2024-06-10,2024-06-25,2024-06-24,,18594.41,1216.46,17377.95,Paid,Sales,Sales Commissions
ACCOUNTS_PAYABLE_00009390,missing_currency,HIGH,Required field 'currency' is missing,2026-09-14T18:02:42.816798+00:00,ACCOUNTS_PAYABLE_00009390,9389,APINV_00009561,VEND_0025,ENT_US,2024-07-03,2024-08-17,2024-08-11,,644.99,42.2,602.79,Paid,R&D,Utilities
ACCOUNTS_PAYABLE_00009897,missing_currency,HIGH,Required field 'currency' is missing,2026-09-14T18:02:42.816798+00:00,ACCOUNTS_PAYABLE_00009897,9896,APINV_00010068,VEND_0009,ENT_US,2024-10-16,2024-10-31,2024-11-12,,3996.23,261.44,3734.79,Paid,Marketing,Sales Commissions
ACCOUNTS_PAYABLE_00010162,missing_currency,HIGH,Required field 'currency' is missing,2026-09-14T18:02:42.816798+00:00,ACCOUNTS_PAYABLE_00010162,10161,APINV_00010333,VEND_0044,ENT_US,2024-12-08,2025-01-07,2025-01-01,,503.42,32.93,470.49,Paid,Sales,Professional Services
ACCOUNTS_PAYABLE_00010534,missing_currency,HIGH,Required field 'currency' is missing,2026-09-14T18:02:42.816798+00:00,ACCOUNTS_PAYABLE_00010534,10533,APINV_00010705,VEND_0044,ENT_US,2025-02-11,2025-03-13,2025-03-15,,1057.46,,988.28,Paid,Sales,Travel
ACCOUNTS_PAYABLE_00010563,missing_currency,HIGH,Required field 'currency' is missing,2026-09-14T18:02:42.816798+00:00,ACCOUNTS_PAYABLE_00010563,10562,APINV_00010734,VEND_0036,ENT_US,2025-02-22,2025-03-24,2025-03-24,,2075.74,135.8,1939.94,Paid,Operations,Marketing
ACCOUNTS_PAYABLE_00010650,missing_currency,HIGH,Required field 'currency' is missing,2026-09-14T18:02:42.816798+00:00,ACCOUNTS_PAYABLE_00010650,10649,APINV_00010821,VEND_0023,ENT_US,2025-02-27,2025-04-28,2025-04-30,,111.15,7.27,103.88,Paid,R&D,Travel
ACCOUNTS_PAYABLE_00010869,missing_currency,HIGH,Required field 'currency' is missing,2026-09-14T18:02:42.816798+00:00,ACCOUNTS_PAYABLE_00010869,10868,APINV_00011040,VEND_0024,ENT_US,2025-03-25,2025-05-24,2025-05-26,,99.84,6.53,93.31,Paid,Corporate,Travel
ACCOUNTS_PAYABLE_00011876,missing_currency,HIGH,Required field 'currency' is missing,2026-09-14T18:02:42.816798+00:00,ACCOUNTS_PAYABLE_00011876,11875,APINV_00012047,VEND_0041,ENT_US,2025-09-29,2025-10-29,2025-10-28,,392.6,25.68,366.92,Paid,R&D,Professional Services
ACCOUNTS_PAYABLE_00011960,missing_currency,HIGH,Required field 'currency' is missing,2026-09-14T18:02:42.816798+00:00,ACCOUNTS_PAYABLE_00011960,11959,APINV_00012131,VEND_0026,ENT_US,2025-10-19,2025-11-18,2025-11-24,,4222.22,276.22,3946.0,Paid,Sales,Marketing
ACCOUNTS_PAYABLE_00013177,missing_currency,HIGH,Required field 'currency' is missing,2026-09-14T18:02:42.816798+00:00,ACCOUNTS_PAYABLE_00013177,13176,APINV_00013348,VEND_0015,ENT_UK,2023-04-10,2023-05-10,2023-05-02,,45.94,7.66,38.28,Paid,Corporate,IT Infrastructure
ACCOUNTS_PAYABLE_00014383,missing_currency,HIGH,Required field 'currency' is missing,2026-09-14T18:02:42.816798+00:00,ACCOUNTS_PAYABLE_00014383,14382,APINV_00014554,VEND_0035,ENT_UK,2023-12-28,2024-01-27,2024-02-09,,419.09,69.85,349.24,Paid,Sales,Software Subscriptions
ACCOUNTS_PAYABLE_00014444,missing_currency,HIGH,Required field 'currency' is missing,2026-09-14T18:02:42.816798+00:00,ACCOUNTS_PAYABLE_00014444,14443,APINV_00014615,VEND_0032,ENT_UK,2023-12-21,2024-02-19,2024-02-22,,256.01,42.67,213.34,Paid,Marketing,Software Subscriptions
ACCOUNTS_PAYABLE_00014608,missing_currency,HIGH,Required field 'currency' is missing,2026-09-14T18:02:42.816798+00:00,ACCOUNTS_PAYABLE_00014608,14607,APINV_00014779,VEND_0038,ENT_UK,2024-01-13,2024-02-12,2024-02-14,,899.98,150.0,749.98,Paid,Marketing,Software Subscriptions
ACCOUNTS_PAYABLE_00016137,missing_currency,HIGH,Required field 'currency' is missing,2026-09-14T18:02:42.816798+00:00,ACCOUNTS_PAYABLE_00016137,16136,APINV_00016308,VEND_0002,ENT_UK,2024-10-03,2024-11-02,2024-11-05,,779.86,129.98,649.88,Paid,Operations,Travel
ACCOUNTS_PAYABLE_00016983,missing_currency,HIGH,Required field 'currency' is missing,2026-09-14T18:02:42.816798+00:00,ACCOUNTS_PAYABLE_00016983,16982,APINV_00017154,VEND_0005,ENT_UK,2025-03-09,2025-03-24,2025-03-31,,427.45,,356.21,Paid,Sales,IT Infrastructure
ACCOUNTS_PAYABLE_00017062,missing_currency,HIGH,Required field 'currency' is missing,2026-09-14T18:02:42.816798+00:00,ACCOUNTS_PAYABLE_00017062,17061,APINV_00017233,VEND_0022,ENT_UK,2025-03-10,2025-04-09,2025-04-27,,670.18,,558.48,Paid,R&D,Rent
ACCOUNTS_PAYABLE_00017078,missing_currency,HIGH,Required field 'currency' is missing,2026-09-14T18:02:42.816798+00:00,ACCOUNTS_PAYABLE_00017078,17077,APINV_00017249,VEND_0032,ENT_UK,2025-03-13,2025-05-12,2025-05-17,,409.81,68.3,341.51,Paid,R&D,Utilities
ACCOUNTS_PAYABLE_00017426,missing_currency,HIGH,Required field 'currency' is missing,2026-09-14T18:02:42.816798+00:00,ACCOUNTS_PAYABLE_00017426,17425,APINV_00017597,VEND_0011,ENT_UK,2025-05-23,2025-06-22,2025-06-25,,177.02,29.5,147.52,Paid,R&D,Utilities
ACCOUNTS_PAYABLE_00017464,missing_currency,HIGH,Required field 'currency' is missing,2026-09-14T18:02:42.816798+00:00,ACCOUNTS_PAYABLE_00017464,17463,APINV_00017635,VEND_0032,ENT_UK,2025-05-10,2025-07-09,2025-07-09,,234.32,39.05,195.27,Paid,Corporate,Marketing
ACCOUNTS_PAYABLE_00017921,missing_currency,HIGH,Required field 'currency' is missing,2026-09-14T18:02:42.816798+00:00,ACCOUNTS_PAYABLE_00017921,17920,APINV_00018092,VEND_0003,ENT_UK,2025-08-25,2025-10-24,2025-11-02,,138.25,23.04,115.21,Paid,Marketing,Utilities
ACCOUNTS_PAYABLE_00017994,missing_currency,HIGH,Required field 'currency' is missing,2026-09-14T18:02:42.816798+00:00,ACCOUNTS_PAYABLE_00017994,17993,APINV_00018165,VEND_0032,ENT_UK,2025-08-06,2025-10-05,2025-10-13,,433.21,72.2,361.01,Paid,Corporate,Marketing
ACCOUNTS_PAYABLE_00018918,missing_currency,HIGH,Required field 'currency' is missing,2026-09-14T18:02:42.816798+00:00,ACCOUNTS_PAYABLE_00018918,18917,APINV_INV_00000219,VEND_0044,ENT_US,2023-01-08,2023-02-07,2023-02-24,,75544.56,4942.17,70602.39,Paid,Operations,
ACCOUNTS_PAYABLE_00018972,missing_currency,HIGH,Required field 'currency' is missing,2026-09-14T18:02:42.816798+00:00,ACCOUNTS_PAYABLE_00018972,18971,APINV_INV_00000273,VEND_0004,ENT_US,2023-10-02,2023-11-16,2023-11-29,,95214.15,6228.96,88985.19,Paid,Operations,Raw Materials
ACCOUNTS_PAYABLE_00000157,duplicate_exact,HIGH,Full record is byte-identical to another record in the file,2026-09-14T18:02:42.816798+00:00,ACCOUNTS_PAYABLE_00000157,156,APINV_00000157,VEND_0030,ENT_EU,2023-01-25,2023-03-11,2023-03-20,USD,547.73,87.45,460.28,Paid,Corporate,Marketing
ACCOUNTS_PAYABLE_00000226,duplicate_exact,HIGH,Full record is byte-identical to another record in the file,2026-09-14T18:02:42.816798+00:00,ACCOUNTS_PAYABLE_00000226,225,APINV_00000226,VEND_0010,ENT_EU,2023-02-27,2023-03-29,2023-03-24,EUR,3513.81,561.03,2952.78,Paid,Operations,Logistics
ACCOUNTS_PAYABLE_00000496,duplicate_exact,HIGH,Full record is byte-identical to another record in the file,2026-09-14T18:02:42.816798+00:00,ACCOUNTS_PAYABLE_00000496,495,APINV_00000496,VEND_0007,ENT_EU,2023-03-06,2023-04-20,2023-04-14,GBP,117.27,18.72,98.55,Paid,R&D,Sales Commissions
ACCOUNTS_PAYABLE_00000502,duplicate_exact,HIGH,Full record is byte-identical to another record in the file,2026-09-14T18:02:42.816798+00:00,ACCOUNTS_PAYABLE_00000502,501,APINV_00000502,VEND_0006,ENT_EU,2023-03-12,2023-05-11,2023-05-17,EUR,72.03,11.5,60.53,Paid,R&D,IT Infrastructure
ACCOUNTS_PAYABLE_00000554,duplicate_exact,HIGH,Full record is byte-identical to another record in the file,2026-09-14T18:02:42.816798+00:00,ACCOUNTS_PAYABLE_00000554,553,APINV_00000554,VEND_0043,ENT_EU,2023-04-13,2023-05-28,2023-06-11,EUR,442.69,70.68,372.01,Paid,Sales,Professional Services
ACCOUNTS_PAYABLE_00000784,duplicate_exact,HIGH,Full record is byte-identical to another record in the file,2026-09-14T18:02:42.816798+00:00,ACCOUNTS_PAYABLE_00000784,783,APINV_00000784,VEND_0012,ENT_EU,2023-05-03,2023-07-02,2023-06-30,EUR,770.92,123.09,647.83,Paid,Marketing,Rent
ACCOUNTS_PAYABLE_00000785,duplicate_exact,HIGH,Full record is byte-identical to another record in the file,2026-09-14T18:02:42.816798+00:00,ACCOUNTS_PAYABLE_00000785,784,APINV_00000785,VEND_0006,ENT_EU,2023-05-03,2023-07-02,2023-07-18,EUR,181.18,28.93,152.25,Paid,Marketing,Insurance
ACCOUNTS_PAYABLE_00000938,duplicate_exact,HIGH,Full record is byte-identical to another record in the file,2026-09-14T18:02:42.816798+00:00,ACCOUNTS_PAYABLE_00000938,937,APINV_00000938,VEND_0043,ENT_EU,2023-06-06,2023-07-21,2023-07-17,EUR,156.02,24.91,131.11,Paid,Operations,Insurance
ACCOUNTS_PAYABLE_00001002,duplicate_exact,HIGH,Full record is byte-identical to another record in the file,2026-09-14T18:02:42.816798+00:00,ACCOUNTS_PAYABLE_00001002,1001,APINV_00001002,VEND_0021,ENT_EU,2023-06-28,2023-08-12,2023-08-11,EUR,609.45,97.31,512.14,Paid,R&D,Insurance
ACCOUNTS_PAYABLE_00001136,duplicate_exact,HIGH,Full record is byte-identical to another record in the file,2026-09-14T18:02:42.816798+00:00,ACCOUNTS_PAYABLE_00001136,1135,APINV_00001136,VEND_0027,ENT_EU,2023-07-09,2023-08-08,2023-08-09,EUR,108.14,17.27,90.87,Paid,Marketing,Software Subscriptions
ACCOUNTS_PAYABLE_00001230,duplicate_exact,HIGH,Full record is byte-identical to another record in the file,2026-09-14T18:02:42.816798+00:00,ACCOUNTS_PAYABLE_00001230,1229,APINV_00001401,VEND_0030,ENT_EU,2023-09-26,2023-11-10,2023-10-30,USD,194.97,31.13,163.84,Paid,Sales,Software Subscriptions
ACCOUNTS_PAYABLE_00001473,duplicate_exact,HIGH,Full record is byte-identical to another record in the file,2026-09-14T18:02:42.816798+00:00,ACCOUNTS_PAYABLE_00001473,1472,APINV_00001644,VEND_0012,ENT_EU,2023-10-26,2023-12-25,2024-01-09,EUR,430.29,68.7,361.59,Paid,Operations,Travel
ACCOUNTS_PAYABLE_00001557,duplicate_exact,HIGH,Full record is byte-identical to another record in the file,2026-09-14T18:02:42.816798+00:00,ACCOUNTS_PAYABLE_00001557,1556,APINV_00001728,VEND_0010,ENT_EU,2023-10-23,2023-11-22,2023-11-23,EUR,1315.45,210.03,1105.42,Paid,Corporate,Rent
ACCOUNTS_PAYABLE_00001558,duplicate_exact,HIGH,Full record is byte-identical to another record in the file,2026-09-14T18:02:42.816798+00:00,ACCOUNTS_PAYABLE_00001558,1557,APINV_00001729,VEND_0037,ENT_EU,2023-10-09,2023-10-24,2023-10-30,EUR,260.36,41.57,218.79,Paid,Corporate,Rent
ACCOUNTS_PAYABLE_00001759,duplicate_exact,HIGH,Full record is byte-identical to another record in the file,2026-09-14T18:02:42.816798+00:00,ACCOUNTS_PAYABLE_00001759,1758,APINV_00001930,VEND_0037,ENT_EU,2023-11-11,2023-11-26,2023-12-08,EUR,112.55,17.97,94.58,Paid,Corporate,Logistics
ACCOUNTS_PAYABLE_00001856,duplicate_exact,HIGH,Full record is byte-identical to another record in the file,2026-09-14T18:02:42.816798+00:00,ACCOUNTS_PAYABLE_00001856,1855,APINV_00002027,VEND_0021,ENT_EU,2023-12-03,2024-01-17,2024-01-26,EUR,271.76,43.39,228.37,Paid,Marketing,Professional Services
ACCOUNTS_PAYABLE_00001914,duplicate_exact,HIGH,Full record is byte-identical to another record in the file,2026-09-14T18:02:42.816798+00:00,ACCOUNTS_PAYABLE_00001914,1913,APINV_00002085,VEND_0029,ENT_EU,2023-12-30,2024-01-29,2024-02-08,EUR,1057.23,168.8,888.43,Paid,Corporate,Rent
ACCOUNTS_PAYABLE_00002088,duplicate_exact,HIGH,Full record is byte-identical to another record in the file,2026-09-14T18:02:42.816798+00:00,ACCOUNTS_PAYABLE_00002088,2087,APINV_00002259,VEND_0012,ENT_EU,2024-01-25,2024-03-25,2024-03-15,EUR,49.74,7.94,41.8,Paid,R&D,Sales Commissions
ACCOUNTS_PAYABLE_00002140,duplicate_exact,HIGH,Full record is byte-identical to another record in the file,2026-09-14T18:02:42.816798+00:00,ACCOUNTS_PAYABLE_00002140,2139,APINV_00002311,VEND_0037,ENT_EU,2024-02-14,2024-02-29,2024-02-28,EUR,569.71,90.96,478.75,Paid,Sales,Software Subscriptions
ACCOUNTS_PAYABLE_00002143,duplicate_exact,HIGH,Full record is byte-identical to another record in the file,2026-09-14T18:02:42.816798+00:00,ACCOUNTS_PAYABLE_00002143,2142,APINV_00002314,VEND_0030,ENT_EU,2024-02-24,2024-04-09,2024-05-02,USD,1540.79,246.01,1294.78,Paid,Sales,Professional Services
ACCOUNTS_PAYABLE_00002289,duplicate_exact,HIGH,Full record is byte-identical to another record in the file,2026-09-14T18:02:42.816798+00:00,ACCOUNTS_PAYABLE_00002289,2288,APINV_00002460,VEND_0043,ENT_EU,2024-02-14,2024-03-30,2024-04-05,EUR,1032.97,164.93,868.04,Paid,Corporate,Software Subscriptions
ACCOUNTS_PAYABLE_00002373,duplicate_exact,HIGH,Full record is byte-identical to another record in the file,2026-09-14T18:02:42.816798+00:00,ACCOUNTS_PAYABLE_00002373,2372,APINV_00002544,VEND_0030,ENT_EU,2024-03-20,2024-05-04,2024-05-03,USD,910.49,145.37,765.12,Paid,Operations,IT Infrastructure
ACCOUNTS_PAYABLE_00002500,duplicate_exact,HIGH,Full record is byte-identical to another record in the file,2026-09-14T18:02:42.816798+00:00,ACCOUNTS_PAYABLE_00002500,2499,APINV_00002671,VEND_0027,ENT_EU,2024-04-29,2024-05-29,2024-05-28,EUR,594.63,94.94,499.69,Paid,Sales,Utilities
ACCOUNTS_PAYABLE_00002637,duplicate_exact,HIGH,Full record is byte-identical to another record in the file,2026-09-14T18:02:42.816798+00:00,ACCOUNTS_PAYABLE_00002637,2636,APINV_00002808,VEND_0030,ENT_EU,2024-04-12,2024-05-27,2024-05-30,USD,155.44,24.82,130.62,Paid,Corporate,Marketing
ACCOUNTS_PAYABLE_00002712,duplicate_exact,HIGH,Full record is byte-identical to another record in the file,2026-09-14T18:02:42.816798+00:00,ACCOUNTS_PAYABLE_00002712,2711,APINV_00002883,VEND_0029,ENT_EU,2024-05-27,2024-06-26,2024-06-28,EUR,1078.58,172.21,906.37,Paid,Operations,IT Infrastructure
ACCOUNTS_PAYABLE_00002852,duplicate_exact,HIGH,Full record is byte-identical to another record in the file,2026-09-14T18:02:42.816798+00:00,ACCOUNTS_PAYABLE_00002852,2851,APINV_00003023,VEND_0037,ENT_EU,2024-06-24,2024-07-09,2024-07-05,EUR,299.59,47.83,251.76,Paid,Sales,IT Infrastructure
ACCOUNTS_PAYABLE_00002925,duplicate_exact,HIGH,Full record is byte-identical to another record in the file,2026-09-14T18:02:42.816798+00:00,ACCOUNTS_PAYABLE_00002925,2924,APINV_00003096,VEND_0012,ENT_EU,2024-06-06,2024-08-05,2024-08-17,EUR,181.03,28.9,152.13,Paid,R&D,Software Subscriptions
ACCOUNTS_PAYABLE_00002990,duplicate_exact,HIGH,Full record is byte-identical to another record in the file,2026-09-14T18:02:42.816798+00:00,ACCOUNTS_PAYABLE_00002990,2989,APINV_00003161,VEND_0012,ENT_EU,2024-07-12,2024-09-10,2024-09-09,EUR,2047.41,326.9,1720.51,Paid,Sales,Rent
ACCOUNTS_PAYABLE_00003021,duplicate_exact,HIGH,Full record is byte-identical to another record in the file,2026-09-14T18:02:42.816798+00:00,ACCOUNTS_PAYABLE_00003021,3020,APINV_00003192,VEND_0014,ENT_EU,2024-07-10,2024-08-24,2024-08-24,EUR,212.77,33.97,178.8,Paid,Sales,IT Infrastructure
ACCOUNTS_PAYABLE_00003106,duplicate_exact,HIGH,Full record is byte-identical to another record in the file,2026-09-14T18:02:42.816798+00:00,ACCOUNTS_PAYABLE_00003106,3105,APINV_00003277,VEND_0012,ENT_EU,2024-07-17,2024-09-15,2024-08-28,EUR,1044.87,166.83,878.04,Paid,R&D,Rent
ACCOUNTS_PAYABLE_00003126,duplicate_exact,HIGH,Full record is byte-identical to another record in the file,2026-09-14T18:02:42.816798+00:00,ACCOUNTS_PAYABLE_00003126,3125,APINV_00003297,VEND_0014,ENT_EU,2024-07-23,2024-09-06,2024-09-04,EUR,333.12,53.19,279.93,Paid,R&D,Marketing
ACCOUNTS_PAYABLE_00003812,duplicate_exact,HIGH,Full record is byte-identical to another record in the file,2026-09-14T18:02:42.816798+00:00,ACCOUNTS_PAYABLE_00003812,3811,APINV_00003983,VEND_0006,ENT_EU,2024-11-01,2024-12-31,2025-01-06,EUR,1487.1,237.44,1249.66,Paid,Marketing,Marketing
ACCOUNTS_PAYABLE_00003840,duplicate_exact,HIGH,Full record is byte-identical to another record in the file,2026-09-14T18:02:42.816798+00:00,ACCOUNTS_PAYABLE_00003840,3839,APINV_00004011,VEND_0006,ENT_EU,2024-11-05,2025-01-04,2025-01-03,EUR,468.53,74.81,393.72,Paid,R&D,Software Subscriptions
ACCOUNTS_PAYABLE_00004208,duplicate_exact,HIGH,Full record is byte-identical to another record in the file,2026-09-14T18:02:42.816798+00:00,ACCOUNTS_PAYABLE_00004208,4207,APINV_00004379,VEND_0027,ENT_EU,2025-01-29,2025-02-28,2025-03-10,EUR,138.71,22.15,116.56,Paid,R&D,Sales Commissions
ACCOUNTS_PAYABLE_00004250,duplicate_exact,HIGH,Full record is byte-identical to another record in the file,2026-09-14T18:02:42.816798+00:00,ACCOUNTS_PAYABLE_00004250,4249,APINV_00004421,VEND_0012,ENT_EU,2025-01-21,2025-03-22,2025-03-25,EUR,48.39,7.73,40.66,Paid,Corporate,IT Infrastructure
ACCOUNTS_PAYABLE_00004376,duplicate_exact,HIGH,Full record is byte-identical to another record in the file,2026-09-14T18:02:42.816798+00:00,ACCOUNTS_PAYABLE_00004376,4375,APINV_00004547,VEND_0006,ENT_EU,2025-02-05,2025-04-06,2025-04-18,EUR,1081.42,172.66,908.76,Paid,R&D,Professional Services
ACCOUNTS_PAYABLE_00004608,duplicate_exact,HIGH,Full record is byte-identical to another record in the file,2026-09-14T18:02:42.816798+00:00,ACCOUNTS_PAYABLE_00004608,4607,APINV_00004779,VEND_0043,ENT_EU,2025-04-10,2025-05-25,2025-05-26,EUR,279.72,44.66,235.06,Paid,Sales,Utilities
ACCOUNTS_PAYABLE_00004772,duplicate_exact,HIGH,Full record is byte-identical to another record in the file,2026-09-14T18:02:42.816798+00:00,ACCOUNTS_PAYABLE_00004772,4771,APINV_00004943,VEND_0007,ENT_EU,2025-05-01,2025-06-15,2025-06-30,GBP,705.15,112.59,592.56,Paid,Sales,Insurance
ACCOUNTS_PAYABLE_00004797,duplicate_exact,HIGH,Full record is byte-identical to another record in the file,2026-09-14T18:02:42.816798+00:00,ACCOUNTS_PAYABLE_00004797,4796,APINV_00004968,VEND_0028,ENT_EU,2025-05-21,2025-06-05,2025-05-29,EUR,239.74,38.28,201.46,Paid,Operations,Rent
ACCOUNTS_PAYABLE_00005119,duplicate_exact,HIGH,Full record is byte-identical to another record in the file,2026-09-14T18:02:42.816798+00:00,ACCOUNTS_PAYABLE_00005119,5118,APINV_00005290,VEND_0006,ENT_EU,2025-07-14,2025-09-12,2025-09-07,EUR,357.69,57.11,300.58,Paid,Sales,Insurance
ACCOUNTS_PAYABLE_00005908,duplicate_exact,HIGH,Full record is byte-identical to another record in the file,2026-09-14T18:02:42.816798+00:00,ACCOUNTS_PAYABLE_00005908,5907,APINV_00006079,VEND_0043,ENT_EU,2025-11-29,2026-01-13,,EUR,1198.94,191.43,1007.51,Open,R&D,Rent
ACCOUNTS_PAYABLE_00005925,duplicate_exact,HIGH,Full record is byte-identical to another record in the file,2026-09-14T18:02:42.816798+00:00,ACCOUNTS_PAYABLE_00005925,5924,APINV_00006096,VEND_0012,ENT_EU,2025-11-10,2026-01-09,,EUR,346.33,55.3,291.03,Open,R&D,Marketing
ACCOUNTS_PAYABLE_00006100,duplicate_exact,HIGH,Full record is byte-identical to another record in the file,2026-09-14T18:02:42.816798+00:00,ACCOUNTS_PAYABLE_00006100,6099,APINV_00006271,VEND_0007,ENT_EU,2025-12-10,2026-01-24,,GBP,129.31,20.65,108.66,Open,R&D,Logistics
ACCOUNTS_PAYABLE_00006169,duplicate_exact,HIGH,Full record is byte-identical to another record in the file,2026-09-14T18:02:42.816798+00:00,ACCOUNTS_PAYABLE_00006169,6168,APINV_00006340,VEND_0004,ENT_US,2023-01-06,2023-02-20,2023-03-06,USD,588.57,38.5,550.07,Paid,Sales,Utilities
ACCOUNTS_PAYABLE_00006244,duplicate_exact,HIGH,Full record is byte-identical to another record in the file,2026-09-14T18:02:42.816798+00:00,ACCOUNTS_PAYABLE_00006244,6243,APINV_00006415,VEND_0018,ENT_US,2023-01-14,2023-01-29,2023-02-08,EUR,985.89,64.5,921.39,Paid,Marketing,Marketing
ACCOUNTS_PAYABLE_00006365,duplicate_exact,HIGH,Full record is byte-identical to another record in the file,2026-09-14T18:02:42.816798+00:00,ACCOUNTS_PAYABLE_00006365,6364,APINV_00006536,VEND_0019,ENT_US,2023-02-06,2023-03-23,2023-03-24,USD,834.4,54.59,779.81,Paid,Operations,Software Subscriptions
ACCOUNTS_PAYABLE_00006429,duplicate_exact,HIGH,Full record is byte-identical to another record in the file,2026-09-14T18:02:42.816798+00:00,ACCOUNTS_PAYABLE_00006429,6428,APINV_00006600,VEND_0009,ENT_US,2023-02-22,2023-03-09,2023-02-28,USD,693.83,45.39,648.44,Paid,R&D,Insurance
ACCOUNTS_PAYABLE_00006595,duplicate_exact,HIGH,Full record is byte-identical to another record in the file,2026-09-14T18:02:42.816798+00:00,ACCOUNTS_PAYABLE_00006595,6594,APINV_00006766,VEND_0039,ENT_US,2023-03-27,2023-04-26,2023-05-09,USD,210.8,13.79,197.01,Paid,Marketing,Travel
ACCOUNTS_PAYABLE_00006992,duplicate_exact,HIGH,Full record is byte-identical to another record in the file,2026-09-14T18:02:42.816798+00:00,ACCOUNTS_PAYABLE_00006992,6991,APINV_00007163,VEND_0019,ENT_US,2023-05-20,2023-07-04,2023-07-08,USD,171.26,11.2,160.06,Paid,R&D,Sales Commissions
ACCOUNTS_PAYABLE_00007188,duplicate_exact,HIGH,Full record is byte-identical to another record in the file,2026-09-14T18:02:42.816798+00:00,ACCOUNTS_PAYABLE_00007188,7187,APINV_00007359,VEND_0034,ENT_US,2023-06-25,2023-07-25,2023-07-26,USD,906.43,59.3,847.13,Paid,Corporate,Professional Services
ACCOUNTS_PAYABLE_00007421,duplicate_exact,HIGH,Full record is byte-identical to another record in the file,2026-09-14T18:02:42.816798+00:00,ACCOUNTS_PAYABLE_00007421,7420,APINV_00007592,VEND_0001,ENT_US,2023-08-10,2023-09-24,2023-09-26,EUR,605.12,39.59,565.53,Paid,Operations,Software Subscriptions
ACCOUNTS_PAYABLE_00007939,duplicate_exact,HIGH,Full record is byte-identical to another record in the file,2026-09-14T18:02:42.816798+00:00,ACCOUNTS_PAYABLE_00007939,7938,APINV_00008110,VEND_0025,ENT_US,2023-11-13,2023-12-28,2023-12-27,USD,314.31,20.56,293.75,Paid,Operations,Rent
ACCOUNTS_PAYABLE_00007970,duplicate_exact,HIGH,Full record is byte-identical to another record in the file,2026-09-14T18:02:42.816798+00:00,ACCOUNTS_PAYABLE_00007970,7969,APINV_00008141,VEND_0034,ENT_US,2023-11-07,2023-12-07,2023-12-05,USD,383.98,25.12,358.86,Paid,Marketing,Insurance
ACCOUNTS_PAYABLE_00008042,duplicate_exact,HIGH,Full record is byte-identical to another record in the file,2026-09-14T18:02:42.816798+00:00,ACCOUNTS_PAYABLE_00008042,8041,APINV_00008213,VEND_0019,ENT_US,2023-11-08,2023-12-23,2024-01-02,USD,870.72,56.96,813.76,Paid,Corporate,Software Subscriptions
ACCOUNTS_PAYABLE_00008115,duplicate_exact,HIGH,Full record is byte-identical to another record in the file,2026-09-14T18:02:42.816798+00:00,ACCOUNTS_PAYABLE_00008115,8114,APINV_00008286,VEND_0026,ENT_US,2023-12-25,2024-01-24,2024-01-31,USD,515.84,33.75,482.09,Paid,Operations,Utilities
ACCOUNTS_PAYABLE_00008190,duplicate_exact,HIGH,Full record is byte-identical to another record in the file,2026-09-14T18:02:42.816798+00:00,ACCOUNTS_PAYABLE_00008190,8189,APINV_00008361,VEND_0036,ENT_US,2023-12-22,2024-01-21,2024-01-27,USD,247.47,16.19,231.28,Paid,R&D,Marketing
ACCOUNTS_PAYABLE_00008226,duplicate_exact,HIGH,Full record is byte-identical to another record in the file,2026-09-14T18:02:42.816798+00:00,ACCOUNTS_PAYABLE_00008226,8225,APINV_00008397,VEND_0009,ENT_US,2023-12-17,2024-01-01,2023-12-31,USD,614.45,40.2,574.25,Paid,Corporate,Utilities
ACCOUNTS_PAYABLE_00008304,duplicate_exact,HIGH,Full record is byte-identical to another record in the file,2026-09-14T18:02:42.816798+00:00,ACCOUNTS_PAYABLE_00008304,8303,APINV_00008475,VEND_0040,ENT_US,2024-01-28,2024-03-13,2024-03-25,USD,337.64,22.09,315.55,Paid,Operations,Marketing
ACCOUNTS_PAYABLE_00008482,duplicate_exact,HIGH,Full record is byte-identical to another record in the file,2026-09-14T18:02:42.816798+00:00,ACCOUNTS_PAYABLE_00008482,8481,APINV_00008653,VEND_0033,ENT_US,2024-02-08,2024-03-09,2024-03-08,USD,236.62,15.48,221.14,Paid,Operations,Travel
ACCOUNTS_PAYABLE_00008552,duplicate_exact,HIGH,Full record is byte-identical to another record in the file,2026-09-14T18:02:42.816798+00:00,ACCOUNTS_PAYABLE_00008552,8551,APINV_00008723,VEND_0004,ENT_US,2024-02-26,2024-04-11,2024-04-15,USD,32.27,2.11,30.16,Paid,R&D,Sales Commissions
ACCOUNTS_PAYABLE_00009557,duplicate_exact,HIGH,Full record is byte-identical to another record in the file,2026-09-14T18:02:42.816798+00:00,ACCOUNTS_PAYABLE_00009557,9556,APINV_00009728,VEND_0039,ENT_US,2024-08-15,2024-09-14,2024-09-15,USD,344.69,22.55,322.14,Paid,R&D,Utilities
ACCOUNTS_PAYABLE_00009891,duplicate_exact,HIGH,Full record is byte-identical to another record in the file,2026-09-14T18:02:42.816798+00:00,ACCOUNTS_PAYABLE_00009891,9890,APINV_00010062,VEND_0018,ENT_US,2024-10-22,2024-11-06,2024-11-10,EUR,616.87,40.36,576.51,Paid,Marketing,Utilities
ACCOUNTS_PAYABLE_00009951,duplicate_exact,HIGH,Full record is byte-identical to another record in the file,2026-09-14T18:02:42.816798+00:00,ACCOUNTS_PAYABLE_00009951,9950,APINV_00010122,VEND_0031,ENT_US,2024-10-14,2024-11-28,2024-11-29,EUR,315.08,20.61,294.47,Paid,Corporate,Software Subscriptions
ACCOUNTS_PAYABLE_00010430,duplicate_exact,HIGH,Full record is byte-identical to another record in the file,2026-09-14T18:02:42.816798+00:00,ACCOUNTS_PAYABLE_00010430,10429,APINV_00010601,VEND_0024,ENT_US,2025-01-06,2025-03-07,2025-03-03,USD,2094.23,137.01,1957.22,Paid,Marketing,Logistics
ACCOUNTS_PAYABLE_00010582,duplicate_exact,HIGH,Full record is byte-identical to another record in the file,2026-09-14T18:02:42.816798+00:00,ACCOUNTS_PAYABLE_00010582,10581,APINV_00010753,VEND_0001,ENT_US,2025-02-24,2025-04-10,2025-04-08,EUR,279.81,18.31,261.5,Paid,Marketing,Rent
ACCOUNTS_PAYABLE_00010617,duplicate_exact,HIGH,Full record is byte-identical to another record in the file,2026-09-14T18:02:42.816798+00:00,ACCOUNTS_PAYABLE_00010617,10616,APINV_00010788,VEND_0019,ENT_US,2025-02-24,2025-04-10,2025-04-13,USD,145.48,9.52,135.96,Paid,Marketing,IT Infrastructure
ACCOUNTS_PAYABLE_00010694,duplicate_exact,HIGH,Full record is byte-identical to another record in the file,2026-09-14T18:02:42.816798+00:00,ACCOUNTS_PAYABLE_00010694,10693,APINV_00010865,VEND_0024,ENT_US,2025-03-09,2025-05-08,2025-05-20,USD,731.71,47.87,683.84,Paid,Sales,Rent
ACCOUNTS_PAYABLE_00010870,duplicate_exact,HIGH,Full record is byte-identical to another record in the file,2026-09-14T18:02:42.816798+00:00,ACCOUNTS_PAYABLE_00010870,10869,APINV_00011041,VEND_0018,ENT_US,2025-03-23,2025-04-07,2025-04-12,EUR,112.05,7.33,104.72,Paid,Corporate,IT Infrastructure
ACCOUNTS_PAYABLE_00011094,duplicate_exact,HIGH,Full record is byte-identical to another record in the file,2026-09-14T18:02:42.816798+00:00,ACCOUNTS_PAYABLE_00011094,11093,APINV_00011265,VEND_0039,ENT_US,2025-05-24,2025-06-23,2025-07-05,USD,878.72,57.49,821.23,Paid,Operations,Rent
ACCOUNTS_PAYABLE_00011255,duplicate_exact,HIGH,Full record is byte-identical to another record in the file,2026-09-14T18:02:42.816798+00:00,ACCOUNTS_PAYABLE_00011255,11254,APINV_00011426,VEND_0040,ENT_US,2025-06-30,2025-08-14,2025-08-29,USD,863.19,56.47,806.72,Paid,Sales,Travel
ACCOUNTS_PAYABLE_00011373,duplicate_exact,HIGH,Full record is byte-identical to another record in the file,2026-09-14T18:02:42.816798+00:00,ACCOUNTS_PAYABLE_00011373,11372,APINV_00011544,VEND_0031,ENT_US,2025-06-14,2025-07-29,2025-08-03,EUR,1418.58,92.8,1325.78,Paid,Corporate,Rent
ACCOUNTS_PAYABLE_00011701,duplicate_exact,HIGH,Full record is byte-identical to another record in the file,2026-09-14T18:02:42.816798+00:00,ACCOUNTS_PAYABLE_00011701,11700,APINV_00011872,VEND_0009,ENT_US,2025-08-24,2025-09-08,2025-09-08,USD,374.29,24.49,349.8,Paid,Marketing,IT Infrastructure
ACCOUNTS_PAYABLE_00012018,duplicate_exact,HIGH,Full record is byte-identical to another record in the file,2026-09-14T18:02:42.816798+00:00,ACCOUNTS_PAYABLE_00012018,12017,APINV_00012189,VEND_0039,ENT_US,2025-10-23,2025-11-22,2025-11-24,USD,256.7,16.79,239.91,Paid,Marketing,Utilities
ACCOUNTS_PAYABLE_00012040,duplicate_exact,HIGH,Full record is byte-identical to another record in the file,2026-09-14T18:02:42.816798+00:00,ACCOUNTS_PAYABLE_00012040,12039,APINV_00012211,VEND_0031,ENT_US,2025-10-28,2025-12-12,2025-12-25,EUR,916.86,59.98,856.88,Paid,R&D,Insurance
ACCOUNTS_PAYABLE_00012237,duplicate_exact,HIGH,Full record is byte-identical to another record in the file,2026-09-14T18:02:42.816798+00:00,ACCOUNTS_PAYABLE_00012237,12236,APINV_00012408,VEND_0019,ENT_US,2025-11-06,2025-12-21,2025-12-18,USD,36.63,2.4,34.23,Paid,R&D,Sales Commissions
ACCOUNTS_PAYABLE_00012378,duplicate_exact,HIGH,Full record is byte-identical to another record in the file,2026-09-14T18:02:42.816798+00:00,ACCOUNTS_PAYABLE_00012378,12377,APINV_00012549,VEND_0004,ENT_US,2025-12-02,2026-01-16,,USD,1325.11,86.69,1238.42,Open,Marketing,Logistics
ACCOUNTS_PAYABLE_00012640,duplicate_exact,HIGH,Full record is byte-identical to another record in the file,2026-09-14T18:02:42.816798+00:00,ACCOUNTS_PAYABLE_00012640,12639,APINV_00012811,VEND_0013,ENT_UK,2023-01-05,2023-02-04,2023-02-03,GBP,85.63,14.27,71.36,Paid,Corporate,Travel
ACCOUNTS_PAYABLE_00012703,duplicate_exact,HIGH,Full record is byte-identical to another record in the file,2026-09-14T18:02:42.816798+00:00,ACCOUNTS_PAYABLE_00012703,12702,APINV_00012874,VEND_0045,ENT_UK,2023-02-22,2023-04-08,2023-04-03,GBP,2688.54,448.09,2240.45,Paid,Operations,Logistics
ACCOUNTS_PAYABLE_00012772,duplicate_exact,HIGH,Full record is byte-identical to another record in the file,2026-09-14T18:02:42.816798+00:00,ACCOUNTS_PAYABLE_00012772,12771,APINV_00012943,VEND_0002,ENT_UK,2023-02-03,2023-03-05,2023-03-05,GBP,159.56,26.59,132.97,Paid,R&D,Utilities
ACCOUNTS_PAYABLE_00012872,duplicate_exact,HIGH,Full record is byte-identical to another record in the file,2026-09-14T18:02:42.816798+00:00,ACCOUNTS_PAYABLE_00012872,12871,APINV_00013043,VEND_0045,ENT_UK,2023-03-19,2023-05-03,2023-05-09,GBP,857.33,142.89,714.44,Paid,Operations,Professional Services
ACCOUNTS_PAYABLE_00013163,duplicate_exact,HIGH,Full record is byte-identical to another record in the file,2026-09-14T18:02:42.816798+00:00,ACCOUNTS_PAYABLE_00013163,13162,APINV_00013334,VEND_0011,ENT_UK,2023-04-24,2023-05-24,2023-05-26,GBP,246.73,41.12,205.61,Paid,Corporate,Marketing
ACCOUNTS_PAYABLE_00013215,duplicate_exact,HIGH,Full record is byte-identical to another record in the file,2026-09-14T18:02:42.816798+00:00,ACCOUNTS_PAYABLE_00013215,13214,APINV_00013386,VEND_0045,ENT_UK,2023-05-11,2023-06-25,2023-06-29,GBP,144.4,24.07,120.33,Paid,Sales,IT Infrastructure
ACCOUNTS_PAYABLE_00013298,duplicate_exact,HIGH,Full record is byte-identical to another record in the file,2026-09-14T18:02:42.816798+00:00,ACCOUNTS_PAYABLE_00013298,13297,APINV_00013469,VEND_0035,ENT_UK,2023-05-18,2023-06-17,2023-06-13,GBP,347.03,57.84,289.19,Paid,R&D,Insurance
ACCOUNTS_PAYABLE_00013360,duplicate_exact,HIGH,Full record is byte-identical to another record in the file,2026-09-14T18:02:42.816798+00:00,ACCOUNTS_PAYABLE_00013360,13359,APINV_00013531,VEND_0002,ENT_UK,2023-05-01,2023-05-31,2023-05-29,GBP,131.88,21.98,109.9,Paid,Corporate,Travel
ACCOUNTS_PAYABLE_00013448,duplicate_exact,HIGH,Full record is byte-identical to another record in the file,2026-09-14T18:02:42.816798+00:00,ACCOUNTS_PAYABLE_00013448,13447,APINV_00013619,VEND_0016,ENT_UK,2023-06-09,2023-07-09,2023-07-01,GBP,459.04,76.51,382.53,Paid,Marketing,Software Subscriptions
ACCOUNTS_PAYABLE_00013670,duplicate_exact,HIGH,Full record is byte-identical to another record in the file,2026-09-14T18:02:42.816798+00:00,ACCOUNTS_PAYABLE_00013670,13669,APINV_00013841,VEND_0005,ENT_UK,2023-07-28,2023-08-12,2023-08-10,GBP,108.04,18.01,90.03,Paid,R&D,Logistics
ACCOUNTS_PAYABLE_00014016,duplicate_exact,HIGH,Full record is byte-identical to another record in the file,2026-09-14T18:02:42.816798+00:00,ACCOUNTS_PAYABLE_00014016,14015,APINV_00014187,VEND_0011,ENT_UK,2023-09-06,2023-10-06,2023-10-15,GBP,1335.28,222.55,1112.73,Paid,Corporate,Rent
ACCOUNTS_PAYABLE_00014154,duplicate_exact,HIGH,Full record is byte-identical to another record in the file,2026-09-14T18:02:42.816798+00:00,ACCOUNTS_PAYABLE_00014154,14153,APINV_00014325,VEND_0045,ENT_UK,2023-10-29,2023-12-13,2023-12-24,GBP,238.94,39.82,199.12,Paid,R&D,Marketing
ACCOUNTS_PAYABLE_00014478,duplicate_exact,HIGH,Full record is byte-identical to another record in the file,2026-09-14T18:02:42.816798+00:00,ACCOUNTS_PAYABLE_00014478,14477,APINV_00014649,VEND_0011,ENT_UK,2023-12-03,2024-01-02,2024-01-23,GBP,538.61,89.77,448.84,Paid,R&D,Professional Services
ACCOUNTS_PAYABLE_00014572,duplicate_exact,HIGH,Full record is byte-identical to another record in the file,2026-09-14T18:02:42.816798+00:00,ACCOUNTS_PAYABLE_00014572,14571,APINV_00014743,VEND_0022,ENT_UK,2024-01-29,2024-02-28,2024-02-26,GBP,246.8,41.13,205.67,Paid,Operations,Insurance
ACCOUNTS_PAYABLE_00014756,duplicate_exact,HIGH,Full record is byte-identical to another record in the file,2026-09-14T18:02:42.816798+00:00,ACCOUNTS_PAYABLE_00014756,14755,APINV_00014927,VEND_0038,ENT_UK,2024-02-02,2024-03-03,2024-03-08,GBP,2514.47,419.08,2095.39,Paid,Operations,Logistics
ACCOUNTS_PAYABLE_00014935,duplicate_exact,HIGH,Full record is byte-identical to another record in the file,2026-09-14T18:02:42.816798+00:00,ACCOUNTS_PAYABLE_00014935,14934,APINV_00015106,VEND_0005,ENT_UK,2024-03-09,2024-03-24,2024-03-30,GBP,236.78,39.46,197.32,Paid,Operations,Travel
ACCOUNTS_PAYABLE_00015277,duplicate_exact,HIGH,Full record is byte-identical to another record in the file,2026-09-14T18:02:42.816798+00:00,ACCOUNTS_PAYABLE_00015277,15276,APINV_00015448,VEND_0003,ENT_UK,2024-05-29,2024-07-28,2024-08-04,GBP,3091.5,515.25,2576.25,Paid,Operations,Sales Commissions
ACCOUNTS_PAYABLE_00015282,duplicate_exact,HIGH,Full record is byte-identical to another record in the file,2026-09-14T18:02:42.816798+00:00,ACCOUNTS_PAYABLE_00015282,15281,APINV_00015453,VEND_0022,ENT_UK,2024-05-19,2024-06-18,2024-06-06,GBP,424.84,70.81,354.03,Paid,Operations,IT Infrastructure
ACCOUNTS_PAYABLE_00015317,duplicate_exact,HIGH,Full record is byte-identical to another record in the file,2026-09-14T18:02:42.816798+00:00,ACCOUNTS_PAYABLE_00015317,15316,APINV_00015488,VEND_0022,ENT_UK,2024-05-04,2024-06-03,2024-06-07,GBP,631.28,105.21,526.07,Paid,R&D,Insurance
ACCOUNTS_PAYABLE_00015501,duplicate_exact,HIGH,Full record is byte-identical to another record in the file,2026-09-14T18:02:42.816798+00:00,ACCOUNTS_PAYABLE_00015501,15500,APINV_00015672,VEND_0011,ENT_UK,2024-06-07,2024-07-07,2024-07-10,GBP,60.05,10.01,50.04,Paid,R&D,Marketing
ACCOUNTS_PAYABLE_00015686,duplicate_exact,HIGH,Full record is byte-identical to another record in the file,2026-09-14T18:02:42.816798+00:00,ACCOUNTS_PAYABLE_00015686,15685,APINV_00015857,VEND_0015,ENT_UK,2024-07-29,2024-08-28,2024-08-29,GBP,93.49,15.58,77.91,Paid,R&D,Logistics
ACCOUNTS_PAYABLE_00015981,duplicate_exact,HIGH,Full record is byte-identical to another record in the file,2026-09-14T18:02:42.816798+00:00,ACCOUNTS_PAYABLE_00015981,15980,APINV_00016152,VEND_0032,ENT_UK,2024-09-29,2024-11-28,2024-12-03,GBP,1185.47,197.58,987.89,Paid,Marketing,Marketing
ACCOUNTS_PAYABLE_00015996,duplicate_exact,HIGH,Full record is byte-identical to another record in the file,2026-09-14T18:02:42.816798+00:00,ACCOUNTS_PAYABLE_00015996,15995,APINV_00016167,VEND_0003,ENT_UK,2024-09-06,2024-11-05,2024-11-04,GBP,180.55,30.09,150.46,Paid,Marketing,IT Infrastructure
ACCOUNTS_PAYABLE_00016179,duplicate_exact,HIGH,Full record is byte-identical to another record in the file,2026-09-14T18:02:42.816798+00:00,ACCOUNTS_PAYABLE_00016179,16178,APINV_00016350,VEND_0035,ENT_UK,2024-10-06,2024-11-05,2024-11-06,GBP,256.02,42.67,213.35,Paid,R&D,Insurance
ACCOUNTS_PAYABLE_00016200,duplicate_exact,HIGH,Full record is byte-identical to another record in the file,2026-09-14T18:02:42.816798+00:00,ACCOUNTS_PAYABLE_00016200,16199,APINV_00016371,VEND_0038,ENT_UK,2024-10-07,2024-11-06,2024-11-15,GBP,136.32,22.72,113.6,Paid,R&D,Logistics
ACCOUNTS_PAYABLE_00016217,duplicate_exact,HIGH,Full record is byte-identical to another record in the file,2026-09-14T18:02:42.816798+00:00,ACCOUNTS_PAYABLE_00016217,16216,APINV_00016388,VEND_0045,ENT_UK,2024-10-13,2024-11-27,2024-12-11,GBP,860.6,143.43,717.17,Paid,Corporate,
ACCOUNTS_PAYABLE_00016260,duplicate_exact,HIGH,Full record is byte-identical to another record in the file,2026-09-14T18:02:42.816798+00:00,ACCOUNTS_PAYABLE_00016260,16259,APINV_00016431,VEND_0017,ENT_UK,2024-11-29,2024-12-29,2024-12-19,USD,105.8,17.63,88.17,Paid,Sales,Insurance
ACCOUNTS_PAYABLE_00016576,duplicate_exact,HIGH,Full record is byte-identical to another record in the file,2026-09-14T18:02:42.816798+00:00,ACCOUNTS_PAYABLE_00016576,16575,APINV_00016747,VEND_0020,ENT_UK,2024-12-29,2025-01-28,2025-02-11,GBP,704.57,117.43,587.14,Paid,Corporate,Software Subscriptions
ACCOUNTS_PAYABLE_00016728,duplicate_exact,HIGH,Full record is byte-identical to another record in the file,2026-09-14T18:02:42.816798+00:00,ACCOUNTS_PAYABLE_00016728,16727,APINV_00016899,VEND_0035,ENT_UK,2025-01-17,2025-02-16,2025-02-21,GBP,365.81,60.97,304.84,Paid,R&D,Utilities
ACCOUNTS_PAYABLE_00016754,duplicate_exact,HIGH,Full record is byte-identical to another record in the file,2026-09-14T18:02:42.816798+00:00,ACCOUNTS_PAYABLE_00016754,16753,APINV_00016925,VEND_0003,ENT_UK,2025-01-25,2025-03-26,2025-03-27,GBP,485.59,80.93,404.66,Paid,Corporate,Professional Services
ACCOUNTS_PAYABLE_00017512,duplicate_exact,HIGH,Full record is byte-identical to another record in the file,2026-09-14T18:02:42.816798+00:00,ACCOUNTS_PAYABLE_00017512,17511,APINV_00017683,VEND_0045,ENT_UK,2025-06-10,2025-07-25,2025-07-28,GBP,1587.97,264.66,1323.31,Paid,Sales,Travel
ACCOUNTS_PAYABLE_00017582,duplicate_exact,HIGH,Full record is byte-identical to another record in the file,2026-09-14T18:02:42.816798+00:00,ACCOUNTS_PAYABLE_00017582,17581,APINV_00017753,VEND_0038,ENT_UK,2025-06-26,2025-07-26,2025-07-31,GBP,309.66,51.61,258.05,Paid,R&D,Rent
ACCOUNTS_PAYABLE_00017642,duplicate_exact,HIGH,Full record is byte-identical to another record in the file,2026-09-14T18:02:42.816798+00:00,ACCOUNTS_PAYABLE_00017642,17641,APINV_00017813,VEND_0011,ENT_UK,2025-06-07,2025-07-07,2025-07-08,GBP,120.36,20.06,100.3,Paid,Corporate,Marketing
ACCOUNTS_PAYABLE_00017661,duplicate_exact,HIGH,Full record is byte-identical to another record in the file,2026-09-14T18:02:42.816798+00:00,ACCOUNTS_PAYABLE_00017661,17660,APINV_00017832,VEND_0017,ENT_UK,2025-07-06,2025-08-05,2025-07-30,USD,389.03,64.84,324.19,Paid,Sales,Insurance
ACCOUNTS_PAYABLE_00018116,duplicate_exact,HIGH,Full record is byte-identical to another record in the file,2026-09-14T18:02:42.816798+00:00,ACCOUNTS_PAYABLE_00018116,18115,APINV_00018287,VEND_0003,ENT_UK,2025-09-05,2025-11-04,2025-11-11,GBP,609.41,101.57,507.84,Paid,R&D,Professional Services
ACCOUNTS_PAYABLE_00018427,duplicate_exact,HIGH,Full record is byte-identical to another record in the file,2026-09-14T18:02:42.816798+00:00,ACCOUNTS_PAYABLE_00018427,18426,APINV_00018598,VEND_0017,ENT_UK,2025-11-06,2025-12-06,2025-12-01,USD,112.64,18.77,93.87,Paid,Marketing,Insurance
ACCOUNTS_PAYABLE_00018684,duplicate_exact,HIGH,Full record is byte-identical to another record in the file,2026-09-14T18:02:42.816798+00:00,ACCOUNTS_PAYABLE_00018684,18683,APINV_00018855,VEND_0022,ENT_UK,2025-12-07,2026-01-06,,GBP,157.31,26.22,131.09,Open,Corporate,Professional Services
ACCOUNTS_PAYABLE_00018745,duplicate_exact,HIGH,Full record is byte-identical to another record in the file,2026-09-14T18:02:42.816798+00:00,ACCOUNTS_PAYABLE_00018745,18744,APINV_INV_00000040,VEND_0043,ENT_EU,2023-07-07,2023-08-21,2023-08-21,EUR,38479.54,6143.79,32335.75,Paid,Operations,Raw Materials
ACCOUNTS_PAYABLE_00019048,duplicate_exact,HIGH,Full record is byte-identical to another record in the file,2026-09-14T18:02:42.816798+00:00,ACCOUNTS_PAYABLE_00019048,19047,APINV_INV_00000349,VEND_0001,ENT_US,2024-11-03,2024-12-18,2024-12-22,EUR,151832.54,9932.97,141899.57,Paid,Sales,Raw Materials
ACCOUNTS_PAYABLE_00019348,duplicate_exact,HIGH,Full record is byte-identical to another record in the file,2026-09-14T18:02:42.816798+00:00,ACCOUNTS_PAYABLE_00019348,19347,APINV_00015857,VEND_0015,ENT_UK,2024-07-29,2024-08-28,2024-08-29,GBP,93.49,15.58,77.91,Paid,R&D,Logistics
ACCOUNTS_PAYABLE_00019349,duplicate_exact,HIGH,Full record is byte-identical to another record in the file,2026-09-14T18:02:42.816798+00:00,ACCOUNTS_PAYABLE_00019349,19348,APINV_00016431,VEND_0017,ENT_UK,2024-11-29,2024-12-29,2024-12-19,USD,105.8,17.63,88.17,Paid,Sales,Insurance
ACCOUNTS_PAYABLE_00019350,duplicate_exact,HIGH,Full record is byte-identical to another record in the file,2026-09-14T18:02:42.816798+00:00,ACCOUNTS_PAYABLE_00019350,19349,APINV_00006766,VEND_0039,ENT_US,2023-03-27,2023-04-26,2023-05-09,USD,210.8,13.79,197.01,Paid,Marketing,Travel
ACCOUNTS_PAYABLE_00019351,duplicate_exact,HIGH,Full record is byte-identical to another record in the file,2026-09-14T18:02:42.816798+00:00,ACCOUNTS_PAYABLE_00019351,19350,APINV_00001401,VEND_0030,ENT_EU,2023-09-26,2023-11-10,2023-10-30,USD,194.97,31.13,163.84,Paid,Sales,Software Subscriptions
ACCOUNTS_PAYABLE_00019352,duplicate_exact,HIGH,Full record is byte-identical to another record in the file,2026-09-14T18:02:42.816798+00:00,ACCOUNTS_PAYABLE_00019352,19351,APINV_00016899,VEND_0035,ENT_UK,2025-01-17,2025-02-16,2025-02-21,GBP,365.81,60.97,304.84,Paid,R&D,Utilities
ACCOUNTS_PAYABLE_00019353,duplicate_exact,HIGH,Full record is byte-identical to another record in the file,2026-09-14T18:02:42.816798+00:00,ACCOUNTS_PAYABLE_00019353,19352,APINV_00013619,VEND_0016,ENT_UK,2023-06-09,2023-07-09,2023-07-01,GBP,459.04,76.51,382.53,Paid,Marketing,Software Subscriptions
ACCOUNTS_PAYABLE_00019354,duplicate_exact,HIGH,Full record is byte-identical to another record in the file,2026-09-14T18:02:42.816798+00:00,ACCOUNTS_PAYABLE_00019354,19353,APINV_00004779,VEND_0043,ENT_EU,2025-04-10,2025-05-25,2025-05-26,EUR,279.72,44.66,235.06,Paid,Sales,Utilities
ACCOUNTS_PAYABLE_00019355,duplicate_exact,HIGH,Full record is byte-identical to another record in the file,2026-09-14T18:02:42.816798+00:00,ACCOUNTS_PAYABLE_00019355,19354,APINV_00015488,VEND_0022,ENT_UK,2024-05-04,2024-06-03,2024-06-07,GBP,631.28,105.21,526.07,Paid,R&D,Insurance
ACCOUNTS_PAYABLE_00019356,duplicate_exact,HIGH,Full record is byte-identical to another record in the file,2026-09-14T18:02:42.816798+00:00,ACCOUNTS_PAYABLE_00019356,19355,APINV_00013841,VEND_0005,ENT_UK,2023-07-28,2023-08-12,2023-08-10,GBP,108.04,18.01,90.03,Paid,R&D,Logistics
ACCOUNTS_PAYABLE_00019358,duplicate_exact,HIGH,Full record is byte-identical to another record in the file,2026-09-14T18:02:42.816798+00:00,ACCOUNTS_PAYABLE_00019358,19357,APINV_00002544,VEND_0030,ENT_EU,2024-03-20,2024-05-04,2024-05-03,USD,910.49,145.37,765.12,Paid,Operations,IT Infrastructure
ACCOUNTS_PAYABLE_00019361,duplicate_exact,HIGH,Full record is byte-identical to another record in the file,2026-09-14T18:02:42.816798+00:00,ACCOUNTS_PAYABLE_00019361,19360,APINV_00000226,VEND_0010,ENT_EU,2023-02-27,2023-03-29,2023-03-24,EUR,3513.81,561.03,2952.78,Paid,Operations,Logistics
ACCOUNTS_PAYABLE_00019362,duplicate_exact,HIGH,Full record is byte-identical to another record in the file,2026-09-14T18:02:42.816798+00:00,ACCOUNTS_PAYABLE_00019362,19361,APINV_00017753,VEND_0038,ENT_UK,2025-06-26,2025-07-26,2025-07-31,GBP,309.66,51.61,258.05,Paid,R&D,Rent
ACCOUNTS_PAYABLE_00019363,duplicate_exact,HIGH,Full record is byte-identical to another record in the file,2026-09-14T18:02:42.816798+00:00,ACCOUNTS_PAYABLE_00019363,19362,APINV_00013043,VEND_0045,ENT_UK,2023-03-19,2023-05-03,2023-05-09,GBP,857.33,142.89,714.44,Paid,Operations,Professional Services
ACCOUNTS_PAYABLE_00019364,duplicate_exact,HIGH,Full record is byte-identical to another record in the file,2026-09-14T18:02:42.816798+00:00,ACCOUNTS_PAYABLE_00019364,19363,APINV_00004943,VEND_0007,ENT_EU,2025-05-01,2025-06-15,2025-06-30,GBP,705.15,112.59,592.56,Paid,Sales,Insurance
ACCOUNTS_PAYABLE_00019367,duplicate_exact,HIGH,Full record is byte-identical to another record in the file,2026-09-14T18:02:42.816798+00:00,ACCOUNTS_PAYABLE_00019367,19366,APINV_00003096,VEND_0012,ENT_EU,2024-06-06,2024-08-05,2024-08-17,EUR,181.03,28.9,152.13,Paid,R&D,Software Subscriptions
ACCOUNTS_PAYABLE_00019368,duplicate_exact,HIGH,Full record is byte-identical to another record in the file,2026-09-14T18:02:42.816798+00:00,ACCOUNTS_PAYABLE_00019368,19367,APINV_00017683,VEND_0045,ENT_UK,2025-06-10,2025-07-25,2025-07-28,GBP,1587.97,264.66,1323.31,Paid,Sales,Travel
ACCOUNTS_PAYABLE_00019369,duplicate_exact,HIGH,Full record is byte-identical to another record in the file,2026-09-14T18:02:42.816798+00:00,ACCOUNTS_PAYABLE_00019369,19368,APINV_00000938,VEND_0043,ENT_EU,2023-06-06,2023-07-21,2023-07-17,EUR,156.02,24.91,131.11,Paid,Operations,Insurance
ACCOUNTS_PAYABLE_00019370,duplicate_exact,HIGH,Full record is byte-identical to another record in the file,2026-09-14T18:02:42.816798+00:00,ACCOUNTS_PAYABLE_00019370,19369,APINV_00000785,VEND_0006,ENT_EU,2023-05-03,2023-07-02,2023-07-18,EUR,181.18,28.93,152.25,Paid,Marketing,Insurance
ACCOUNTS_PAYABLE_00019371,duplicate_exact,HIGH,Full record is byte-identical to another record in the file,2026-09-14T18:02:42.816798+00:00,ACCOUNTS_PAYABLE_00019371,19370,APINV_00008110,VEND_0025,ENT_US,2023-11-13,2023-12-28,2023-12-27,USD,314.31,20.56,293.75,Paid,Operations,Rent
ACCOUNTS_PAYABLE_00019372,duplicate_exact,HIGH,Full record is byte-identical to another record in the file,2026-09-14T18:02:42.816798+00:00,ACCOUNTS_PAYABLE_00019372,19371,APINV_00001002,VEND_0021,ENT_EU,2023-06-28,2023-08-12,2023-08-11,EUR,609.45,97.31,512.14,Paid,R&D,Insurance
ACCOUNTS_PAYABLE_00019373,duplicate_exact,HIGH,Full record is byte-identical to another record in the file,2026-09-14T18:02:42.816798+00:00,ACCOUNTS_PAYABLE_00019373,19372,APINV_00012211,VEND_0031,ENT_US,2025-10-28,2025-12-12,2025-12-25,EUR,916.86,59.98,856.88,Paid,R&D,Insurance
ACCOUNTS_PAYABLE_00019374,duplicate_exact,HIGH,Full record is byte-identical to another record in the file,2026-09-14T18:02:42.816798+00:00,ACCOUNTS_PAYABLE_00019374,19373,APINV_00006096,VEND_0012,ENT_EU,2025-11-10,2026-01-09,,EUR,346.33,55.3,291.03,Open,R&D,Marketing
ACCOUNTS_PAYABLE_00019376,duplicate_exact,HIGH,Full record is byte-identical to another record in the file,2026-09-14T18:02:42.816798+00:00,ACCOUNTS_PAYABLE_00019376,19375,APINV_00012811,VEND_0013,ENT_UK,2023-01-05,2023-02-04,2023-02-03,GBP,85.63,14.27,71.36,Paid,Corporate,Travel
ACCOUNTS_PAYABLE_00019378,duplicate_exact,HIGH,Full record is byte-identical to another record in the file,2026-09-14T18:02:42.816798+00:00,ACCOUNTS_PAYABLE_00019378,19377,APINV_00004011,VEND_0006,ENT_EU,2024-11-05,2025-01-04,2025-01-03,EUR,468.53,74.81,393.72,Paid,R&D,Software Subscriptions
ACCOUNTS_PAYABLE_00019379,duplicate_exact,HIGH,Full record is byte-identical to another record in the file,2026-09-14T18:02:42.816798+00:00,ACCOUNTS_PAYABLE_00019379,19378,APINV_00000784,VEND_0012,ENT_EU,2023-05-03,2023-07-02,2023-06-30,EUR,770.92,123.09,647.83,Paid,Marketing,Rent
ACCOUNTS_PAYABLE_00019380,duplicate_exact,HIGH,Full record is byte-identical to another record in the file,2026-09-14T18:02:42.816798+00:00,ACCOUNTS_PAYABLE_00019380,19379,APINV_00010788,VEND_0019,ENT_US,2025-02-24,2025-04-10,2025-04-13,USD,145.48,9.52,135.96,Paid,Marketing,IT Infrastructure
ACCOUNTS_PAYABLE_00019381,duplicate_exact,HIGH,Full record is byte-identical to another record in the file,2026-09-14T18:02:42.816798+00:00,ACCOUNTS_PAYABLE_00019381,19380,APINV_00008723,VEND_0004,ENT_US,2024-02-26,2024-04-11,2024-04-15,USD,32.27,2.11,30.16,Paid,R&D,Sales Commissions
ACCOUNTS_PAYABLE_00019383,duplicate_exact,HIGH,Full record is byte-identical to another record in the file,2026-09-14T18:02:42.816798+00:00,ACCOUNTS_PAYABLE_00019383,19382,APINV_00007592,VEND_0001,ENT_US,2023-08-10,2023-09-24,2023-09-26,EUR,605.12,39.59,565.53,Paid,Operations,Software Subscriptions
ACCOUNTS_PAYABLE_00019384,duplicate_exact,HIGH,Full record is byte-identical to another record in the file,2026-09-14T18:02:42.816798+00:00,ACCOUNTS_PAYABLE_00019384,19383,APINV_00006600,VEND_0009,ENT_US,2023-02-22,2023-03-09,2023-02-28,USD,693.83,45.39,648.44,Paid,R&D,Insurance
ACCOUNTS_PAYABLE_00019386,duplicate_exact,HIGH,Full record is byte-identical to another record in the file,2026-09-14T18:02:42.816798+00:00,ACCOUNTS_PAYABLE_00019386,19385,APINV_00006271,VEND_0007,ENT_EU,2025-12-10,2026-01-24,,GBP,129.31,20.65,108.66,Open,R&D,Logistics
ACCOUNTS_PAYABLE_00019388,duplicate_exact,HIGH,Full record is byte-identical to another record in the file,2026-09-14T18:02:42.816798+00:00,ACCOUNTS_PAYABLE_00019388,19387,APINV_00002027,VEND_0021,ENT_EU,2023-12-03,2024-01-17,2024-01-26,EUR,271.76,43.39,228.37,Paid,Marketing,Professional Services
ACCOUNTS_PAYABLE_00019392,duplicate_exact,HIGH,Full record is byte-identical to another record in the file,2026-09-14T18:02:42.816798+00:00,ACCOUNTS_PAYABLE_00019392,19391,APINV_00012189,VEND_0039,ENT_US,2025-10-23,2025-11-22,2025-11-24,USD,256.7,16.79,239.91,Paid,Marketing,Utilities
ACCOUNTS_PAYABLE_00019393,duplicate_exact,HIGH,Full record is byte-identical to another record in the file,2026-09-14T18:02:42.816798+00:00,ACCOUNTS_PAYABLE_00019393,19392,APINV_00003161,VEND_0012,ENT_EU,2024-07-12,2024-09-10,2024-09-09,EUR,2047.41,326.9,1720.51,Paid,Sales,Rent
ACCOUNTS_PAYABLE_00019394,duplicate_exact,HIGH,Full record is byte-identical to another record in the file,2026-09-14T18:02:42.816798+00:00,ACCOUNTS_PAYABLE_00019394,19393,APINV_00016371,VEND_0038,ENT_UK,2024-10-07,2024-11-06,2024-11-15,GBP,136.32,22.72,113.6,Paid,R&D,Logistics
ACCOUNTS_PAYABLE_00019396,duplicate_exact,HIGH,Full record is byte-identical to another record in the file,2026-09-14T18:02:42.816798+00:00,ACCOUNTS_PAYABLE_00019396,19395,APINV_00016388,VEND_0045,ENT_UK,2024-10-13,2024-11-27,2024-12-11,GBP,860.6,143.43,717.17,Paid,Corporate,
ACCOUNTS_PAYABLE_00019397,duplicate_exact,HIGH,Full record is byte-identical to another record in the file,2026-09-14T18:02:42.816798+00:00,ACCOUNTS_PAYABLE_00019397,19396,APINV_00011426,VEND_0040,ENT_US,2025-06-30,2025-08-14,2025-08-29,USD,863.19,56.47,806.72,Paid,Sales,Travel
ACCOUNTS_PAYABLE_00019398,duplicate_exact,HIGH,Full record is byte-identical to another record in the file,2026-09-14T18:02:42.816798+00:00,ACCOUNTS_PAYABLE_00019398,19397,APINV_00018855,VEND_0022,ENT_UK,2025-12-07,2026-01-06,,GBP,157.31,26.22,131.09,Open,Corporate,Professional Services
ACCOUNTS_PAYABLE_00019400,duplicate_exact,HIGH,Full record is byte-identical to another record in the file,2026-09-14T18:02:42.816798+00:00,ACCOUNTS_PAYABLE_00019400,19399,APINV_00016925,VEND_0003,ENT_UK,2025-01-25,2025-03-26,2025-03-27,GBP,485.59,80.93,404.66,Paid,Corporate,Professional Services
ACCOUNTS_PAYABLE_00019403,duplicate_exact,HIGH,Full record is byte-identical to another record in the file,2026-09-14T18:02:42.816798+00:00,ACCOUNTS_PAYABLE_00019403,19402,APINV_00004421,VEND_0012,ENT_EU,2025-01-21,2025-03-22,2025-03-25,EUR,48.39,7.73,40.66,Paid,Corporate,IT Infrastructure
ACCOUNTS_PAYABLE_00019404,duplicate_exact,HIGH,Full record is byte-identical to another record in the file,2026-09-14T18:02:42.816798+00:00,ACCOUNTS_PAYABLE_00019404,19403,APINV_00015453,VEND_0022,ENT_UK,2024-05-19,2024-06-18,2024-06-06,GBP,424.84,70.81,354.03,Paid,Operations,IT Infrastructure
ACCOUNTS_PAYABLE_00019405,duplicate_exact,HIGH,Full record is byte-identical to another record in the file,2026-09-14T18:02:42.816798+00:00,ACCOUNTS_PAYABLE_00019405,19404,APINV_00002311,VEND_0037,ENT_EU,2024-02-14,2024-02-29,2024-02-28,EUR,569.71,90.96,478.75,Paid,Sales,Software Subscriptions
ACCOUNTS_PAYABLE_00019406,duplicate_exact,HIGH,Full record is byte-identical to another record in the file,2026-09-14T18:02:42.816798+00:00,ACCOUNTS_PAYABLE_00019406,19405,APINV_00000157,VEND_0030,ENT_EU,2023-01-25,2023-03-11,2023-03-20,USD,547.73,87.45,460.28,Paid,Corporate,Marketing
ACCOUNTS_PAYABLE_00019407,duplicate_exact,HIGH,Full record is byte-identical to another record in the file,2026-09-14T18:02:42.816798+00:00,ACCOUNTS_PAYABLE_00019407,19406,APINV_00002671,VEND_0027,ENT_EU,2024-04-29,2024-05-29,2024-05-28,EUR,594.63,94.94,499.69,Paid,Sales,Utilities
ACCOUNTS_PAYABLE_00019408,duplicate_exact,HIGH,Full record is byte-identical to another record in the file,2026-09-14T18:02:42.816798+00:00,ACCOUNTS_PAYABLE_00019408,19407,APINV_00001136,VEND_0027,ENT_EU,2023-07-09,2023-08-08,2023-08-09,EUR,108.14,17.27,90.87,Paid,Marketing,Software Subscriptions
ACCOUNTS_PAYABLE_00019409,duplicate_exact,HIGH,Full record is byte-identical to another record in the file,2026-09-14T18:02:42.816798+00:00,ACCOUNTS_PAYABLE_00019409,19408,APINV_00002259,VEND_0012,ENT_EU,2024-01-25,2024-03-25,2024-03-15,EUR,49.74,7.94,41.8,Paid,R&D,Sales Commissions
ACCOUNTS_PAYABLE_00019410,duplicate_exact,HIGH,Full record is byte-identical to another record in the file,2026-09-14T18:02:42.816798+00:00,ACCOUNTS_PAYABLE_00019410,19409,APINV_00011265,VEND_0039,ENT_US,2025-05-24,2025-06-23,2025-07-05,USD,878.72,57.49,821.23,Paid,Operations,Rent
ACCOUNTS_PAYABLE_00019411,duplicate_exact,HIGH,Full record is byte-identical to another record in the file,2026-09-14T18:02:42.816798+00:00,ACCOUNTS_PAYABLE_00019411,19410,APINV_00012943,VEND_0002,ENT_UK,2023-02-03,2023-03-05,2023-03-05,GBP,159.56,26.59,132.97,Paid,R&D,Utilities
ACCOUNTS_PAYABLE_00019412,duplicate_exact,HIGH,Full record is byte-identical to another record in the file,2026-09-14T18:02:42.816798+00:00,ACCOUNTS_PAYABLE_00019412,19411,APINV_INV_00000349,VEND_0001,ENT_US,2024-11-03,2024-12-18,2024-12-22,EUR,151832.54,9932.97,141899.57,Paid,Sales,Raw Materials
ACCOUNTS_PAYABLE_00019415,duplicate_exact,HIGH,Full record is byte-identical to another record in the file,2026-09-14T18:02:42.816798+00:00,ACCOUNTS_PAYABLE_00019415,19414,APINV_00016350,VEND_0035,ENT_UK,2024-10-06,2024-11-05,2024-11-06,GBP,256.02,42.67,213.35,Paid,R&D,Insurance
ACCOUNTS_PAYABLE_00019416,duplicate_exact,HIGH,Full record is byte-identical to another record in the file,2026-09-14T18:02:42.816798+00:00,ACCOUNTS_PAYABLE_00019416,19415,APINV_00002460,VEND_0043,ENT_EU,2024-02-14,2024-03-30,2024-04-05,EUR,1032.97,164.93,868.04,Paid,Corporate,Software Subscriptions
ACCOUNTS_PAYABLE_00019417,duplicate_exact,HIGH,Full record is byte-identical to another record in the file,2026-09-14T18:02:42.816798+00:00,ACCOUNTS_PAYABLE_00019417,19416,APINV_00012408,VEND_0019,ENT_US,2025-11-06,2025-12-21,2025-12-18,USD,36.63,2.4,34.23,Paid,R&D,Sales Commissions
ACCOUNTS_PAYABLE_00019418,duplicate_exact,HIGH,Full record is byte-identical to another record in the file,2026-09-14T18:02:42.816798+00:00,ACCOUNTS_PAYABLE_00019418,19417,APINV_00001644,VEND_0012,ENT_EU,2023-10-26,2023-12-25,2024-01-09,EUR,430.29,68.7,361.59,Paid,Operations,Travel
ACCOUNTS_PAYABLE_00019423,duplicate_exact,HIGH,Full record is byte-identical to another record in the file,2026-09-14T18:02:42.816798+00:00,ACCOUNTS_PAYABLE_00019423,19422,APINV_00015448,VEND_0003,ENT_UK,2024-05-29,2024-07-28,2024-08-04,GBP,3091.5,515.25,2576.25,Paid,Operations,Sales Commissions
ACCOUNTS_PAYABLE_00019425,duplicate_exact,HIGH,Full record is byte-identical to another record in the file,2026-09-14T18:02:42.816798+00:00,ACCOUNTS_PAYABLE_00019425,19424,APINV_00010062,VEND_0018,ENT_US,2024-10-22,2024-11-06,2024-11-10,EUR,616.87,40.36,576.51,Paid,Marketing,Utilities
ACCOUNTS_PAYABLE_00019426,duplicate_exact,HIGH,Full record is byte-identical to another record in the file,2026-09-14T18:02:42.816798+00:00,ACCOUNTS_PAYABLE_00019426,19425,APINV_00008361,VEND_0036,ENT_US,2023-12-22,2024-01-21,2024-01-27,USD,247.47,16.19,231.28,Paid,R&D,Marketing
ACCOUNTS_PAYABLE_00019427,duplicate_exact,HIGH,Full record is byte-identical to another record in the file,2026-09-14T18:02:42.816798+00:00,ACCOUNTS_PAYABLE_00019427,19426,APINV_00018598,VEND_0017,ENT_UK,2025-11-06,2025-12-06,2025-12-01,USD,112.64,18.77,93.87,Paid,Marketing,Insurance
ACCOUNTS_PAYABLE_00019428,duplicate_exact,HIGH,Full record is byte-identical to another record in the file,2026-09-14T18:02:42.816798+00:00,ACCOUNTS_PAYABLE_00019428,19427,APINV_00013531,VEND_0002,ENT_UK,2023-05-01,2023-05-31,2023-05-29,GBP,131.88,21.98,109.9,Paid,Corporate,Travel
ACCOUNTS_PAYABLE_00019430,duplicate_exact,HIGH,Full record is byte-identical to another record in the file,2026-09-14T18:02:42.816798+00:00,ACCOUNTS_PAYABLE_00019430,19429,APINV_00003297,VEND_0014,ENT_EU,2024-07-23,2024-09-06,2024-09-04,EUR,333.12,53.19,279.93,Paid,R&D,Marketing
ACCOUNTS_PAYABLE_00019431,duplicate_exact,HIGH,Full record is byte-identical to another record in the file,2026-09-14T18:02:42.816798+00:00,ACCOUNTS_PAYABLE_00019431,19430,APINV_INV_00000040,VEND_0043,ENT_EU,2023-07-07,2023-08-21,2023-08-21,EUR,38479.54,6143.79,32335.75,Paid,Operations,Raw Materials
ACCOUNTS_PAYABLE_00019432,duplicate_exact,HIGH,Full record is byte-identical to another record in the file,2026-09-14T18:02:42.816798+00:00,ACCOUNTS_PAYABLE_00019432,19431,APINV_00017813,VEND_0011,ENT_UK,2025-06-07,2025-07-07,2025-07-08,GBP,120.36,20.06,100.3,Paid,Corporate,Marketing
ACCOUNTS_PAYABLE_00019433,duplicate_exact,HIGH,Full record is byte-identical to another record in the file,2026-09-14T18:02:42.816798+00:00,ACCOUNTS_PAYABLE_00019433,19432,APINV_00015672,VEND_0011,ENT_UK,2024-06-07,2024-07-07,2024-07-10,GBP,60.05,10.01,50.04,Paid,R&D,Marketing
ACCOUNTS_PAYABLE_00019434,duplicate_exact,HIGH,Full record is byte-identical to another record in the file,2026-09-14T18:02:42.816798+00:00,ACCOUNTS_PAYABLE_00019434,19433,APINV_00008141,VEND_0034,ENT_US,2023-11-07,2023-12-07,2023-12-05,USD,383.98,25.12,358.86,Paid,Marketing,Insurance
ACCOUNTS_PAYABLE_00019435,duplicate_exact,HIGH,Full record is byte-identical to another record in the file,2026-09-14T18:02:42.816798+00:00,ACCOUNTS_PAYABLE_00019435,19434,APINV_00001728,VEND_0010,ENT_EU,2023-10-23,2023-11-22,2023-11-23,EUR,1315.45,210.03,1105.42,Paid,Corporate,Rent
ACCOUNTS_PAYABLE_00019436,duplicate_exact,HIGH,Full record is byte-identical to another record in the file,2026-09-14T18:02:42.816798+00:00,ACCOUNTS_PAYABLE_00019436,19435,APINV_00014743,VEND_0022,ENT_UK,2024-01-29,2024-02-28,2024-02-26,GBP,246.8,41.13,205.67,Paid,Operations,Insurance
ACCOUNTS_PAYABLE_00019437,duplicate_exact,HIGH,Full record is byte-identical to another record in the file,2026-09-14T18:02:42.816798+00:00,ACCOUNTS_PAYABLE_00019437,19436,APINV_00001930,VEND_0037,ENT_EU,2023-11-11,2023-11-26,2023-12-08,EUR,112.55,17.97,94.58,Paid,Corporate,Logistics
ACCOUNTS_PAYABLE_00019440,duplicate_exact,HIGH,Full record is byte-identical to another record in the file,2026-09-14T18:02:42.816798+00:00,ACCOUNTS_PAYABLE_00019440,19439,APINV_00008213,VEND_0019,ENT_US,2023-11-08,2023-12-23,2024-01-02,USD,870.72,56.96,813.76,Paid,Corporate,Software Subscriptions
ACCOUNTS_PAYABLE_00019442,duplicate_exact,HIGH,Full record is byte-identical to another record in the file,2026-09-14T18:02:42.816798+00:00,ACCOUNTS_PAYABLE_00019442,19441,APINV_00013469,VEND_0035,ENT_UK,2023-05-18,2023-06-17,2023-06-13,GBP,347.03,57.84,289.19,Paid,R&D,Insurance
ACCOUNTS_PAYABLE_00019443,duplicate_exact,HIGH,Full record is byte-identical to another record in the file,2026-09-14T18:02:42.816798+00:00,ACCOUNTS_PAYABLE_00019443,19442,APINV_00010865,VEND_0024,ENT_US,2025-03-09,2025-05-08,2025-05-20,USD,731.71,47.87,683.84,Paid,Sales,Rent
ACCOUNTS_PAYABLE_00019444,duplicate_exact,HIGH,Full record is byte-identical to another record in the file,2026-09-14T18:02:42.816798+00:00,ACCOUNTS_PAYABLE_00019444,19443,APINV_00003023,VEND_0037,ENT_EU,2024-06-24,2024-07-09,2024-07-05,EUR,299.59,47.83,251.76,Paid,Sales,IT Infrastructure
ACCOUNTS_PAYABLE_00019445,duplicate_exact,HIGH,Full record is byte-identical to another record in the file,2026-09-14T18:02:42.816798+00:00,ACCOUNTS_PAYABLE_00019445,19444,APINV_00012549,VEND_0004,ENT_US,2025-12-02,2026-01-16,,USD,1325.11,86.69,1238.42,Open,Marketing,Logistics
ACCOUNTS_PAYABLE_00019446,duplicate_exact,HIGH,Full record is byte-identical to another record in the file,2026-09-14T18:02:42.816798+00:00,ACCOUNTS_PAYABLE_00019446,19445,APINV_00013334,VEND_0011,ENT_UK,2023-04-24,2023-05-24,2023-05-26,GBP,246.73,41.12,205.61,Paid,Corporate,Marketing
ACCOUNTS_PAYABLE_00019447,duplicate_exact,HIGH,Full record is byte-identical to another record in the file,2026-09-14T18:02:42.816798+00:00,ACCOUNTS_PAYABLE_00019447,19446,APINV_00009728,VEND_0039,ENT_US,2024-08-15,2024-09-14,2024-09-15,USD,344.69,22.55,322.14,Paid,R&D,Utilities
ACCOUNTS_PAYABLE_00019448,duplicate_exact,HIGH,Full record is byte-identical to another record in the file,2026-09-14T18:02:42.816798+00:00,ACCOUNTS_PAYABLE_00019448,19447,APINV_00007359,VEND_0034,ENT_US,2023-06-25,2023-07-25,2023-07-26,USD,906.43,59.3,847.13,Paid,Corporate,Professional Services
ACCOUNTS_PAYABLE_00019449,duplicate_exact,HIGH,Full record is byte-identical to another record in the file,2026-09-14T18:02:42.816798+00:00,ACCOUNTS_PAYABLE_00019449,19448,APINV_00006340,VEND_0004,ENT_US,2023-01-06,2023-02-20,2023-03-06,USD,588.57,38.5,550.07,Paid,Sales,Utilities
ACCOUNTS_PAYABLE_00019450,duplicate_exact,HIGH,Full record is byte-identical to another record in the file,2026-09-14T18:02:42.816798+00:00,ACCOUNTS_PAYABLE_00019450,19449,APINV_00008475,VEND_0040,ENT_US,2024-01-28,2024-03-13,2024-03-25,USD,337.64,22.09,315.55,Paid,Operations,Marketing
ACCOUNTS_PAYABLE_00019451,duplicate_exact,HIGH,Full record is byte-identical to another record in the file,2026-09-14T18:02:42.816798+00:00,ACCOUNTS_PAYABLE_00019451,19450,APINV_00016167,VEND_0003,ENT_UK,2024-09-06,2024-11-05,2024-11-04,GBP,180.55,30.09,150.46,Paid,Marketing,IT Infrastructure
ACCOUNTS_PAYABLE_00019452,duplicate_exact,HIGH,Full record is byte-identical to another record in the file,2026-09-14T18:02:42.816798+00:00,ACCOUNTS_PAYABLE_00019452,19451,APINV_00010122,VEND_0031,ENT_US,2024-10-14,2024-11-28,2024-11-29,EUR,315.08,20.61,294.47,Paid,Corporate,Software Subscriptions
ACCOUNTS_PAYABLE_00019453,duplicate_exact,HIGH,Full record is byte-identical to another record in the file,2026-09-14T18:02:42.816798+00:00,ACCOUNTS_PAYABLE_00019453,19452,APINV_00018287,VEND_0003,ENT_UK,2025-09-05,2025-11-04,2025-11-11,GBP,609.41,101.57,507.84,Paid,R&D,Professional Services
ACCOUNTS_PAYABLE_00019454,duplicate_exact,HIGH,Full record is byte-identical to another record in the file,2026-09-14T18:02:42.816798+00:00,ACCOUNTS_PAYABLE_00019454,19453,APINV_00006536,VEND_0019,ENT_US,2023-02-06,2023-03-23,2023-03-24,USD,834.4,54.59,779.81,Paid,Operations,Software Subscriptions
ACCOUNTS_PAYABLE_00019455,duplicate_exact,HIGH,Full record is byte-identical to another record in the file,2026-09-14T18:02:42.816798+00:00,ACCOUNTS_PAYABLE_00019455,19454,APINV_00016747,VEND_0020,ENT_UK,2024-12-29,2025-01-28,2025-02-11,GBP,704.57,117.43,587.14,Paid,Corporate,Software Subscriptions
ACCOUNTS_PAYABLE_00019456,duplicate_exact,HIGH,Full record is byte-identical to another record in the file,2026-09-14T18:02:42.816798+00:00,ACCOUNTS_PAYABLE_00019456,19455,APINV_00014187,VEND_0011,ENT_UK,2023-09-06,2023-10-06,2023-10-15,GBP,1335.28,222.55,1112.73,Paid,Corporate,Rent
ACCOUNTS_PAYABLE_00019457,duplicate_exact,HIGH,Full record is byte-identical to another record in the file,2026-09-14T18:02:42.816798+00:00,ACCOUNTS_PAYABLE_00019457,19456,APINV_00003277,VEND_0012,ENT_EU,2024-07-17,2024-09-15,2024-08-28,EUR,1044.87,166.83,878.04,Paid,R&D,Rent
ACCOUNTS_PAYABLE_00019458,duplicate_exact,HIGH,Full record is byte-identical to another record in the file,2026-09-14T18:02:42.816798+00:00,ACCOUNTS_PAYABLE_00019458,19457,APINV_00002808,VEND_0030,ENT_EU,2024-04-12,2024-05-27,2024-05-30,USD,155.44,24.82,130.62,Paid,Corporate,Marketing
ACCOUNTS_PAYABLE_00019459,duplicate_exact,HIGH,Full record is byte-identical to another record in the file,2026-09-14T18:02:42.816798+00:00,ACCOUNTS_PAYABLE_00019459,19458,APINV_00017832,VEND_0017,ENT_UK,2025-07-06,2025-08-05,2025-07-30,USD,389.03,64.84,324.19,Paid,Sales,Insurance
ACCOUNTS_PAYABLE_00019462,duplicate_exact,HIGH,Full record is byte-identical to another record in the file,2026-09-14T18:02:42.816798+00:00,ACCOUNTS_PAYABLE_00019462,19461,APINV_00011872,VEND_0009,ENT_US,2025-08-24,2025-09-08,2025-09-08,USD,374.29,24.49,349.8,Paid,Marketing,IT Infrastructure
ACCOUNTS_PAYABLE_00019463,duplicate_exact,HIGH,Full record is byte-identical to another record in the file,2026-09-14T18:02:42.816798+00:00,ACCOUNTS_PAYABLE_00019463,19462,APINV_00003192,VEND_0014,ENT_EU,2024-07-10,2024-08-24,2024-08-24,EUR,212.77,33.97,178.8,Paid,Sales,IT Infrastructure
ACCOUNTS_PAYABLE_00019465,duplicate_exact,HIGH,Full record is byte-identical to another record in the file,2026-09-14T18:02:42.816798+00:00,ACCOUNTS_PAYABLE_00019465,19464,APINV_00006415,VEND_0018,ENT_US,2023-01-14,2023-01-29,2023-02-08,EUR,985.89,64.5,921.39,Paid,Marketing,Marketing
ACCOUNTS_PAYABLE_00019466,duplicate_exact,HIGH,Full record is byte-identical to another record in the file,2026-09-14T18:02:42.816798+00:00,ACCOUNTS_PAYABLE_00019466,19465,APINV_00014649,VEND_0011,ENT_UK,2023-12-03,2024-01-02,2024-01-23,GBP,538.61,89.77,448.84,Paid,R&D,Professional Services
ACCOUNTS_PAYABLE_00019467,duplicate_exact,HIGH,Full record is byte-identical to another record in the file,2026-09-14T18:02:42.816798+00:00,ACCOUNTS_PAYABLE_00019467,19466,APINV_00002085,VEND_0029,ENT_EU,2023-12-30,2024-01-29,2024-02-08,EUR,1057.23,168.8,888.43,Paid,Corporate,Rent
ACCOUNTS_PAYABLE_00019468,duplicate_exact,HIGH,Full record is byte-identical to another record in the file,2026-09-14T18:02:42.816798+00:00,ACCOUNTS_PAYABLE_00019468,19467,APINV_00008286,VEND_0026,ENT_US,2023-12-25,2024-01-24,2024-01-31,USD,515.84,33.75,482.09,Paid,Operations,Utilities
ACCOUNTS_PAYABLE_00019470,duplicate_exact,HIGH,Full record is byte-identical to another record in the file,2026-09-14T18:02:42.816798+00:00,ACCOUNTS_PAYABLE_00019470,19469,APINV_00002883,VEND_0029,ENT_EU,2024-05-27,2024-06-26,2024-06-28,EUR,1078.58,172.21,906.37,Paid,Operations,IT Infrastructure
ACCOUNTS_PAYABLE_00019471,duplicate_exact,HIGH,Full record is byte-identical to another record in the file,2026-09-14T18:02:42.816798+00:00,ACCOUNTS_PAYABLE_00019471,19470,APINV_00010753,VEND_0001,ENT_US,2025-02-24,2025-04-10,2025-04-08,EUR,279.81,18.31,261.5,Paid,Marketing,Rent
ACCOUNTS_PAYABLE_00019474,duplicate_exact,HIGH,Full record is byte-identical to another record in the file,2026-09-14T18:02:42.816798+00:00,ACCOUNTS_PAYABLE_00019474,19473,APINV_00014325,VEND_0045,ENT_UK,2023-10-29,2023-12-13,2023-12-24,GBP,238.94,39.82,199.12,Paid,R&D,Marketing
ACCOUNTS_PAYABLE_00019475,duplicate_exact,HIGH,Full record is byte-identical to another record in the file,2026-09-14T18:02:42.816798+00:00,ACCOUNTS_PAYABLE_00019475,19474,APINV_00013386,VEND_0045,ENT_UK,2023-05-11,2023-06-25,2023-06-29,GBP,144.4,24.07,120.33,Paid,Sales,IT Infrastructure
ACCOUNTS_PAYABLE_00019476,duplicate_exact,HIGH,Full record is byte-identical to another record in the file,2026-09-14T18:02:42.816798+00:00,ACCOUNTS_PAYABLE_00019476,19475,APINV_00008397,VEND_0009,ENT_US,2023-12-17,2024-01-01,2023-12-31,USD,614.45,40.2,574.25,Paid,Corporate,Utilities
ACCOUNTS_PAYABLE_00019477,duplicate_exact,HIGH,Full record is byte-identical to another record in the file,2026-09-14T18:02:42.816798+00:00,ACCOUNTS_PAYABLE_00019477,19476,APINV_00005290,VEND_0006,ENT_EU,2025-07-14,2025-09-12,2025-09-07,EUR,357.69,57.11,300.58,Paid,Sales,Insurance
ACCOUNTS_PAYABLE_00019479,duplicate_exact,HIGH,Full record is byte-identical to another record in the file,2026-09-14T18:02:42.816798+00:00,ACCOUNTS_PAYABLE_00019479,19478,APINV_00002314,VEND_0030,ENT_EU,2024-02-24,2024-04-09,2024-05-02,USD,1540.79,246.01,1294.78,Paid,Sales,Professional Services
ACCOUNTS_PAYABLE_00019481,duplicate_exact,HIGH,Full record is byte-identical to another record in the file,2026-09-14T18:02:42.816798+00:00,ACCOUNTS_PAYABLE_00019481,19480,APINV_00004547,VEND_0006,ENT_EU,2025-02-05,2025-04-06,2025-04-18,EUR,1081.42,172.66,908.76,Paid,R&D,Professional Services
ACCOUNTS_PAYABLE_00019482,duplicate_exact,HIGH,Full record is byte-identical to another record in the file,2026-09-14T18:02:42.816798+00:00,ACCOUNTS_PAYABLE_00019482,19481,APINV_00000502,VEND_0006,ENT_EU,2023-03-12,2023-05-11,2023-05-17,EUR,72.03,11.5,60.53,Paid,R&D,IT Infrastructure
ACCOUNTS_PAYABLE_00019483,duplicate_exact,HIGH,Full record is byte-identical to another record in the file,2026-09-14T18:02:42.816798+00:00,ACCOUNTS_PAYABLE_00019483,19482,APINV_00007163,VEND_0019,ENT_US,2023-05-20,2023-07-04,2023-07-08,USD,171.26,11.2,160.06,Paid,R&D,Sales Commissions
ACCOUNTS_PAYABLE_00019484,duplicate_exact,HIGH,Full record is byte-identical to another record in the file,2026-09-14T18:02:42.816798+00:00,ACCOUNTS_PAYABLE_00019484,19483,APINV_00012874,VEND_0045,ENT_UK,2023-02-22,2023-04-08,2023-04-03,GBP,2688.54,448.09,2240.45,Paid,Operations,Logistics
ACCOUNTS_PAYABLE_00019485,duplicate_exact,HIGH,Full record is byte-identical to another record in the file,2026-09-14T18:02:42.816798+00:00,ACCOUNTS_PAYABLE_00019485,19484,APINV_00011041,VEND_0018,ENT_US,2025-03-23,2025-04-07,2025-04-12,EUR,112.05,7.33,104.72,Paid,Corporate,IT Infrastructure
ACCOUNTS_PAYABLE_00019486,duplicate_exact,HIGH,Full record is byte-identical to another record in the file,2026-09-14T18:02:42.816798+00:00,ACCOUNTS_PAYABLE_00019486,19485,APINV_00006079,VEND_0043,ENT_EU,2025-11-29,2026-01-13,,EUR,1198.94,191.43,1007.51,Open,R&D,Rent
ACCOUNTS_PAYABLE_00019487,duplicate_exact,HIGH,Full record is byte-identical to another record in the file,2026-09-14T18:02:42.816798+00:00,ACCOUNTS_PAYABLE_00019487,19486,APINV_00010601,VEND_0024,ENT_US,2025-01-06,2025-03-07,2025-03-03,USD,2094.23,137.01,1957.22,Paid,Marketing,Logistics
ACCOUNTS_PAYABLE_00019489,duplicate_exact,HIGH,Full record is byte-identical to another record in the file,2026-09-14T18:02:42.816798+00:00,ACCOUNTS_PAYABLE_00019489,19488,APINV_00008653,VEND_0033,ENT_US,2024-02-08,2024-03-09,2024-03-08,USD,236.62,15.48,221.14,Paid,Operations,Travel
ACCOUNTS_PAYABLE_00019490,duplicate_exact,HIGH,Full record is byte-identical to another record in the file,2026-09-14T18:02:42.816798+00:00,ACCOUNTS_PAYABLE_00019490,19489,APINV_00004968,VEND_0028,ENT_EU,2025-05-21,2025-06-05,2025-05-29,EUR,239.74,38.28,201.46,Paid,Operations,Rent
ACCOUNTS_PAYABLE_00019492,duplicate_exact,HIGH,Full record is byte-identical to another record in the file,2026-09-14T18:02:42.816798+00:00,ACCOUNTS_PAYABLE_00019492,19491,APINV_00016152,VEND_0032,ENT_UK,2024-09-29,2024-11-28,2024-12-03,GBP,1185.47,197.58,987.89,Paid,Marketing,Marketing
ACCOUNTS_PAYABLE_00019493,duplicate_exact,HIGH,Full record is byte-identical to another record in the file,2026-09-14T18:02:42.816798+00:00,ACCOUNTS_PAYABLE_00019493,19492,APINV_00000496,VEND_0007,ENT_EU,2023-03-06,2023-04-20,2023-04-14,GBP,117.27,18.72,98.55,Paid,R&D,Sales Commissions
ACCOUNTS_PAYABLE_00019494,duplicate_exact,HIGH,Full record is byte-identical to another record in the file,2026-09-14T18:02:42.816798+00:00,ACCOUNTS_PAYABLE_00019494,19493,APINV_00001729,VEND_0037,ENT_EU,2023-10-09,2023-10-24,2023-10-30,EUR,260.36,41.57,218.79,Paid,Corporate,Rent
ACCOUNTS_PAYABLE_00019496,duplicate_exact,HIGH,Full record is byte-identical to another record in the file,2026-09-14T18:02:42.816798+00:00,ACCOUNTS_PAYABLE_00019496,19495,APINV_00015106,VEND_0005,ENT_UK,2024-03-09,2024-03-24,2024-03-30,GBP,236.78,39.46,197.32,Paid,Operations,Travel
ACCOUNTS_PAYABLE_00019497,duplicate_exact,HIGH,Full record is byte-identical to another record in the file,2026-09-14T18:02:42.816798+00:00,ACCOUNTS_PAYABLE_00019497,19496,APINV_00011544,VEND_0031,ENT_US,2025-06-14,2025-07-29,2025-08-03,EUR,1418.58,92.8,1325.78,Paid,Corporate,Rent
ACCOUNTS_PAYABLE_00019498,duplicate_exact,HIGH,Full record is byte-identical to another record in the file,2026-09-14T18:02:42.816798+00:00,ACCOUNTS_PAYABLE_00019498,19497,APINV_00000554,VEND_0043,ENT_EU,2023-04-13,2023-05-28,2023-06-11,EUR,442.69,70.68,372.01,Paid,Sales,Professional Services
ACCOUNTS_PAYABLE_00019499,duplicate_exact,HIGH,Full record is byte-identical to another record in the file,2026-09-14T18:02:42.816798+00:00,ACCOUNTS_PAYABLE_00019499,19498,APINV_00004379,VEND_0027,ENT_EU,2025-01-29,2025-02-28,2025-03-10,EUR,138.71,22.15,116.56,Paid,R&D,Sales Commissions
ACCOUNTS_PAYABLE_00019500,duplicate_exact,HIGH,Full record is byte-identical to another record in the file,2026-09-14T18:02:42.816798+00:00,ACCOUNTS_PAYABLE_00019500,19499,APINV_00003983,VEND_0006,ENT_EU,2024-11-01,2024-12-31,2025-01-06,EUR,1487.1,237.44,1249.66,Paid,Marketing,Marketing
ACCOUNTS_PAYABLE_00019502,duplicate_exact,HIGH,Full record is byte-identical to another record in the file,2026-09-14T18:02:42.816798+00:00,ACCOUNTS_PAYABLE_00019502,19501,APINV_00014927,VEND_0038,ENT_UK,2024-02-02,2024-03-03,2024-03-08,GBP,2514.47,419.08,2095.39,Paid,Operations,Logistics
ACCOUNTS_PAYABLE_00000157,duplicate_invoice,HIGH,invoice_id appears on more than one record,2026-09-14T18:02:42.816798+00:00,ACCOUNTS_PAYABLE_00000157,156,APINV_00000157,VEND_0030,ENT_EU,2023-01-25,2023-03-11,2023-03-20,USD,547.73,87.45,460.28,Paid,Corporate,Marketing
ACCOUNTS_PAYABLE_00000174,duplicate_invoice,HIGH,invoice_id appears on more than one record,2026-09-14T18:02:42.816798+00:00,ACCOUNTS_PAYABLE_00000174,173,APINV_00000174,VEND_0030,ENT_EU,2023-01-17,2023-03-03,2023-03-25,USD,26.63,,22.38,Paid,Corporate,IT Infrastructure
ACCOUNTS_PAYABLE_00000193,duplicate_invoice,HIGH,invoice_id appears on more than one record,2026-09-14T18:02:42.816798+00:00,ACCOUNTS_PAYABLE_00000193,192,APINV_00000193,VEND_0007,ENT_EU,2023-02-07,2023-03-24,2023-04-01,GBP,5434.75,867.73,4567.02,Paid,Sales,
ACCOUNTS_PAYABLE_00000226,duplicate_invoice,HIGH,invoice_id appears on more than one record,2026-09-14T18:02:42.816798+00:00,ACCOUNTS_PAYABLE_00000226,225,APINV_00000226,VEND_0010,ENT_EU,2023-02-27,2023-03-29,2023-03-24,EUR,3513.81,561.03,2952.78,Paid,Operations,Logistics
ACCOUNTS_PAYABLE_00000496,duplicate_invoice,HIGH,invoice_id appears on more than one record,2026-09-14T18:02:42.816798+00:00,ACCOUNTS_PAYABLE_00000496,495,APINV_00000496,VEND_0007,ENT_EU,2023-03-06,2023-04-20,2023-04-14,GBP,117.27,18.72,98.55,Paid,R&D,Sales Commissions
ACCOUNTS_PAYABLE_00000502,duplicate_invoice,HIGH,invoice_id appears on more than one record,2026-09-14T18:02:42.816798+00:00,ACCOUNTS_PAYABLE_00000502,501,APINV_00000502,VEND_0006,ENT_EU,2023-03-12,2023-05-11,2023-05-17,EUR,72.03,11.5,60.53,Paid,R&D,IT Infrastructure
ACCOUNTS_PAYABLE_00000554,duplicate_invoice,HIGH,invoice_id appears on more than one record,2026-09-14T18:02:42.816798+00:00,ACCOUNTS_PAYABLE_00000554,553,APINV_00000554,VEND_0043,ENT_EU,2023-04-13,2023-05-28,2023-06-11,EUR,442.69,70.68,372.01,Paid,Sales,Professional Services
ACCOUNTS_PAYABLE_00000764,duplicate_invoice,HIGH,invoice_id appears on more than one record,2026-09-14T18:02:42.816798+00:00,ACCOUNTS_PAYABLE_00000764,763,APINV_00000764,VEND_0027,ENT_EU,2023-05-26,2023-06-25,2023-06-20,EUR,91.98,,77.29,Paid,Operations,Utilities
ACCOUNTS_PAYABLE_00000784,duplicate_invoice,HIGH,invoice_id appears on more than one record,2026-09-14T18:02:42.816798+00:00,ACCOUNTS_PAYABLE_00000784,783,APINV_00000784,VEND_0012,ENT_EU,2023-05-03,2023-07-02,2023-06-30,EUR,770.92,123.09,647.83,Paid,Marketing,Rent
ACCOUNTS_PAYABLE_00000785,duplicate_invoice,HIGH,invoice_id appears on more than one record,2026-09-14T18:02:42.816798+00:00,ACCOUNTS_PAYABLE_00000785,784,APINV_00000785,VEND_0006,ENT_EU,2023-05-03,2023-07-02,2023-07-18,EUR,181.18,28.93,152.25,Paid,Marketing,Insurance
ACCOUNTS_PAYABLE_00000810,duplicate_invoice,HIGH,invoice_id appears on more than one record,2026-09-14T18:02:42.816798+00:00,ACCOUNTS_PAYABLE_00000810,809,APINV_00000810,VEND_0027,ENT_EU,2023-05-24,2023-06-23,2023-06-28,EUR,1816.11,289.97,1526.14,Paid,,Logistics
ACCOUNTS_PAYABLE_00000938,duplicate_invoice,HIGH,invoice_id appears on more than one record,2026-09-14T18:02:42.816798+00:00,ACCOUNTS_PAYABLE_00000938,937,APINV_00000938,VEND_0043,ENT_EU,2023-06-06,2023-07-21,2023-07-17,EUR,156.02,24.91,131.11,Paid,Operations,Insurance
ACCOUNTS_PAYABLE_00001002,duplicate_invoice,HIGH,invoice_id appears on more than one record,2026-09-14T18:02:42.816798+00:00,ACCOUNTS_PAYABLE_00001002,1001,APINV_00001002,VEND_0021,ENT_EU,2023-06-28,2023-08-12,2023-08-11,EUR,609.45,97.31,512.14,Paid,R&D,Insurance
ACCOUNTS_PAYABLE_00001136,duplicate_invoice,HIGH,invoice_id appears on more than one record,2026-09-14T18:02:42.816798+00:00,ACCOUNTS_PAYABLE_00001136,1135,APINV_00001136,VEND_0027,ENT_EU,2023-07-09,2023-08-08,2023-08-09,EUR,108.14,17.27,90.87,Paid,Marketing,Software Subscriptions
ACCOUNTS_PAYABLE_00001230,duplicate_invoice,HIGH,invoice_id appears on more than one record,2026-09-14T18:02:42.816798+00:00,ACCOUNTS_PAYABLE_00001230,1229,APINV_00001401,VEND_0030,ENT_EU,2023-09-26,2023-11-10,2023-10-30,USD,194.97,31.13,163.84,Paid,Sales,Software Subscriptions
ACCOUNTS_PAYABLE_00001300,duplicate_invoice,HIGH,invoice_id appears on more than one record,2026-09-14T18:02:42.816798+00:00,ACCOUNTS_PAYABLE_00001300,1299,APINV_00001471,VEND_0030,ENT_EU,2023-09-06,2023-10-21,2023-10-14,USD,382.63,,321.54,Paid,Marketing,Insurance
ACCOUNTS_PAYABLE_00001473,duplicate_invoice,HIGH,invoice_id appears on more than one record,2026-09-14T18:02:42.816798+00:00,ACCOUNTS_PAYABLE_00001473,1472,APINV_00001644,VEND_0012,ENT_EU,2023-10-26,2023-12-25,2024-01-09,EUR,430.29,68.7,361.59,Paid,Operations,Travel
ACCOUNTS_PAYABLE_00001557,duplicate_invoice,HIGH,invoice_id appears on more than one record,2026-09-14T18:02:42.816798+00:00,ACCOUNTS_PAYABLE_00001557,1556,APINV_00001728,VEND_0010,ENT_EU,2023-10-23,2023-11-22,2023-11-23,EUR,1315.45,210.03,1105.42,Paid,Corporate,Rent
ACCOUNTS_PAYABLE_00001558,duplicate_invoice,HIGH,invoice_id appears on more than one record,2026-09-14T18:02:42.816798+00:00,ACCOUNTS_PAYABLE_00001558,1557,APINV_00001729,VEND_0037,ENT_EU,2023-10-09,2023-10-24,2023-10-30,EUR,260.36,41.57,218.79,Paid,Corporate,Rent
ACCOUNTS_PAYABLE_00001759,duplicate_invoice,HIGH,invoice_id appears on more than one record,2026-09-14T18:02:42.816798+00:00,ACCOUNTS_PAYABLE_00001759,1758,APINV_00001930,VEND_0037,ENT_EU,2023-11-11,2023-11-26,2023-12-08,EUR,112.55,17.97,94.58,Paid,Corporate,Logistics
ACCOUNTS_PAYABLE_00001856,duplicate_invoice,HIGH,invoice_id appears on more than one record,2026-09-14T18:02:42.816798+00:00,ACCOUNTS_PAYABLE_00001856,1855,APINV_00002027,VEND_0021,ENT_EU,2023-12-03,2024-01-17,2024-01-26,EUR,271.76,43.39,228.37,Paid,Marketing,Professional Services
ACCOUNTS_PAYABLE_00001914,duplicate_invoice,HIGH,invoice_id appears on more than one record,2026-09-14T18:02:42.816798+00:00,ACCOUNTS_PAYABLE_00001914,1913,APINV_00002085,VEND_0029,ENT_EU,2023-12-30,2024-01-29,2024-02-08,EUR,1057.23,168.8,888.43,Paid,Corporate,Rent
ACCOUNTS_PAYABLE_00002088,duplicate_invoice,HIGH,invoice_id appears on more than one record,2026-09-14T18:02:42.816798+00:00,ACCOUNTS_PAYABLE_00002088,2087,APINV_00002259,VEND_0012,ENT_EU,2024-01-25,2024-03-25,2024-03-15,EUR,49.74,7.94,41.8,Paid,R&D,Sales Commissions
ACCOUNTS_PAYABLE_00002140,duplicate_invoice,HIGH,invoice_id appears on more than one record,2026-09-14T18:02:42.816798+00:00,ACCOUNTS_PAYABLE_00002140,2139,APINV_00002311,VEND_0037,ENT_EU,2024-02-14,2024-02-29,2024-02-28,EUR,569.71,90.96,478.75,Paid,Sales,Software Subscriptions
ACCOUNTS_PAYABLE_00002143,duplicate_invoice,HIGH,invoice_id appears on more than one record,2026-09-14T18:02:42.816798+00:00,ACCOUNTS_PAYABLE_00002143,2142,APINV_00002314,VEND_0030,ENT_EU,2024-02-24,2024-04-09,2024-05-02,USD,1540.79,246.01,1294.78,Paid,Sales,Professional Services
ACCOUNTS_PAYABLE_00002241,duplicate_invoice,HIGH,invoice_id appears on more than one record,2026-09-14T18:02:42.816798+00:00,ACCOUNTS_PAYABLE_00002241,2240,APINV_00002412,VEND_0028,ENT_EU,2024-02-26,2024-03-12,2024-03-20,EUR,110.37,17.62,92.75,Paid,Marketing,
ACCOUNTS_PAYABLE_00002289,duplicate_invoice,HIGH,invoice_id appears on more than one record,2026-09-14T18:02:42.816798+00:00,ACCOUNTS_PAYABLE_00002289,2288,APINV_00002460,VEND_0043,ENT_EU,2024-02-14,2024-03-30,2024-04-05,EUR,1032.97,164.93,868.04,Paid,Corporate,Software Subscriptions
ACCOUNTS_PAYABLE_00002373,duplicate_invoice,HIGH,invoice_id appears on more than one record,2026-09-14T18:02:42.816798+00:00,ACCOUNTS_PAYABLE_00002373,2372,APINV_00002544,VEND_0030,ENT_EU,2024-03-20,2024-05-04,2024-05-03,USD,910.49,145.37,765.12,Paid,Operations,IT Infrastructure
ACCOUNTS_PAYABLE_00002500,duplicate_invoice,HIGH,invoice_id appears on more than one record,2026-09-14T18:02:42.816798+00:00,ACCOUNTS_PAYABLE_00002500,2499,APINV_00002671,VEND_0027,ENT_EU,2024-04-29,2024-05-29,2024-05-28,EUR,594.63,94.94,499.69,Paid,Sales,Utilities
ACCOUNTS_PAYABLE_00002519,duplicate_invoice,HIGH,invoice_id appears on more than one record,2026-09-14T18:02:42.816798+00:00,ACCOUNTS_PAYABLE_00002519,2518,APINV_00002690,VEND_0007,ENT_EU,2024-04-11,2024-05-26,2024-05-23,GBP,898.88,143.52,755.36,Paid,,Rent
ACCOUNTS_PAYABLE_00002603,duplicate_invoice,HIGH,invoice_id appears on more than one record,2026-09-14T18:02:42.816798+00:00,ACCOUNTS_PAYABLE_00002603,2602,APINV_00002774,VEND_0043,ENT_EU,2024-04-29,2024-06-13,2024-06-15,EUR,383.64,61.25,322.39,Paid,R&D,Logistics
ACCOUNTS_PAYABLE_00002637,duplicate_invoice,HIGH,invoice_id appears on more than one record,2026-09-14T18:02:42.816798+00:00,ACCOUNTS_PAYABLE_00002637,2636,APINV_00002808,VEND_0030,ENT_EU,2024-04-12,2024-05-27,2024-05-30,USD,155.44,24.82,130.62,Paid,Corporate,Marketing
ACCOUNTS_PAYABLE_00002712,duplicate_invoice,HIGH,invoice_id appears on more than one record,2026-09-14T18:02:42.816798+00:00,ACCOUNTS_PAYABLE_00002712,2711,APINV_00002883,VEND_0029,ENT_EU,2024-05-27,2024-06-26,2024-06-28,EUR,1078.58,172.21,906.37,Paid,Operations,IT Infrastructure
ACCOUNTS_PAYABLE_00002852,duplicate_invoice,HIGH,invoice_id appears on more than one record,2026-09-14T18:02:42.816798+00:00,ACCOUNTS_PAYABLE_00002852,2851,APINV_00003023,VEND_0037,ENT_EU,2024-06-24,2024-07-09,2024-07-05,EUR,299.59,47.83,251.76,Paid,Sales,IT Infrastructure
ACCOUNTS_PAYABLE_00002925,duplicate_invoice,HIGH,invoice_id appears on more than one record,2026-09-14T18:02:42.816798+00:00,ACCOUNTS_PAYABLE_00002925,2924,APINV_00003096,VEND_0012,ENT_EU,2024-06-06,2024-08-05,2024-08-17,EUR,181.03,28.9,152.13,Paid,R&D,Software Subscriptions
ACCOUNTS_PAYABLE_00002990,duplicate_invoice,HIGH,invoice_id appears on more than one record,2026-09-14T18:02:42.816798+00:00,ACCOUNTS_PAYABLE_00002990,2989,APINV_00003161,VEND_0012,ENT_EU,2024-07-12,2024-09-10,2024-09-09,EUR,2047.41,326.9,1720.51,Paid,Sales,Rent
ACCOUNTS_PAYABLE_00003021,duplicate_invoice,HIGH,invoice_id appears on more than one record,2026-09-14T18:02:42.816798+00:00,ACCOUNTS_PAYABLE_00003021,3020,APINV_00003192,VEND_0014,ENT_EU,2024-07-10,2024-08-24,2024-08-24,EUR,212.77,33.97,178.8,Paid,Sales,IT Infrastructure
ACCOUNTS_PAYABLE_00003106,duplicate_invoice,HIGH,invoice_id appears on more than one record,2026-09-14T18:02:42.816798+00:00,ACCOUNTS_PAYABLE_00003106,3105,APINV_00003277,VEND_0012,ENT_EU,2024-07-17,2024-09-15,2024-08-28,EUR,1044.87,166.83,878.04,Paid,R&D,Rent
ACCOUNTS_PAYABLE_00003126,duplicate_invoice,HIGH,invoice_id appears on more than one record,2026-09-14T18:02:42.816798+00:00,ACCOUNTS_PAYABLE_00003126,3125,APINV_00003297,VEND_0014,ENT_EU,2024-07-23,2024-09-06,2024-09-04,EUR,333.12,53.19,279.93,Paid,R&D,Marketing
ACCOUNTS_PAYABLE_00003411,duplicate_invoice,HIGH,invoice_id appears on more than one record,2026-09-14T18:02:42.816798+00:00,ACCOUNTS_PAYABLE_00003411,3410,APINV_00003582,VEND_0014,ENT_EU,2024-09-11,2024-10-26,2024-11-02,EUR,474.66,75.79,398.87,Paid,Operations,Utilities
ACCOUNTS_PAYABLE_00003812,duplicate_invoice,HIGH,invoice_id appears on more than one record,2026-09-14T18:02:42.816798+00:00,ACCOUNTS_PAYABLE_00003812,3811,APINV_00003983,VEND_0006,ENT_EU,2024-11-01,2024-12-31,2025-01-06,EUR,1487.1,237.44,1249.66,Paid,Marketing,Marketing
ACCOUNTS_PAYABLE_00003840,duplicate_invoice,HIGH,invoice_id appears on more than one record,2026-09-14T18:02:42.816798+00:00,ACCOUNTS_PAYABLE_00003840,3839,APINV_00004011,VEND_0006,ENT_EU,2024-11-05,2025-01-04,2025-01-03,EUR,468.53,74.81,393.72,Paid,R&D,Software Subscriptions
ACCOUNTS_PAYABLE_00004208,duplicate_invoice,HIGH,invoice_id appears on more than one record,2026-09-14T18:02:42.816798+00:00,ACCOUNTS_PAYABLE_00004208,4207,APINV_00004379,VEND_0027,ENT_EU,2025-01-29,2025-02-28,2025-03-10,EUR,138.71,22.15,116.56,Paid,R&D,Sales Commissions
ACCOUNTS_PAYABLE_00004250,duplicate_invoice,HIGH,invoice_id appears on more than one record,2026-09-14T18:02:42.816798+00:00,ACCOUNTS_PAYABLE_00004250,4249,APINV_00004421,VEND_0012,ENT_EU,2025-01-21,2025-03-22,2025-03-25,EUR,48.39,7.73,40.66,Paid,Corporate,IT Infrastructure
ACCOUNTS_PAYABLE_00004351,duplicate_invoice,HIGH,invoice_id appears on more than one record,2026-09-14T18:02:42.816798+00:00,ACCOUNTS_PAYABLE_00004351,4350,APINV_00004522,VEND_0021,ENT_EU,2025-02-05,2025-03-22,2025-03-22,EUR,1251.34,199.79,1051.55,Paid,Marketing,Logistics
ACCOUNTS_PAYABLE_00004376,duplicate_invoice,HIGH,invoice_id appears on more than one record,2026-09-14T18:02:42.816798+00:00,ACCOUNTS_PAYABLE_00004376,4375,APINV_00004547,VEND_0006,ENT_EU,2025-02-05,2025-04-06,2025-04-18,EUR,1081.42,172.66,908.76,Paid,R&D,Professional Services
ACCOUNTS_PAYABLE_00004559,duplicate_invoice,HIGH,invoice_id appears on more than one record,2026-09-14T18:02:42.816798+00:00,ACCOUNTS_PAYABLE_00004559,4558,APINV_00004730,VEND_0043,ENT_EU,2025-03-21,2025-05-05,2025-05-12,EUR,41.64,6.65,34.99,Paid,R&D,IT Infrastructure
ACCOUNTS_PAYABLE_00004608,duplicate_invoice,HIGH,invoice_id appears on more than one record,2026-09-14T18:02:42.816798+00:00,ACCOUNTS_PAYABLE_00004608,4607,APINV_00004779,VEND_0043,ENT_EU,2025-04-10,2025-05-25,2025-05-26,EUR,279.72,44.66,235.06,Paid,Sales,Utilities
ACCOUNTS_PAYABLE_00004772,duplicate_invoice,HIGH,invoice_id appears on more than one record,2026-09-14T18:02:42.816798+00:00,ACCOUNTS_PAYABLE_00004772,4771,APINV_00004943,VEND_0007,ENT_EU,2025-05-01,2025-06-15,2025-06-30,GBP,705.15,112.59,592.56,Paid,Sales,Insurance
ACCOUNTS_PAYABLE_00004797,duplicate_invoice,HIGH,invoice_id appears on more than one record,2026-09-14T18:02:42.816798+00:00,ACCOUNTS_PAYABLE_00004797,4796,APINV_00004968,VEND_0028,ENT_EU,2025-05-21,2025-06-05,2025-05-29,EUR,239.74,38.28,201.46,Paid,Operations,Rent
ACCOUNTS_PAYABLE_00005119,duplicate_invoice,HIGH,invoice_id appears on more than one record,2026-09-14T18:02:42.816798+00:00,ACCOUNTS_PAYABLE_00005119,5118,APINV_00005290,VEND_0006,ENT_EU,2025-07-14,2025-09-12,2025-09-07,EUR,357.69,57.11,300.58,Paid,Sales,Insurance
ACCOUNTS_PAYABLE_00005908,duplicate_invoice,HIGH,invoice_id appears on more than one record,2026-09-14T18:02:42.816798+00:00,ACCOUNTS_PAYABLE_00005908,5907,APINV_00006079,VEND_0043,ENT_EU,2025-11-29,2026-01-13,,EUR,1198.94,191.43,1007.51,Open,R&D,Rent
ACCOUNTS_PAYABLE_00005925,duplicate_invoice,HIGH,invoice_id appears on more than one record,2026-09-14T18:02:42.816798+00:00,ACCOUNTS_PAYABLE_00005925,5924,APINV_00006096,VEND_0012,ENT_EU,2025-11-10,2026-01-09,,EUR,346.33,55.3,291.03,Open,R&D,Marketing
ACCOUNTS_PAYABLE_00006097,duplicate_invoice,HIGH,invoice_id appears on more than one record,2026-09-14T18:02:42.816798+00:00,ACCOUNTS_PAYABLE_00006097,6096,APINV_00006268,VEND_0028,ENT_EU,2025-12-04,2025-12-19,2025-12-07,EUR,213.38,34.07,179.31,Paid,R&D,
ACCOUNTS_PAYABLE_00006100,duplicate_invoice,HIGH,invoice_id appears on more than one record,2026-09-14T18:02:42.816798+00:00,ACCOUNTS_PAYABLE_00006100,6099,APINV_00006271,VEND_0007,ENT_EU,2025-12-10,2026-01-24,,GBP,129.31,20.65,108.66,Open,R&D,Logistics
ACCOUNTS_PAYABLE_00006169,duplicate_invoice,HIGH,invoice_id appears on more than one record,2026-09-14T18:02:42.816798+00:00,ACCOUNTS_PAYABLE_00006169,6168,APINV_00006340,VEND_0004,ENT_US,2023-01-06,2023-02-20,2023-03-06,USD,588.57,38.5,550.07,Paid,Sales,Utilities
ACCOUNTS_PAYABLE_00006244,duplicate_invoice,HIGH,invoice_id appears on more than one record,2026-09-14T18:02:42.816798+00:00,ACCOUNTS_PAYABLE_00006244,6243,APINV_00006415,VEND_0018,ENT_US,2023-01-14,2023-01-29,2023-02-08,EUR,985.89,64.5,921.39,Paid,Marketing,Marketing
ACCOUNTS_PAYABLE_00006365,duplicate_invoice,HIGH,invoice_id appears on more than one record,2026-09-14T18:02:42.816798+00:00,ACCOUNTS_PAYABLE_00006365,6364,APINV_00006536,VEND_0019,ENT_US,2023-02-06,2023-03-23,2023-03-24,USD,834.4,54.59,779.81,Paid,Operations,Software Subscriptions
ACCOUNTS_PAYABLE_00006429,duplicate_invoice,HIGH,invoice_id appears on more than one record,2026-09-14T18:02:42.816798+00:00,ACCOUNTS_PAYABLE_00006429,6428,APINV_00006600,VEND_0009,ENT_US,2023-02-22,2023-03-09,2023-02-28,USD,693.83,45.39,648.44,Paid,R&D,Insurance
ACCOUNTS_PAYABLE_00006595,duplicate_invoice,HIGH,invoice_id appears on more than one record,2026-09-14T18:02:42.816798+00:00,ACCOUNTS_PAYABLE_00006595,6594,APINV_00006766,VEND_0039,ENT_US,2023-03-27,2023-04-26,2023-05-09,USD,210.8,13.79,197.01,Paid,Marketing,Travel
ACCOUNTS_PAYABLE_00006695,duplicate_invoice,HIGH,invoice_id appears on more than one record,2026-09-14T18:02:42.816798+00:00,ACCOUNTS_PAYABLE_00006695,6694,APINV_00006866,VEND_0024,ENT_US,2023-04-12,2023-06-11,2023-06-20,USD,615.14,40.24,574.9,Paid,,Travel
ACCOUNTS_PAYABLE_00006820,duplicate_invoice,HIGH,invoice_id appears on more than one record,2026-09-14T18:02:42.816798+00:00,ACCOUNTS_PAYABLE_00006820,6819,APINV_00006991,VEND_0042,ENT_US,2023-04-29,2023-06-13,2023-06-10,USD,825.1,53.98,771.12,Paid,Corporate,
ACCOUNTS_PAYABLE_00006992,duplicate_invoice,HIGH,invoice_id appears on more than one record,2026-09-14T18:02:42.816798+00:00,ACCOUNTS_PAYABLE_00006992,6991,APINV_00007163,VEND_0019,ENT_US,2023-05-20,2023-07-04,2023-07-08,USD,171.26,11.2,160.06,Paid,R&D,Sales Commissions
ACCOUNTS_PAYABLE_00007188,duplicate_invoice,HIGH,invoice_id appears on more than one record,2026-09-14T18:02:42.816798+00:00,ACCOUNTS_PAYABLE_00007188,7187,APINV_00007359,VEND_0034,ENT_US,2023-06-25,2023-07-25,2023-07-26,USD,906.43,59.3,847.13,Paid,Corporate,Professional Services
ACCOUNTS_PAYABLE_00007421,duplicate_invoice,HIGH,invoice_id appears on more than one record,2026-09-14T18:02:42.816798+00:00,ACCOUNTS_PAYABLE_00007421,7420,APINV_00007592,VEND_0001,ENT_US,2023-08-10,2023-09-24,2023-09-26,EUR,605.12,39.59,565.53,Paid,Operations,Software Subscriptions
ACCOUNTS_PAYABLE_00007939,duplicate_invoice,HIGH,invoice_id appears on more than one record,2026-09-14T18:02:42.816798+00:00,ACCOUNTS_PAYABLE_00007939,7938,APINV_00008110,VEND_0025,ENT_US,2023-11-13,2023-12-28,2023-12-27,USD,314.31,20.56,293.75,Paid,Operations,Rent
ACCOUNTS_PAYABLE_00007970,duplicate_invoice,HIGH,invoice_id appears on more than one record,2026-09-14T18:02:42.816798+00:00,ACCOUNTS_PAYABLE_00007970,7969,APINV_00008141,VEND_0034,ENT_US,2023-11-07,2023-12-07,2023-12-05,USD,383.98,25.12,358.86,Paid,Marketing,Insurance
ACCOUNTS_PAYABLE_00008042,duplicate_invoice,HIGH,invoice_id appears on more than one record,2026-09-14T18:02:42.816798+00:00,ACCOUNTS_PAYABLE_00008042,8041,APINV_00008213,VEND_0019,ENT_US,2023-11-08,2023-12-23,2024-01-02,USD,870.72,56.96,813.76,Paid,Corporate,Software Subscriptions
ACCOUNTS_PAYABLE_00008115,duplicate_invoice,HIGH,invoice_id appears on more than one record,2026-09-14T18:02:42.816798+00:00,ACCOUNTS_PAYABLE_00008115,8114,APINV_00008286,VEND_0026,ENT_US,2023-12-25,2024-01-24,2024-01-31,USD,515.84,33.75,482.09,Paid,Operations,Utilities
ACCOUNTS_PAYABLE_00008190,duplicate_invoice,HIGH,invoice_id appears on more than one record,2026-09-14T18:02:42.816798+00:00,ACCOUNTS_PAYABLE_00008190,8189,APINV_00008361,VEND_0036,ENT_US,2023-12-22,2024-01-21,2024-01-27,USD,247.47,16.19,231.28,Paid,R&D,Marketing
ACCOUNTS_PAYABLE_00008226,duplicate_invoice,HIGH,invoice_id appears on more than one record,2026-09-14T18:02:42.816798+00:00,ACCOUNTS_PAYABLE_00008226,8225,APINV_00008397,VEND_0009,ENT_US,2023-12-17,2024-01-01,2023-12-31,USD,614.45,40.2,574.25,Paid,Corporate,Utilities
ACCOUNTS_PAYABLE_00008257,duplicate_invoice,HIGH,invoice_id appears on more than one record,2026-09-14T18:02:42.816798+00:00,ACCOUNTS_PAYABLE_00008257,8256,APINV_00008428,VEND_0039,ENT_US,2024-01-23,2024-02-22,2024-02-25,USD,377.74,24.71,353.03,Paid,Sales,Utilities
ACCOUNTS_PAYABLE_00008304,duplicate_invoice,HIGH,invoice_id appears on more than one record,2026-09-14T18:02:42.816798+00:00,ACCOUNTS_PAYABLE_00008304,8303,APINV_00008475,VEND_0040,ENT_US,2024-01-28,2024-03-13,2024-03-25,USD,337.64,22.09,315.55,Paid,Operations,Marketing
ACCOUNTS_PAYABLE_00008482,duplicate_invoice,HIGH,invoice_id appears on more than one record,2026-09-14T18:02:42.816798+00:00,ACCOUNTS_PAYABLE_00008482,8481,APINV_00008653,VEND_0033,ENT_US,2024-02-08,2024-03-09,2024-03-08,USD,236.62,15.48,221.14,Paid,Operations,Travel
ACCOUNTS_PAYABLE_00008552,duplicate_invoice,HIGH,invoice_id appears on more than one record,2026-09-14T18:02:42.816798+00:00,ACCOUNTS_PAYABLE_00008552,8551,APINV_00008723,VEND_0004,ENT_US,2024-02-26,2024-04-11,2024-04-15,USD,32.27,2.11,30.16,Paid,R&D,Sales Commissions
ACCOUNTS_PAYABLE_00008678,duplicate_invoice,HIGH,invoice_id appears on more than one record,2026-09-14T18:02:42.816798+00:00,ACCOUNTS_PAYABLE_00008678,8677,APINV_00008849,VEND_0019,ENT_US,2024-03-06,2024-04-20,2024-05-01,USD,455.43,29.79,425.64,Paid,Marketing,Utilities
ACCOUNTS_PAYABLE_00008961,duplicate_invoice,HIGH,invoice_id appears on more than one record,2026-09-14T18:02:42.816798+00:00,ACCOUNTS_PAYABLE_00008961,8960,APINV_00009132,VEND_0009,ENT_US,2024-05-28,2024-06-12,2024-06-11,USD,1340.06,,1252.39,Paid,Operations,Rent
ACCOUNTS_PAYABLE_00009003,duplicate_invoice,HIGH,invoice_id appears on more than one record,2026-09-14T18:02:42.816798+00:00,ACCOUNTS_PAYABLE_00009003,9002,APINV_00009174,VEND_0040,ENT_US,2024-05-28,2024-07-12,2024-07-10,USD,198.7,13.0,185.7,Paid,Marketing,Software Subscriptions
ACCOUNTS_PAYABLE_00009075,duplicate_invoice,HIGH,invoice_id appears on more than one record,2026-09-14T18:02:42.816798+00:00,ACCOUNTS_PAYABLE_00009075,9074,APINV_00009246,VEND_0009,ENT_US,2024-05-21,2024-06-05,2024-06-11,USD,530.32,34.69,495.63,Paid,Corporate,Insurance
ACCOUNTS_PAYABLE_00009557,duplicate_invoice,HIGH,invoice_id appears on more than one record,2026-09-14T18:02:42.816798+00:00,ACCOUNTS_PAYABLE_00009557,9556,APINV_00009728,VEND_0039,ENT_US,2024-08-15,2024-09-14,2024-09-15,USD,344.69,22.55,322.14,Paid,R&D,Utilities
ACCOUNTS_PAYABLE_00009891,duplicate_invoice,HIGH,invoice_id appears on more than one record,2026-09-14T18:02:42.816798+00:00,ACCOUNTS_PAYABLE_00009891,9890,APINV_00010062,VEND_0018,ENT_US,2024-10-22,2024-11-06,2024-11-10,EUR,616.87,40.36,576.51,Paid,Marketing,Utilities
ACCOUNTS_PAYABLE_00009951,duplicate_invoice,HIGH,invoice_id appears on more than one record,2026-09-14T18:02:42.816798+00:00,ACCOUNTS_PAYABLE_00009951,9950,APINV_00010122,VEND_0031,ENT_US,2024-10-14,2024-11-28,2024-11-29,EUR,315.08,20.61,294.47,Paid,Corporate,Software Subscriptions
ACCOUNTS_PAYABLE_00010140,duplicate_invoice,HIGH,invoice_id appears on more than one record,2026-09-14T18:02:42.816798+00:00,ACCOUNTS_PAYABLE_00010140,10139,APINV_00010311,VEND_0039,ENT_US,2024-11-15,2024-12-15,2024-12-05,USD,50.08,3.28,46.8,Paid,Corporate,Sales Commissions
ACCOUNTS_PAYABLE_00010155,duplicate_invoice,HIGH,invoice_id appears on more than one record,2026-09-14T18:02:42.816798+00:00,ACCOUNTS_PAYABLE_00010155,10154,APINV_00010326,VEND_0040,ENT_US,2024-12-17,2025-01-31,2025-02-13,USD,913.65,59.77,853.88,Paid,Sales,Insurance
ACCOUNTS_PAYABLE_00010430,duplicate_invoice,HIGH,invoice_id appears on more than one record,2026-09-14T18:02:42.816798+00:00,ACCOUNTS_PAYABLE_00010430,10429,APINV_00010601,VEND_0024,ENT_US,2025-01-06,2025-03-07,2025-03-03,USD,2094.23,137.01,1957.22,Paid,Marketing,Logistics
ACCOUNTS_PAYABLE_00010582,duplicate_invoice,HIGH,invoice_id appears on more than one record,2026-09-14T18:02:42.816798+00:00,ACCOUNTS_PAYABLE_00010582,10581,APINV_00010753,VEND_0001,ENT_US,2025-02-24,2025-04-10,2025-04-08,EUR,279.81,18.31,261.5,Paid,Marketing,Rent
ACCOUNTS_PAYABLE_00010617,duplicate_invoice,HIGH,invoice_id appears on more than one record,2026-09-14T18:02:42.816798+00:00,ACCOUNTS_PAYABLE_00010617,10616,APINV_00010788,VEND_0019,ENT_US,2025-02-24,2025-04-10,2025-04-13,USD,145.48,9.52,135.96,Paid,Marketing,IT Infrastructure
ACCOUNTS_PAYABLE_00010694,duplicate_invoice,HIGH,invoice_id appears on more than one record,2026-09-14T18:02:42.816798+00:00,ACCOUNTS_PAYABLE_00010694,10693,APINV_00010865,VEND_0024,ENT_US,2025-03-09,2025-05-08,2025-05-20,USD,731.71,47.87,683.84,Paid,Sales,Rent
ACCOUNTS_PAYABLE_00010870,duplicate_invoice,HIGH,invoice_id appears on more than one record,2026-09-14T18:02:42.816798+00:00,ACCOUNTS_PAYABLE_00010870,10869,APINV_00011041,VEND_0018,ENT_US,2025-03-23,2025-04-07,2025-04-12,EUR,112.05,7.33,104.72,Paid,Corporate,IT Infrastructure
ACCOUNTS_PAYABLE_00011094,duplicate_invoice,HIGH,invoice_id appears on more than one record,2026-09-14T18:02:42.816798+00:00,ACCOUNTS_PAYABLE_00011094,11093,APINV_00011265,VEND_0039,ENT_US,2025-05-24,2025-06-23,2025-07-05,USD,878.72,57.49,821.23,Paid,Operations,Rent
ACCOUNTS_PAYABLE_00011145,duplicate_invoice,HIGH,invoice_id appears on more than one record,2026-09-14T18:02:42.816798+00:00,ACCOUNTS_PAYABLE_00011145,11144,APINV_00011316,VEND_0019,ENT_US,2025-05-14,2025-06-28,2025-07-01,USD,2137.49,139.84,1997.65,Paid,Marketing,
ACCOUNTS_PAYABLE_00011255,duplicate_invoice,HIGH,invoice_id appears on more than one record,2026-09-14T18:02:42.816798+00:00,ACCOUNTS_PAYABLE_00011255,11254,APINV_00011426,VEND_0040,ENT_US,2025-06-30,2025-08-14,2025-08-29,USD,863.19,56.47,806.72,Paid,Sales,Travel
ACCOUNTS_PAYABLE_00011306,duplicate_invoice,HIGH,invoice_id appears on more than one record,2026-09-14T18:02:42.816798+00:00,ACCOUNTS_PAYABLE_00011306,11305,APINV_00011477,VEND_0036,ENT_US,2025-06-12,2025-07-12,2025-06-30,USD,328.46,21.49,306.97,Paid,Marketing,Professional Services
ACCOUNTS_PAYABLE_00011373,duplicate_invoice,HIGH,invoice_id appears on more than one record,2026-09-14T18:02:42.816798+00:00,ACCOUNTS_PAYABLE_00011373,11372,APINV_00011544,VEND_0031,ENT_US,2025-06-14,2025-07-29,2025-08-03,EUR,1418.58,92.8,1325.78,Paid,Corporate,Rent
ACCOUNTS_PAYABLE_00011701,duplicate_invoice,HIGH,invoice_id appears on more than one record,2026-09-14T18:02:42.816798+00:00,ACCOUNTS_PAYABLE_00011701,11700,APINV_00011872,VEND_0009,ENT_US,2025-08-24,2025-09-08,2025-09-08,USD,374.29,24.49,349.8,Paid,Marketing,IT Infrastructure
ACCOUNTS_PAYABLE_00011955,duplicate_invoice,HIGH,invoice_id appears on more than one record,2026-09-14T18:02:42.816798+00:00,ACCOUNTS_PAYABLE_00011955,11954,APINV_00012126,VEND_0023,ENT_US,2025-10-16,2025-12-15,2025-12-21,USD,1510.58,98.82,1411.76,Paid,Sales,Utilities
ACCOUNTS_PAYABLE_00012018,duplicate_invoice,HIGH,invoice_id appears on more than one record,2026-09-14T18:02:42.816798+00:00,ACCOUNTS_PAYABLE_00012018,12017,APINV_00012189,VEND_0039,ENT_US,2025-10-23,2025-11-22,2025-11-24,USD,256.7,16.79,239.91,Paid,Marketing,Utilities
ACCOUNTS_PAYABLE_00012040,duplicate_invoice,HIGH,invoice_id appears on more than one record,2026-09-14T18:02:42.816798+00:00,ACCOUNTS_PAYABLE_00012040,12039,APINV_00012211,VEND_0031,ENT_US,2025-10-28,2025-12-12,2025-12-25,EUR,916.86,59.98,856.88,Paid,R&D,Insurance
ACCOUNTS_PAYABLE_00012237,duplicate_invoice,HIGH,invoice_id appears on more than one record,2026-09-14T18:02:42.816798+00:00,ACCOUNTS_PAYABLE_00012237,12236,APINV_00012408,VEND_0019,ENT_US,2025-11-06,2025-12-21,2025-12-18,USD,36.63,2.4,34.23,Paid,R&D,Sales Commissions
ACCOUNTS_PAYABLE_00012378,duplicate_invoice,HIGH,invoice_id appears on more than one record,2026-09-14T18:02:42.816798+00:00,ACCOUNTS_PAYABLE_00012378,12377,APINV_00012549,VEND_0004,ENT_US,2025-12-02,2026-01-16,,USD,1325.11,86.69,1238.42,Open,Marketing,Logistics
ACCOUNTS_PAYABLE_00012530,duplicate_invoice,HIGH,invoice_id appears on more than one record,2026-09-14T18:02:42.816798+00:00,ACCOUNTS_PAYABLE_00012530,12529,APINV_00012701,VEND_0015,ENT_UK,2023-01-05,2023-02-04,2023-02-15,GBP,460.86,76.81,384.05,Paid,Operations,Logistics
ACCOUNTS_PAYABLE_00012640,duplicate_invoice,HIGH,invoice_id appears on more than one record,2026-09-14T18:02:42.816798+00:00,ACCOUNTS_PAYABLE_00012640,12639,APINV_00012811,VEND_0013,ENT_UK,2023-01-05,2023-02-04,2023-02-03,GBP,85.63,14.27,71.36,Paid,Corporate,Travel
ACCOUNTS_PAYABLE_00012703,duplicate_invoice,HIGH,invoice_id appears on more than one record,2026-09-14T18:02:42.816798+00:00,ACCOUNTS_PAYABLE_00012703,12702,APINV_00012874,VEND_0045,ENT_UK,2023-02-22,2023-04-08,2023-04-03,GBP,2688.54,448.09,2240.45,Paid,Operations,Logistics
ACCOUNTS_PAYABLE_00012772,duplicate_invoice,HIGH,invoice_id appears on more than one record,2026-09-14T18:02:42.816798+00:00,ACCOUNTS_PAYABLE_00012772,12771,APINV_00012943,VEND_0002,ENT_UK,2023-02-03,2023-03-05,2023-03-05,GBP,159.56,26.59,132.97,Paid,R&D,Utilities
ACCOUNTS_PAYABLE_00012786,duplicate_invoice,HIGH,invoice_id appears on more than one record,2026-09-14T18:02:42.816798+00:00,ACCOUNTS_PAYABLE_00012786,12785,APINV_00012957,VEND_0016,ENT_UK,2023-02-17,2023-03-19,2023-03-28,GBP,49.94,8.32,41.62,Paid,,Travel
ACCOUNTS_PAYABLE_00012872,duplicate_invoice,HIGH,invoice_id appears on more than one record,2026-09-14T18:02:42.816798+00:00,ACCOUNTS_PAYABLE_00012872,12871,APINV_00013043,VEND_0045,ENT_UK,2023-03-19,2023-05-03,2023-05-09,GBP,857.33,142.89,714.44,Paid,Operations,Professional Services
ACCOUNTS_PAYABLE_00013163,duplicate_invoice,HIGH,invoice_id appears on more than one record,2026-09-14T18:02:42.816798+00:00,ACCOUNTS_PAYABLE_00013163,13162,APINV_00013334,VEND_0011,ENT_UK,2023-04-24,2023-05-24,2023-05-26,GBP,246.73,41.12,205.61,Paid,Corporate,Marketing
ACCOUNTS_PAYABLE_00013215,duplicate_invoice,HIGH,invoice_id appears on more than one record,2026-09-14T18:02:42.816798+00:00,ACCOUNTS_PAYABLE_00013215,13214,APINV_00013386,VEND_0045,ENT_UK,2023-05-11,2023-06-25,2023-06-29,GBP,144.4,24.07,120.33,Paid,Sales,IT Infrastructure
ACCOUNTS_PAYABLE_00013298,duplicate_invoice,HIGH,invoice_id appears on more than one record,2026-09-14T18:02:42.816798+00:00,ACCOUNTS_PAYABLE_00013298,13297,APINV_00013469,VEND_0035,ENT_UK,2023-05-18,2023-06-17,2023-06-13,GBP,347.03,57.84,289.19,Paid,R&D,Insurance
ACCOUNTS_PAYABLE_00013360,duplicate_invoice,HIGH,invoice_id appears on more than one record,2026-09-14T18:02:42.816798+00:00,ACCOUNTS_PAYABLE_00013360,13359,APINV_00013531,VEND_0002,ENT_UK,2023-05-01,2023-05-31,2023-05-29,GBP,131.88,21.98,109.9,Paid,Corporate,Travel
ACCOUNTS_PAYABLE_00013448,duplicate_invoice,HIGH,invoice_id appears on more than one record,2026-09-14T18:02:42.816798+00:00,ACCOUNTS_PAYABLE_00013448,13447,APINV_00013619,VEND_0016,ENT_UK,2023-06-09,2023-07-09,2023-07-01,GBP,459.04,76.51,382.53,Paid,Marketing,Software Subscriptions
ACCOUNTS_PAYABLE_00013602,duplicate_invoice,HIGH,invoice_id appears on more than one record,2026-09-14T18:02:42.816798+00:00,ACCOUNTS_PAYABLE_00013602,13601,APINV_00013773,VEND_0016,ENT_UK,2023-07-14,2023-08-13,2023-08-13,GBP,3635.03,605.84,3029.19,Paid,Operations,
ACCOUNTS_PAYABLE_00013670,duplicate_invoice,HIGH,invoice_id appears on more than one record,2026-09-14T18:02:42.816798+00:00,ACCOUNTS_PAYABLE_00013670,13669,APINV_00013841,VEND_0005,ENT_UK,2023-07-28,2023-08-12,2023-08-10,GBP,108.04,18.01,90.03,Paid,R&D,Logistics
ACCOUNTS_PAYABLE_00013907,duplicate_invoice,HIGH,invoice_id appears on more than one record,2026-09-14T18:02:42.816798+00:00,ACCOUNTS_PAYABLE_00013907,13906,APINV_00014078,VEND_0020,ENT_UK,2023-09-11,2023-10-11,2023-10-11,GBP,4304.48,717.41,3587.07,Paid,Sales,Sales Commissions
ACCOUNTS_PAYABLE_00014016,duplicate_invoice,HIGH,invoice_id appears on more than one record,2026-09-14T18:02:42.816798+00:00,ACCOUNTS_PAYABLE_00014016,14015,APINV_00014187,VEND_0011,ENT_UK,2023-09-06,2023-10-06,2023-10-15,GBP,1335.28,222.55,1112.73,Paid,Corporate,Rent
ACCOUNTS_PAYABLE_00014154,duplicate_invoice,HIGH,invoice_id appears on more than one record,2026-09-14T18:02:42.816798+00:00,ACCOUNTS_PAYABLE_00014154,14153,APINV_00014325,VEND_0045,ENT_UK,2023-10-29,2023-12-13,2023-12-24,GBP,238.94,39.82,199.12,Paid,R&D,Marketing
ACCOUNTS_PAYABLE_00014478,duplicate_invoice,HIGH,invoice_id appears on more than one record,2026-09-14T18:02:42.816798+00:00,ACCOUNTS_PAYABLE_00014478,14477,APINV_00014649,VEND_0011,ENT_UK,2023-12-03,2024-01-02,2024-01-23,GBP,538.61,89.77,448.84,Paid,R&D,Professional Services
ACCOUNTS_PAYABLE_00014572,duplicate_invoice,HIGH,invoice_id appears on more than one record,2026-09-14T18:02:42.816798+00:00,ACCOUNTS_PAYABLE_00014572,14571,APINV_00014743,VEND_0022,ENT_UK,2024-01-29,2024-02-28,2024-02-26,GBP,246.8,41.13,205.67,Paid,Operations,Insurance
ACCOUNTS_PAYABLE_00014756,duplicate_invoice,HIGH,invoice_id appears on more than one record,2026-09-14T18:02:42.816798+00:00,ACCOUNTS_PAYABLE_00014756,14755,APINV_00014927,VEND_0038,ENT_UK,2024-02-02,2024-03-03,2024-03-08,GBP,2514.47,419.08,2095.39,Paid,Operations,Logistics
ACCOUNTS_PAYABLE_00014935,duplicate_invoice,HIGH,invoice_id appears on more than one record,2026-09-14T18:02:42.816798+00:00,ACCOUNTS_PAYABLE_00014935,14934,APINV_00015106,VEND_0005,ENT_UK,2024-03-09,2024-03-24,2024-03-30,GBP,236.78,39.46,197.32,Paid,Operations,Travel
ACCOUNTS_PAYABLE_00015120,duplicate_invoice,HIGH,invoice_id appears on more than one record,2026-09-14T18:02:42.816798+00:00,ACCOUNTS_PAYABLE_00015120,15119,APINV_00015291,VEND_0015,ENT_UK,2024-04-05,2024-05-05,2024-05-05,GBP,298.1,49.68,248.42,Paid,Marketing,Professional Services
ACCOUNTS_PAYABLE_00015277,duplicate_invoice,HIGH,invoice_id appears on more than one record,2026-09-14T18:02:42.816798+00:00,ACCOUNTS_PAYABLE_00015277,15276,APINV_00015448,VEND_0003,ENT_UK,2024-05-29,2024-07-28,2024-08-04,GBP,3091.5,515.25,2576.25,Paid,Operations,Sales Commissions
ACCOUNTS_PAYABLE_00015282,duplicate_invoice,HIGH,invoice_id appears on more than one record,2026-09-14T18:02:42.816798+00:00,ACCOUNTS_PAYABLE_00015282,15281,APINV_00015453,VEND_0022,ENT_UK,2024-05-19,2024-06-18,2024-06-06,GBP,424.84,70.81,354.03,Paid,Operations,IT Infrastructure
ACCOUNTS_PAYABLE_00015317,duplicate_invoice,HIGH,invoice_id appears on more than one record,2026-09-14T18:02:42.816798+00:00,ACCOUNTS_PAYABLE_00015317,15316,APINV_00015488,VEND_0022,ENT_UK,2024-05-04,2024-06-03,2024-06-07,GBP,631.28,105.21,526.07,Paid,R&D,Insurance
ACCOUNTS_PAYABLE_00015501,duplicate_invoice,HIGH,invoice_id appears on more than one record,2026-09-14T18:02:42.816798+00:00,ACCOUNTS_PAYABLE_00015501,15500,APINV_00015672,VEND_0011,ENT_UK,2024-06-07,2024-07-07,2024-07-10,GBP,60.05,10.01,50.04,Paid,R&D,Marketing
ACCOUNTS_PAYABLE_00015686,duplicate_invoice,HIGH,invoice_id appears on more than one record,2026-09-14T18:02:42.816798+00:00,ACCOUNTS_PAYABLE_00015686,15685,APINV_00015857,VEND_0015,ENT_UK,2024-07-29,2024-08-28,2024-08-29,GBP,93.49,15.58,77.91,Paid,R&D,Logistics
ACCOUNTS_PAYABLE_00015981,duplicate_invoice,HIGH,invoice_id appears on more than one record,2026-09-14T18:02:42.816798+00:00,ACCOUNTS_PAYABLE_00015981,15980,APINV_00016152,VEND_0032,ENT_UK,2024-09-29,2024-11-28,2024-12-03,GBP,1185.47,197.58,987.89,Paid,Marketing,Marketing
ACCOUNTS_PAYABLE_00015993,duplicate_invoice,HIGH,invoice_id appears on more than one record,2026-09-14T18:02:42.816798+00:00,ACCOUNTS_PAYABLE_00015993,15992,APINV_00016164,VEND_0032,ENT_UK,2024-09-04,2024-11-03,2024-11-08,GBP,59.75,9.96,49.79,Paid,Marketing,IT Infrastructure
ACCOUNTS_PAYABLE_00015996,duplicate_invoice,HIGH,invoice_id appears on more than one record,2026-09-14T18:02:42.816798+00:00,ACCOUNTS_PAYABLE_00015996,15995,APINV_00016167,VEND_0003,ENT_UK,2024-09-06,2024-11-05,2024-11-04,GBP,180.55,30.09,150.46,Paid,Marketing,IT Infrastructure
ACCOUNTS_PAYABLE_00016137,duplicate_invoice,HIGH,invoice_id appears on more than one record,2026-09-14T18:02:42.816798+00:00,ACCOUNTS_PAYABLE_00016137,16136,APINV_00016308,VEND_0002,ENT_UK,2024-10-03,2024-11-02,2024-11-05,,779.86,129.98,649.88,Paid,Operations,Travel
ACCOUNTS_PAYABLE_00016179,duplicate_invoice,HIGH,invoice_id appears on more than one record,2026-09-14T18:02:42.816798+00:00,ACCOUNTS_PAYABLE_00016179,16178,APINV_00016350,VEND_0035,ENT_UK,2024-10-06,2024-11-05,2024-11-06,GBP,256.02,42.67,213.35,Paid,R&D,Insurance
ACCOUNTS_PAYABLE_00016200,duplicate_invoice,HIGH,invoice_id appears on more than one record,2026-09-14T18:02:42.816798+00:00,ACCOUNTS_PAYABLE_00016200,16199,APINV_00016371,VEND_0038,ENT_UK,2024-10-07,2024-11-06,2024-11-15,GBP,136.32,22.72,113.6,Paid,R&D,Logistics
ACCOUNTS_PAYABLE_00016217,duplicate_invoice,HIGH,invoice_id appears on more than one record,2026-09-14T18:02:42.816798+00:00,ACCOUNTS_PAYABLE_00016217,16216,APINV_00016388,VEND_0045,ENT_UK,2024-10-13,2024-11-27,2024-12-11,GBP,860.6,143.43,717.17,Paid,Corporate,
ACCOUNTS_PAYABLE_00016260,duplicate_invoice,HIGH,invoice_id appears on more than one record,2026-09-14T18:02:42.816798+00:00,ACCOUNTS_PAYABLE_00016260,16259,APINV_00016431,VEND_0017,ENT_UK,2024-11-29,2024-12-29,2024-12-19,USD,105.8,17.63,88.17,Paid,Sales,Insurance
ACCOUNTS_PAYABLE_00016576,duplicate_invoice,HIGH,invoice_id appears on more than one record,2026-09-14T18:02:42.816798+00:00,ACCOUNTS_PAYABLE_00016576,16575,APINV_00016747,VEND_0020,ENT_UK,2024-12-29,2025-01-28,2025-02-11,GBP,704.57,117.43,587.14,Paid,Corporate,Software Subscriptions
ACCOUNTS_PAYABLE_00016656,duplicate_invoice,HIGH,invoice_id appears on more than one record,2026-09-14T18:02:42.816798+00:00,ACCOUNTS_PAYABLE_00016656,16655,APINV_00016827,VEND_0002,ENT_UK,2025-01-11,2025-02-10,2025-02-23,GBP,205.82,34.3,171.52,Paid,,Utilities
ACCOUNTS_PAYABLE_00016728,duplicate_invoice,HIGH,invoice_id appears on more than one record,2026-09-14T18:02:42.816798+00:00,ACCOUNTS_PAYABLE_00016728,16727,APINV_00016899,VEND_0035,ENT_UK,2025-01-17,2025-02-16,2025-02-21,GBP,365.81,60.97,304.84,Paid,R&D,Utilities
ACCOUNTS_PAYABLE_00016751,duplicate_invoice,HIGH,invoice_id appears on more than one record,2026-09-14T18:02:42.816798+00:00,ACCOUNTS_PAYABLE_00016751,16750,APINV_00016922,VEND_0013,ENT_UK,2025-01-27,2025-02-26,2025-02-20,GBP,467.84,77.97,389.87,Paid,,Software Subscriptions
ACCOUNTS_PAYABLE_00016754,duplicate_invoice,HIGH,invoice_id appears on more than one record,2026-09-14T18:02:42.816798+00:00,ACCOUNTS_PAYABLE_00016754,16753,APINV_00016925,VEND_0003,ENT_UK,2025-01-25,2025-03-26,2025-03-27,GBP,485.59,80.93,404.66,Paid,Corporate,Professional Services
ACCOUNTS_PAYABLE_00017168,duplicate_invoice,HIGH,invoice_id appears on more than one record,2026-09-14T18:02:42.816798+00:00,ACCOUNTS_PAYABLE_00017168,17167,APINV_00017339,VEND_0003,ENT_UK,2025-04-09,2025-06-08,2025-06-16,GBP,198.65,33.11,165.54,Paid,Operations,Insurance
ACCOUNTS_PAYABLE_00017373,duplicate_invoice,HIGH,invoice_id appears on more than one record,2026-09-14T18:02:42.816798+00:00,ACCOUNTS_PAYABLE_00017373,17372,APINV_00017544,VEND_0002,ENT_UK,2025-05-08,2025-06-07,2025-06-09,GBP,251.36,41.89,209.47,Paid,Operations,IT Infrastructure
ACCOUNTS_PAYABLE_00017512,duplicate_invoice,HIGH,invoice_id appears on more than one record,2026-09-14T18:02:42.816798+00:00,ACCOUNTS_PAYABLE_00017512,17511,APINV_00017683,VEND_0045,ENT_UK,2025-06-10,2025-07-25,2025-07-28,GBP,1587.97,264.66,1323.31,Paid,Sales,Travel
ACCOUNTS_PAYABLE_00017582,duplicate_invoice,HIGH,invoice_id appears on more than one record,2026-09-14T18:02:42.816798+00:00,ACCOUNTS_PAYABLE_00017582,17581,APINV_00017753,VEND_0038,ENT_UK,2025-06-26,2025-07-26,2025-07-31,GBP,309.66,51.61,258.05,Paid,R&D,Rent
ACCOUNTS_PAYABLE_00017642,duplicate_invoice,HIGH,invoice_id appears on more than one record,2026-09-14T18:02:42.816798+00:00,ACCOUNTS_PAYABLE_00017642,17641,APINV_00017813,VEND_0011,ENT_UK,2025-06-07,2025-07-07,2025-07-08,GBP,120.36,20.06,100.3,Paid,Corporate,Marketing
ACCOUNTS_PAYABLE_00017660,duplicate_invoice,HIGH,invoice_id appears on more than one record,2026-09-14T18:02:42.816798+00:00,ACCOUNTS_PAYABLE_00017660,17659,APINV_00017831,VEND_0020,ENT_UK,2025-07-07,2025-08-06,2025-08-05,GBP,68.78,11.46,57.32,Paid,,Insurance
ACCOUNTS_PAYABLE_00017661,duplicate_invoice,HIGH,invoice_id appears on more than one record,2026-09-14T18:02:42.816798+00:00,ACCOUNTS_PAYABLE_00017661,17660,APINV_00017832,VEND_0017,ENT_UK,2025-07-06,2025-08-05,2025-07-30,USD,389.03,64.84,324.19,Paid,Sales,Insurance
ACCOUNTS_PAYABLE_00018116,duplicate_invoice,HIGH,invoice_id appears on more than one record,2026-09-14T18:02:42.816798+00:00,ACCOUNTS_PAYABLE_00018116,18115,APINV_00018287,VEND_0003,ENT_UK,2025-09-05,2025-11-04,2025-11-11,GBP,609.41,101.57,507.84,Paid,R&D,Professional Services
ACCOUNTS_PAYABLE_00018427,duplicate_invoice,HIGH,invoice_id appears on more than one record,2026-09-14T18:02:42.816798+00:00,ACCOUNTS_PAYABLE_00018427,18426,APINV_00018598,VEND_0017,ENT_UK,2025-11-06,2025-12-06,2025-12-01,USD,112.64,18.77,93.87,Paid,Marketing,Insurance
ACCOUNTS_PAYABLE_00018565,duplicate_invoice,HIGH,invoice_id appears on more than one record,2026-09-14T18:02:42.816798+00:00,ACCOUNTS_PAYABLE_00018565,18564,APINV_00018736,VEND_0045,ENT_UK,2025-12-02,2026-01-16,,GBP,210.8,35.13,175.67,Open,,Travel
ACCOUNTS_PAYABLE_00018648,duplicate_invoice,HIGH,invoice_id appears on more than one record,2026-09-14T18:02:42.816798+00:00,ACCOUNTS_PAYABLE_00018648,18647,APINV_00018819,VEND_0011,ENT_UK,2025-12-25,2026-01-24,,GBP,564.79,94.13,470.66,Open,,Software Subscriptions
ACCOUNTS_PAYABLE_00018684,duplicate_invoice,HIGH,invoice_id appears on more than one record,2026-09-14T18:02:42.816798+00:00,ACCOUNTS_PAYABLE_00018684,18683,APINV_00018855,VEND_0022,ENT_UK,2025-12-07,2026-01-06,,GBP,157.31,26.22,131.09,Open,Corporate,Professional Services
ACCOUNTS_PAYABLE_00018745,duplicate_invoice,HIGH,invoice_id appears on more than one record,2026-09-14T18:02:42.816798+00:00,ACCOUNTS_PAYABLE_00018745,18744,APINV_INV_00000040,VEND_0043,ENT_EU,2023-07-07,2023-08-21,2023-08-21,EUR,38479.54,6143.79,32335.75,Paid,Operations,Raw Materials
ACCOUNTS_PAYABLE_00018769,duplicate_invoice,HIGH,invoice_id appears on more than one record,2026-09-14T18:02:42.816798+00:00,ACCOUNTS_PAYABLE_00018769,18768,APINV_INV_00000070,VEND_0029,ENT_EU,2023-12-03,2024-01-02,2024-01-10,EUR,40002.29,6386.92,33615.37,Paid,Operations,Raw Materials
ACCOUNTS_PAYABLE_00018904,duplicate_invoice,HIGH,invoice_id appears on more than one record,2026-09-14T18:02:42.816798+00:00,ACCOUNTS_PAYABLE_00018904,18903,APINV_INV_00000205,VEND_0043,ENT_EU,2025-11-03,2025-12-18,2025-12-09,EUR,141883.19,22653.62,119229.57,Paid,Sales,Raw Materials
ACCOUNTS_PAYABLE_00019048,duplicate_invoice,HIGH,invoice_id appears on more than one record,2026-09-14T18:02:42.816798+00:00,ACCOUNTS_PAYABLE_00019048,19047,APINV_INV_00000349,VEND_0001,ENT_US,2024-11-03,2024-12-18,2024-12-22,EUR,151832.54,9932.97,141899.57,Paid,Sales,Raw Materials
ACCOUNTS_PAYABLE_00019348,duplicate_invoice,HIGH,invoice_id appears on more than one record,2026-09-14T18:02:42.816798+00:00,ACCOUNTS_PAYABLE_00019348,19347,APINV_00015857,VEND_0015,ENT_UK,2024-07-29,2024-08-28,2024-08-29,GBP,93.49,15.58,77.91,Paid,R&D,Logistics
ACCOUNTS_PAYABLE_00019349,duplicate_invoice,HIGH,invoice_id appears on more than one record,2026-09-14T18:02:42.816798+00:00,ACCOUNTS_PAYABLE_00019349,19348,APINV_00016431,VEND_0017,ENT_UK,2024-11-29,2024-12-29,2024-12-19,USD,105.8,17.63,88.17,Paid,Sales,Insurance
ACCOUNTS_PAYABLE_00019350,duplicate_invoice,HIGH,invoice_id appears on more than one record,2026-09-14T18:02:42.816798+00:00,ACCOUNTS_PAYABLE_00019350,19349,APINV_00006766,VEND_0039,ENT_US,2023-03-27,2023-04-26,2023-05-09,USD,210.8,13.79,197.01,Paid,Marketing,Travel
ACCOUNTS_PAYABLE_00019351,duplicate_invoice,HIGH,invoice_id appears on more than one record,2026-09-14T18:02:42.816798+00:00,ACCOUNTS_PAYABLE_00019351,19350,APINV_00001401,VEND_0030,ENT_EU,2023-09-26,2023-11-10,2023-10-30,USD,194.97,31.13,163.84,Paid,Sales,Software Subscriptions
ACCOUNTS_PAYABLE_00019352,duplicate_invoice,HIGH,invoice_id appears on more than one record,2026-09-14T18:02:42.816798+00:00,ACCOUNTS_PAYABLE_00019352,19351,APINV_00016899,VEND_0035,ENT_UK,2025-01-17,2025-02-16,2025-02-21,GBP,365.81,60.97,304.84,Paid,R&D,Utilities
ACCOUNTS_PAYABLE_00019353,duplicate_invoice,HIGH,invoice_id appears on more than one record,2026-09-14T18:02:42.816798+00:00,ACCOUNTS_PAYABLE_00019353,19352,APINV_00013619,VEND_0016,ENT_UK,2023-06-09,2023-07-09,2023-07-01,GBP,459.04,76.51,382.53,Paid,Marketing,Software Subscriptions
ACCOUNTS_PAYABLE_00019354,duplicate_invoice,HIGH,invoice_id appears on more than one record,2026-09-14T18:02:42.816798+00:00,ACCOUNTS_PAYABLE_00019354,19353,APINV_00004779,VEND_0043,ENT_EU,2025-04-10,2025-05-25,2025-05-26,EUR,279.72,44.66,235.06,Paid,Sales,Utilities
ACCOUNTS_PAYABLE_00019355,duplicate_invoice,HIGH,invoice_id appears on more than one record,2026-09-14T18:02:42.816798+00:00,ACCOUNTS_PAYABLE_00019355,19354,APINV_00015488,VEND_0022,ENT_UK,2024-05-04,2024-06-03,2024-06-07,GBP,631.28,105.21,526.07,Paid,R&D,Insurance
ACCOUNTS_PAYABLE_00019356,duplicate_invoice,HIGH,invoice_id appears on more than one record,2026-09-14T18:02:42.816798+00:00,ACCOUNTS_PAYABLE_00019356,19355,APINV_00013841,VEND_0005,ENT_UK,2023-07-28,2023-08-12,2023-08-10,GBP,108.04,18.01,90.03,Paid,R&D,Logistics
ACCOUNTS_PAYABLE_00019357,duplicate_invoice,HIGH,invoice_id appears on more than one record,2026-09-14T18:02:42.816798+00:00,ACCOUNTS_PAYABLE_00019357,19356,APINV_00008849,VEND_0019,ENT_US,2024-03-06,2024-04-20,2024-05-01,USD,455.43,29.79,425.64,Paid,,Utilities
ACCOUNTS_PAYABLE_00019358,duplicate_invoice,HIGH,invoice_id appears on more than one record,2026-09-14T18:02:42.816798+00:00,ACCOUNTS_PAYABLE_00019358,19357,APINV_00002544,VEND_0030,ENT_EU,2024-03-20,2024-05-04,2024-05-03,USD,910.49,145.37,765.12,Paid,Operations,IT Infrastructure
ACCOUNTS_PAYABLE_00019359,duplicate_invoice,HIGH,invoice_id appears on more than one record,2026-09-14T18:02:42.816798+00:00,ACCOUNTS_PAYABLE_00019359,19358,APINV_00018819,VEND_0011,ENT_UK,2025-12-25,2026-01-24,,GBP,564.79,94.13,470.66,Open,R&D,Software Subscriptions
ACCOUNTS_PAYABLE_00019360,duplicate_invoice,HIGH,invoice_id appears on more than one record,2026-09-14T18:02:42.816798+00:00,ACCOUNTS_PAYABLE_00019360,19359,APINV_INV_00000070,VEND_0029,ENT_EU,2023-12-03,2024-01-02,2024-01-10,EUR,40002.29,6386.92,33615.37,Paid,Operations,
ACCOUNTS_PAYABLE_00019361,duplicate_invoice,HIGH,invoice_id appears on more than one record,2026-09-14T18:02:42.816798+00:00,ACCOUNTS_PAYABLE_00019361,19360,APINV_00000226,VEND_0010,ENT_EU,2023-02-27,2023-03-29,2023-03-24,EUR,3513.81,561.03,2952.78,Paid,Operations,Logistics
ACCOUNTS_PAYABLE_00019362,duplicate_invoice,HIGH,invoice_id appears on more than one record,2026-09-14T18:02:42.816798+00:00,ACCOUNTS_PAYABLE_00019362,19361,APINV_00017753,VEND_0038,ENT_UK,2025-06-26,2025-07-26,2025-07-31,GBP,309.66,51.61,258.05,Paid,R&D,Rent
ACCOUNTS_PAYABLE_00019363,duplicate_invoice,HIGH,invoice_id appears on more than one record,2026-09-14T18:02:42.816798+00:00,ACCOUNTS_PAYABLE_00019363,19362,APINV_00013043,VEND_0045,ENT_UK,2023-03-19,2023-05-03,2023-05-09,GBP,857.33,142.89,714.44,Paid,Operations,Professional Services
ACCOUNTS_PAYABLE_00019364,duplicate_invoice,HIGH,invoice_id appears on more than one record,2026-09-14T18:02:42.816798+00:00,ACCOUNTS_PAYABLE_00019364,19363,APINV_00004943,VEND_0007,ENT_EU,2025-05-01,2025-06-15,2025-06-30,GBP,705.15,112.59,592.56,Paid,Sales,Insurance
ACCOUNTS_PAYABLE_00019365,duplicate_invoice,HIGH,invoice_id appears on more than one record,2026-09-14T18:02:42.816798+00:00,ACCOUNTS_PAYABLE_00019365,19364,APINV_00000174,VEND_0030,ENT_EU,2023-01-17,2023-03-03,2023-03-25,USD,26.63,4.25,22.38,Paid,Corporate,IT Infrastructure
ACCOUNTS_PAYABLE_00019366,duplicate_invoice,HIGH,invoice_id appears on more than one record,2026-09-14T18:02:42.816798+00:00,ACCOUNTS_PAYABLE_00019366,19365,APINV_00012126,VEND_0023,ENT_US,2025-10-16,2025-12-15,2025-12-21,USD,-1510.58,98.82,1411.76,Paid,Sales,Utilities
ACCOUNTS_PAYABLE_00019367,duplicate_invoice,HIGH,invoice_id appears on more than one record,2026-09-14T18:02:42.816798+00:00,ACCOUNTS_PAYABLE_00019367,19366,APINV_00003096,VEND_0012,ENT_EU,2024-06-06,2024-08-05,2024-08-17,EUR,181.03,28.9,152.13,Paid,R&D,Software Subscriptions
ACCOUNTS_PAYABLE_00019368,duplicate_invoice,HIGH,invoice_id appears on more than one record,2026-09-14T18:02:42.816798+00:00,ACCOUNTS_PAYABLE_00019368,19367,APINV_00017683,VEND_0045,ENT_UK,2025-06-10,2025-07-25,2025-07-28,GBP,1587.97,264.66,1323.31,Paid,Sales,Travel
ACCOUNTS_PAYABLE_00019369,duplicate_invoice,HIGH,invoice_id appears on more than one record,2026-09-14T18:02:42.816798+00:00,ACCOUNTS_PAYABLE_00019369,19368,APINV_00000938,VEND_0043,ENT_EU,2023-06-06,2023-07-21,2023-07-17,EUR,156.02,24.91,131.11,Paid,Operations,Insurance
ACCOUNTS_PAYABLE_00019370,duplicate_invoice,HIGH,invoice_id appears on more than one record,2026-09-14T18:02:42.816798+00:00,ACCOUNTS_PAYABLE_00019370,19369,APINV_00000785,VEND_0006,ENT_EU,2023-05-03,2023-07-02,2023-07-18,EUR,181.18,28.93,152.25,Paid,Marketing,Insurance
ACCOUNTS_PAYABLE_00019371,duplicate_invoice,HIGH,invoice_id appears on more than one record,2026-09-14T18:02:42.816798+00:00,ACCOUNTS_PAYABLE_00019371,19370,APINV_00008110,VEND_0025,ENT_US,2023-11-13,2023-12-28,2023-12-27,USD,314.31,20.56,293.75,Paid,Operations,Rent
ACCOUNTS_PAYABLE_00019372,duplicate_invoice,HIGH,invoice_id appears on more than one record,2026-09-14T18:02:42.816798+00:00,ACCOUNTS_PAYABLE_00019372,19371,APINV_00001002,VEND_0021,ENT_EU,2023-06-28,2023-08-12,2023-08-11,EUR,609.45,97.31,512.14,Paid,R&D,Insurance
ACCOUNTS_PAYABLE_00019373,duplicate_invoice,HIGH,invoice_id appears on more than one record,2026-09-14T18:02:42.816798+00:00,ACCOUNTS_PAYABLE_00019373,19372,APINV_00012211,VEND_0031,ENT_US,2025-10-28,2025-12-12,2025-12-25,EUR,916.86,59.98,856.88,Paid,R&D,Insurance
ACCOUNTS_PAYABLE_00019374,duplicate_invoice,HIGH,invoice_id appears on more than one record,2026-09-14T18:02:42.816798+00:00,ACCOUNTS_PAYABLE_00019374,19373,APINV_00006096,VEND_0012,ENT_EU,2025-11-10,2026-01-09,,EUR,346.33,55.3,291.03,Open,R&D,Marketing
ACCOUNTS_PAYABLE_00019375,duplicate_invoice,HIGH,invoice_id appears on more than one record,2026-09-14T18:02:42.816798+00:00,ACCOUNTS_PAYABLE_00019375,19374,APINV_00011316,VEND_0019,ENT_US,2025-05-14,2025-06-28,2025-07-01,USD,2137.49,139.84,1997.65,Paid,Marketing,Marketing
ACCOUNTS_PAYABLE_00019376,duplicate_invoice,HIGH,invoice_id appears on more than one record,2026-09-14T18:02:42.816798+00:00,ACCOUNTS_PAYABLE_00019376,19375,APINV_00012811,VEND_0013,ENT_UK,2023-01-05,2023-02-04,2023-02-03,GBP,85.63,14.27,71.36,Paid,Corporate,Travel
ACCOUNTS_PAYABLE_00019377,duplicate_invoice,HIGH,invoice_id appears on more than one record,2026-09-14T18:02:42.816798+00:00,ACCOUNTS_PAYABLE_00019377,19376,APINV_00000764,VEND_0027,ENT_EU,2023-05-26,2023-06-25,2023-06-20,EUR,91.98,14.69,77.29,Paid,Operations,Utilities
ACCOUNTS_PAYABLE_00019378,duplicate_invoice,HIGH,invoice_id appears on more than one record,2026-09-14T18:02:42.816798+00:00,ACCOUNTS_PAYABLE_00019378,19377,APINV_00004011,VEND_0006,ENT_EU,2024-11-05,2025-01-04,2025-01-03,EUR,468.53,74.81,393.72,Paid,R&D,Software Subscriptions
ACCOUNTS_PAYABLE_00019379,duplicate_invoice,HIGH,invoice_id appears on more than one record,2026-09-14T18:02:42.816798+00:00,ACCOUNTS_PAYABLE_00019379,19378,APINV_00000784,VEND_0012,ENT_EU,2023-05-03,2023-07-02,2023-06-30,EUR,770.92,123.09,647.83,Paid,Marketing,Rent
ACCOUNTS_PAYABLE_00019380,duplicate_invoice,HIGH,invoice_id appears on more than one record,2026-09-14T18:02:42.816798+00:00,ACCOUNTS_PAYABLE_00019380,19379,APINV_00010788,VEND_0019,ENT_US,2025-02-24,2025-04-10,2025-04-13,USD,145.48,9.52,135.96,Paid,Marketing,IT Infrastructure
ACCOUNTS_PAYABLE_00019381,duplicate_invoice,HIGH,invoice_id appears on more than one record,2026-09-14T18:02:42.816798+00:00,ACCOUNTS_PAYABLE_00019381,19380,APINV_00008723,VEND_0004,ENT_US,2024-02-26,2024-04-11,2024-04-15,USD,32.27,2.11,30.16,Paid,R&D,Sales Commissions
ACCOUNTS_PAYABLE_00019382,duplicate_invoice,HIGH,invoice_id appears on more than one record,2026-09-14T18:02:42.816798+00:00,ACCOUNTS_PAYABLE_00019382,19381,APINV_INV_00000205,VEND_0043,ENT_EU,2025-11-03,2025-12-18,2025-12-09,EUR,141883.19,22653.62,119229.57,Paid,,Raw Materials
ACCOUNTS_PAYABLE_00019383,duplicate_invoice,HIGH,invoice_id appears on more than one record,2026-09-14T18:02:42.816798+00:00,ACCOUNTS_PAYABLE_00019383,19382,APINV_00007592,VEND_0001,ENT_US,2023-08-10,2023-09-24,2023-09-26,EUR,605.12,39.59,565.53,Paid,Operations,Software Subscriptions
ACCOUNTS_PAYABLE_00019384,duplicate_invoice,HIGH,invoice_id appears on more than one record,2026-09-14T18:02:42.816798+00:00,ACCOUNTS_PAYABLE_00019384,19383,APINV_00006600,VEND_0009,ENT_US,2023-02-22,2023-03-09,2023-02-28,USD,693.83,45.39,648.44,Paid,R&D,Insurance
ACCOUNTS_PAYABLE_00019385,duplicate_invoice,HIGH,invoice_id appears on more than one record,2026-09-14T18:02:42.816798+00:00,ACCOUNTS_PAYABLE_00019385,19384,APINV_00016827,VEND_0002,ENT_UK,2025-01-11,2025-02-10,2025-02-23,GBP,205.82,34.3,171.52,Paid,Operations,Utilities
ACCOUNTS_PAYABLE_00019386,duplicate_invoice,HIGH,invoice_id appears on more than one record,2026-09-14T18:02:42.816798+00:00,ACCOUNTS_PAYABLE_00019386,19385,APINV_00006271,VEND_0007,ENT_EU,2025-12-10,2026-01-24,,GBP,129.31,20.65,108.66,Open,R&D,Logistics
ACCOUNTS_PAYABLE_00019387,duplicate_invoice,HIGH,invoice_id appears on more than one record,2026-09-14T18:02:42.816798+00:00,ACCOUNTS_PAYABLE_00019387,19386,APINV_00008428,VEND_0039,ENT_US,2024-01-23,2024-02-22,2024-02-25,USD,377.74,24.71,353.03,Paid,,Utilities
ACCOUNTS_PAYABLE_00019388,duplicate_invoice,HIGH,invoice_id appears on more than one record,2026-09-14T18:02:42.816798+00:00,ACCOUNTS_PAYABLE_00019388,19387,APINV_00002027,VEND_0021,ENT_EU,2023-12-03,2024-01-17,2024-01-26,EUR,271.76,43.39,228.37,Paid,Marketing,Professional Services
ACCOUNTS_PAYABLE_00019389,duplicate_invoice,HIGH,invoice_id appears on more than one record,2026-09-14T18:02:42.816798+00:00,ACCOUNTS_PAYABLE_00019389,19388,APINV_00001471,VEND_0030,ENT_EU,2023-09-06,2023-10-21,2023-10-14,USD,382.63,61.09,321.54,Paid,Marketing,Insurance
ACCOUNTS_PAYABLE_00019390,duplicate_invoice,HIGH,invoice_id appears on more than one record,2026-09-14T18:02:42.816798+00:00,ACCOUNTS_PAYABLE_00019390,19389,APINV_00009132,VEND_0009,ENT_US,2024-05-28,2024-06-12,2024-06-11,USD,1340.06,87.67,1252.39,Paid,Operations,Rent
ACCOUNTS_PAYABLE_00019391,duplicate_invoice,HIGH,invoice_id appears on more than one record,2026-09-14T18:02:42.816798+00:00,ACCOUNTS_PAYABLE_00019391,19390,APINV_00015291,VEND_0015,ENT_UK,2024-04-05,2024-05-05,2024-05-05,GBP,298.1,49.68,248.42,Paid,,Professional Services
ACCOUNTS_PAYABLE_00019392,duplicate_invoice,HIGH,invoice_id appears on more than one record,2026-09-14T18:02:42.816798+00:00,ACCOUNTS_PAYABLE_00019392,19391,APINV_00012189,VEND_0039,ENT_US,2025-10-23,2025-11-22,2025-11-24,USD,256.7,16.79,239.91,Paid,Marketing,Utilities
ACCOUNTS_PAYABLE_00019393,duplicate_invoice,HIGH,invoice_id appears on more than one record,2026-09-14T18:02:42.816798+00:00,ACCOUNTS_PAYABLE_00019393,19392,APINV_00003161,VEND_0012,ENT_EU,2024-07-12,2024-09-10,2024-09-09,EUR,2047.41,326.9,1720.51,Paid,Sales,Rent
ACCOUNTS_PAYABLE_00019394,duplicate_invoice,HIGH,invoice_id appears on more than one record,2026-09-14T18:02:42.816798+00:00,ACCOUNTS_PAYABLE_00019394,19393,APINV_00016371,VEND_0038,ENT_UK,2024-10-07,2024-11-06,2024-11-15,GBP,136.32,22.72,113.6,Paid,R&D,Logistics
ACCOUNTS_PAYABLE_00019395,duplicate_invoice,HIGH,invoice_id appears on more than one record,2026-09-14T18:02:42.816798+00:00,ACCOUNTS_PAYABLE_00019395,19394,APINV_00004730,VEND_0043,ENT_EU,2025-03-21,2025-05-05,2025-05-12,CHF,41.64,6.65,34.99,Paid,R&D,IT Infrastructure
ACCOUNTS_PAYABLE_00019396,duplicate_invoice,HIGH,invoice_id appears on more than one record,2026-09-14T18:02:42.816798+00:00,ACCOUNTS_PAYABLE_00019396,19395,APINV_00016388,VEND_0045,ENT_UK,2024-10-13,2024-11-27,2024-12-11,GBP,860.6,143.43,717.17,Paid,Corporate,
ACCOUNTS_PAYABLE_00019397,duplicate_invoice,HIGH,invoice_id appears on more than one record,2026-09-14T18:02:42.816798+00:00,ACCOUNTS_PAYABLE_00019397,19396,APINV_00011426,VEND_0040,ENT_US,2025-06-30,2025-08-14,2025-08-29,USD,863.19,56.47,806.72,Paid,Sales,Travel
ACCOUNTS_PAYABLE_00019398,duplicate_invoice,HIGH,invoice_id appears on more than one record,2026-09-14T18:02:42.816798+00:00,ACCOUNTS_PAYABLE_00019398,19397,APINV_00018855,VEND_0022,ENT_UK,2025-12-07,2026-01-06,,GBP,157.31,26.22,131.09,Open,Corporate,Professional Services
ACCOUNTS_PAYABLE_00019399,duplicate_invoice,HIGH,invoice_id appears on more than one record,2026-09-14T18:02:42.816798+00:00,ACCOUNTS_PAYABLE_00019399,19398,APINV_00000810,VEND_0027,ENT_EU,2023-05-24,2023-06-23,2023-06-28,EUR,1816.11,289.97,1526.14,Paid,Marketing,Logistics
ACCOUNTS_PAYABLE_00019400,duplicate_invoice,HIGH,invoice_id appears on more than one record,2026-09-14T18:02:42.816798+00:00,ACCOUNTS_PAYABLE_00019400,19399,APINV_00016925,VEND_0003,ENT_UK,2025-01-25,2025-03-26,2025-03-27,GBP,485.59,80.93,404.66,Paid,Corporate,Professional Services
ACCOUNTS_PAYABLE_00019401,duplicate_invoice,HIGH,invoice_id appears on more than one record,2026-09-14T18:02:42.816798+00:00,ACCOUNTS_PAYABLE_00019401,19400,APINV_00017831,VEND_0020,ENT_UK,2025-07-07,2025-08-06,2025-08-05,GBP,68.78,11.46,57.32,Paid,Sales,Insurance
ACCOUNTS_PAYABLE_00019402,duplicate_invoice,HIGH,invoice_id appears on more than one record,2026-09-14T18:02:42.816798+00:00,ACCOUNTS_PAYABLE_00019402,19401,APINV_00006991,VEND_0042,ENT_US,2023-04-29,2023-06-13,2023-06-10,USD,825.1,53.98,771.12,Paid,Corporate,Rent
ACCOUNTS_PAYABLE_00019403,duplicate_invoice,HIGH,invoice_id appears on more than one record,2026-09-14T18:02:42.816798+00:00,ACCOUNTS_PAYABLE_00019403,19402,APINV_00004421,VEND_0012,ENT_EU,2025-01-21,2025-03-22,2025-03-25,EUR,48.39,7.73,40.66,Paid,Corporate,IT Infrastructure
ACCOUNTS_PAYABLE_00019404,duplicate_invoice,HIGH,invoice_id appears on more than one record,2026-09-14T18:02:42.816798+00:00,ACCOUNTS_PAYABLE_00019404,19403,APINV_00015453,VEND_0022,ENT_UK,2024-05-19,2024-06-18,2024-06-06,GBP,424.84,70.81,354.03,Paid,Operations,IT Infrastructure
ACCOUNTS_PAYABLE_00019405,duplicate_invoice,HIGH,invoice_id appears on more than one record,2026-09-14T18:02:42.816798+00:00,ACCOUNTS_PAYABLE_00019405,19404,APINV_00002311,VEND_0037,ENT_EU,2024-02-14,2024-02-29,2024-02-28,EUR,569.71,90.96,478.75,Paid,Sales,Software Subscriptions
ACCOUNTS_PAYABLE_00019406,duplicate_invoice,HIGH,invoice_id appears on more than one record,2026-09-14T18:02:42.816798+00:00,ACCOUNTS_PAYABLE_00019406,19405,APINV_00000157,VEND_0030,ENT_EU,2023-01-25,2023-03-11,2023-03-20,USD,547.73,87.45,460.28,Paid,Corporate,Marketing
ACCOUNTS_PAYABLE_00019407,duplicate_invoice,HIGH,invoice_id appears on more than one record,2026-09-14T18:02:42.816798+00:00,ACCOUNTS_PAYABLE_00019407,19406,APINV_00002671,VEND_0027,ENT_EU,2024-04-29,2024-05-29,2024-05-28,EUR,594.63,94.94,499.69,Paid,Sales,Utilities
ACCOUNTS_PAYABLE_00019408,duplicate_invoice,HIGH,invoice_id appears on more than one record,2026-09-14T18:02:42.816798+00:00,ACCOUNTS_PAYABLE_00019408,19407,APINV_00001136,VEND_0027,ENT_EU,2023-07-09,2023-08-08,2023-08-09,EUR,108.14,17.27,90.87,Paid,Marketing,Software Subscriptions
ACCOUNTS_PAYABLE_00019409,duplicate_invoice,HIGH,invoice_id appears on more than one record,2026-09-14T18:02:42.816798+00:00,ACCOUNTS_PAYABLE_00019409,19408,APINV_00002259,VEND_0012,ENT_EU,2024-01-25,2024-03-25,2024-03-15,EUR,49.74,7.94,41.8,Paid,R&D,Sales Commissions
ACCOUNTS_PAYABLE_00019410,duplicate_invoice,HIGH,invoice_id appears on more than one record,2026-09-14T18:02:42.816798+00:00,ACCOUNTS_PAYABLE_00019410,19409,APINV_00011265,VEND_0039,ENT_US,2025-05-24,2025-06-23,2025-07-05,USD,878.72,57.49,821.23,Paid,Operations,Rent
ACCOUNTS_PAYABLE_00019411,duplicate_invoice,HIGH,invoice_id appears on more than one record,2026-09-14T18:02:42.816798+00:00,ACCOUNTS_PAYABLE_00019411,19410,APINV_00012943,VEND_0002,ENT_UK,2023-02-03,2023-03-05,2023-03-05,GBP,159.56,26.59,132.97,Paid,R&D,Utilities
ACCOUNTS_PAYABLE_00019412,duplicate_invoice,HIGH,invoice_id appears on more than one record,2026-09-14T18:02:42.816798+00:00,ACCOUNTS_PAYABLE_00019412,19411,APINV_INV_00000349,VEND_0001,ENT_US,2024-11-03,2024-12-18,2024-12-22,EUR,151832.54,9932.97,141899.57,Paid,Sales,Raw Materials
ACCOUNTS_PAYABLE_00019413,duplicate_invoice,HIGH,invoice_id appears on more than one record,2026-09-14T18:02:42.816798+00:00,ACCOUNTS_PAYABLE_00019413,19412,APINV_00002774,VEND_0043,ENT_EU,2024-04-29,2024-06-13,2024-06-15,EUR,383.64,61.25,322.39,Paid,R&D,
ACCOUNTS_PAYABLE_00019414,duplicate_invoice,HIGH,invoice_id appears on more than one record,2026-09-14T18:02:42.816798+00:00,ACCOUNTS_PAYABLE_00019414,19413,APINV_00006268,VEND_0028,ENT_EU,2025-12-04,2025-12-19,2025-12-07,EUR,213.38,34.07,179.31,Paid,R&D,Marketing
ACCOUNTS_PAYABLE_00019415,duplicate_invoice,HIGH,invoice_id appears on more than one record,2026-09-14T18:02:42.816798+00:00,ACCOUNTS_PAYABLE_00019415,19414,APINV_00016350,VEND_0035,ENT_UK,2024-10-06,2024-11-05,2024-11-06,GBP,256.02,42.67,213.35,Paid,R&D,Insurance
ACCOUNTS_PAYABLE_00019416,duplicate_invoice,HIGH,invoice_id appears on more than one record,2026-09-14T18:02:42.816798+00:00,ACCOUNTS_PAYABLE_00019416,19415,APINV_00002460,VEND_0043,ENT_EU,2024-02-14,2024-03-30,2024-04-05,EUR,1032.97,164.93,868.04,Paid,Corporate,Software Subscriptions
ACCOUNTS_PAYABLE_00019417,duplicate_invoice,HIGH,invoice_id appears on more than one record,2026-09-14T18:02:42.816798+00:00,ACCOUNTS_PAYABLE_00019417,19416,APINV_00012408,VEND_0019,ENT_US,2025-11-06,2025-12-21,2025-12-18,USD,36.63,2.4,34.23,Paid,R&D,Sales Commissions
ACCOUNTS_PAYABLE_00019418,duplicate_invoice,HIGH,invoice_id appears on more than one record,2026-09-14T18:02:42.816798+00:00,ACCOUNTS_PAYABLE_00019418,19417,APINV_00001644,VEND_0012,ENT_EU,2023-10-26,2023-12-25,2024-01-09,EUR,430.29,68.7,361.59,Paid,Operations,Travel
ACCOUNTS_PAYABLE_00019419,duplicate_invoice,HIGH,invoice_id appears on more than one record,2026-09-14T18:02:42.816798+00:00,ACCOUNTS_PAYABLE_00019419,19418,APINV_00018736,VEND_0045,ENT_UK,2025-12-02,2026-01-16,,GBP,210.8,35.13,175.67,Open,Sales,Travel
ACCOUNTS_PAYABLE_00019420,duplicate_invoice,HIGH,invoice_id appears on more than one record,2026-09-14T18:02:42.816798+00:00,ACCOUNTS_PAYABLE_00019420,19419,APINV_00012701,VEND_0015,ENT_UK,2023-01-05,2023-02-04,2023-02-15,GBP,460.86,76.81,384.05,Paid,Operations,
ACCOUNTS_PAYABLE_00019421,duplicate_invoice,HIGH,invoice_id appears on more than one record,2026-09-14T18:02:42.816798+00:00,ACCOUNTS_PAYABLE_00019421,19420,APINV_00010326,VEND_0040,ENT_US,2024-12-17,2025-01-31,2025-02-13,USD,913.65,,853.88,Paid,Sales,
ACCOUNTS_PAYABLE_00019422,duplicate_invoice,HIGH,invoice_id appears on more than one record,2026-09-14T18:02:42.816798+00:00,ACCOUNTS_PAYABLE_00019422,19421,APINV_00004522,VEND_0021,ENT_EU,2025-02-05,2025-03-22,2025-03-22,EUR,1251.34,199.79,1051.55,Paid,Marketing,
ACCOUNTS_PAYABLE_00019423,duplicate_invoice,HIGH,invoice_id appears on more than one record,2026-09-14T18:02:42.816798+00:00,ACCOUNTS_PAYABLE_00019423,19422,APINV_00015448,VEND_0003,ENT_UK,2024-05-29,2024-07-28,2024-08-04,GBP,3091.5,515.25,2576.25,Paid,Operations,Sales Commissions
ACCOUNTS_PAYABLE_00019424,duplicate_invoice,HIGH,invoice_id appears on more than one record,2026-09-14T18:02:42.816798+00:00,ACCOUNTS_PAYABLE_00019424,19423,APINV_00000193,VEND_0007,ENT_EU,2023-02-07,2023-03-24,2023-04-01,GBP,5434.75,867.73,4567.02,Paid,Sales,Marketing
ACCOUNTS_PAYABLE_00019425,duplicate_invoice,HIGH,invoice_id appears on more than one record,2026-09-14T18:02:42.816798+00:00,ACCOUNTS_PAYABLE_00019425,19424,APINV_00010062,VEND_0018,ENT_US,2024-10-22,2024-11-06,2024-11-10,EUR,616.87,40.36,576.51,Paid,Marketing,Utilities
ACCOUNTS_PAYABLE_00019426,duplicate_invoice,HIGH,invoice_id appears on more than one record,2026-09-14T18:02:42.816798+00:00,ACCOUNTS_PAYABLE_00019426,19425,APINV_00008361,VEND_0036,ENT_US,2023-12-22,2024-01-21,2024-01-27,USD,247.47,16.19,231.28,Paid,R&D,Marketing
ACCOUNTS_PAYABLE_00019427,duplicate_invoice,HIGH,invoice_id appears on more than one record,2026-09-14T18:02:42.816798+00:00,ACCOUNTS_PAYABLE_00019427,19426,APINV_00018598,VEND_0017,ENT_UK,2025-11-06,2025-12-06,2025-12-01,USD,112.64,18.77,93.87,Paid,Marketing,Insurance
ACCOUNTS_PAYABLE_00019428,duplicate_invoice,HIGH,invoice_id appears on more than one record,2026-09-14T18:02:42.816798+00:00,ACCOUNTS_PAYABLE_00019428,19427,APINV_00013531,VEND_0002,ENT_UK,2023-05-01,2023-05-31,2023-05-29,GBP,131.88,21.98,109.9,Paid,Corporate,Travel
ACCOUNTS_PAYABLE_00019429,duplicate_invoice,HIGH,invoice_id appears on more than one record,2026-09-14T18:02:42.816798+00:00,ACCOUNTS_PAYABLE_00019429,19428,APINV_00002412,VEND_0028,ENT_EU,2024-02-26,2024-03-12,2024-03-20,EUR,110.37,,92.75,Paid,Marketing,IT Infrastructure
ACCOUNTS_PAYABLE_00019430,duplicate_invoice,HIGH,invoice_id appears on more than one record,2026-09-14T18:02:42.816798+00:00,ACCOUNTS_PAYABLE_00019430,19429,APINV_00003297,VEND_0014,ENT_EU,2024-07-23,2024-09-06,2024-09-04,EUR,333.12,53.19,279.93,Paid,R&D,Marketing
ACCOUNTS_PAYABLE_00019431,duplicate_invoice,HIGH,invoice_id appears on more than one record,2026-09-14T18:02:42.816798+00:00,ACCOUNTS_PAYABLE_00019431,19430,APINV_INV_00000040,VEND_0043,ENT_EU,2023-07-07,2023-08-21,2023-08-21,EUR,38479.54,6143.79,32335.75,Paid,Operations,Raw Materials
ACCOUNTS_PAYABLE_00019432,duplicate_invoice,HIGH,invoice_id appears on more than one record,2026-09-14T18:02:42.816798+00:00,ACCOUNTS_PAYABLE_00019432,19431,APINV_00017813,VEND_0011,ENT_UK,2025-06-07,2025-07-07,2025-07-08,GBP,120.36,20.06,100.3,Paid,Corporate,Marketing
ACCOUNTS_PAYABLE_00019433,duplicate_invoice,HIGH,invoice_id appears on more than one record,2026-09-14T18:02:42.816798+00:00,ACCOUNTS_PAYABLE_00019433,19432,APINV_00015672,VEND_0011,ENT_UK,2024-06-07,2024-07-07,2024-07-10,GBP,60.05,10.01,50.04,Paid,R&D,Marketing
ACCOUNTS_PAYABLE_00019434,duplicate_invoice,HIGH,invoice_id appears on more than one record,2026-09-14T18:02:42.816798+00:00,ACCOUNTS_PAYABLE_00019434,19433,APINV_00008141,VEND_0034,ENT_US,2023-11-07,2023-12-07,2023-12-05,USD,383.98,25.12,358.86,Paid,Marketing,Insurance
ACCOUNTS_PAYABLE_00019435,duplicate_invoice,HIGH,invoice_id appears on more than one record,2026-09-14T18:02:42.816798+00:00,ACCOUNTS_PAYABLE_00019435,19434,APINV_00001728,VEND_0010,ENT_EU,2023-10-23,2023-11-22,2023-11-23,EUR,1315.45,210.03,1105.42,Paid,Corporate,Rent
ACCOUNTS_PAYABLE_00019436,duplicate_invoice,HIGH,invoice_id appears on more than one record,2026-09-14T18:02:42.816798+00:00,ACCOUNTS_PAYABLE_00019436,19435,APINV_00014743,VEND_0022,ENT_UK,2024-01-29,2024-02-28,2024-02-26,GBP,246.8,41.13,205.67,Paid,Operations,Insurance
ACCOUNTS_PAYABLE_00019437,duplicate_invoice,HIGH,invoice_id appears on more than one record,2026-09-14T18:02:42.816798+00:00,ACCOUNTS_PAYABLE_00019437,19436,APINV_00001930,VEND_0037,ENT_EU,2023-11-11,2023-11-26,2023-12-08,EUR,112.55,17.97,94.58,Paid,Corporate,Logistics
ACCOUNTS_PAYABLE_00019438,duplicate_invoice,HIGH,invoice_id appears on more than one record,2026-09-14T18:02:42.816798+00:00,ACCOUNTS_PAYABLE_00019438,19437,APINV_00017339,VEND_0003,ENT_UK,2025-04-09,2025-06-08,2025-06-16,GBP,198.65,33.11,165.54,Paid,Operations,
ACCOUNTS_PAYABLE_00019439,duplicate_invoice,HIGH,invoice_id appears on more than one record,2026-09-14T18:02:42.816798+00:00,ACCOUNTS_PAYABLE_00019439,19438,APINV_00009174,VEND_0040,ENT_US,2024-05-28,2024-07-12,2024-07-10,USD,198.7,,185.7,Paid,Marketing,Software Subscriptions
ACCOUNTS_PAYABLE_00019440,duplicate_invoice,HIGH,invoice_id appears on more than one record,2026-09-14T18:02:42.816798+00:00,ACCOUNTS_PAYABLE_00019440,19439,APINV_00008213,VEND_0019,ENT_US,2023-11-08,2023-12-23,2024-01-02,USD,870.72,56.96,813.76,Paid,Corporate,Software Subscriptions
ACCOUNTS_PAYABLE_00019441,duplicate_invoice,HIGH,invoice_id appears on more than one record,2026-09-14T18:02:42.816798+00:00,ACCOUNTS_PAYABLE_00019441,19440,APINV_00016164,VEND_0032,ENT_UK,2024-09-04,2024-11-03,2024-11-08,GBP,59.75,,49.79,Paid,Marketing,IT Infrastructure
ACCOUNTS_PAYABLE_00019442,duplicate_invoice,HIGH,invoice_id appears on more than one record,2026-09-14T18:02:42.816798+00:00,ACCOUNTS_PAYABLE_00019442,19441,APINV_00013469,VEND_0035,ENT_UK,2023-05-18,2023-06-17,2023-06-13,GBP,347.03,57.84,289.19,Paid,R&D,Insurance
ACCOUNTS_PAYABLE_00019443,duplicate_invoice,HIGH,invoice_id appears on more than one record,2026-09-14T18:02:42.816798+00:00,ACCOUNTS_PAYABLE_00019443,19442,APINV_00010865,VEND_0024,ENT_US,2025-03-09,2025-05-08,2025-05-20,USD,731.71,47.87,683.84,Paid,Sales,Rent
ACCOUNTS_PAYABLE_00019444,duplicate_invoice,HIGH,invoice_id appears on more than one record,2026-09-14T18:02:42.816798+00:00,ACCOUNTS_PAYABLE_00019444,19443,APINV_00003023,VEND_0037,ENT_EU,2024-06-24,2024-07-09,2024-07-05,EUR,299.59,47.83,251.76,Paid,Sales,IT Infrastructure
ACCOUNTS_PAYABLE_00019445,duplicate_invoice,HIGH,invoice_id appears on more than one record,2026-09-14T18:02:42.816798+00:00,ACCOUNTS_PAYABLE_00019445,19444,APINV_00012549,VEND_0004,ENT_US,2025-12-02,2026-01-16,,USD,1325.11,86.69,1238.42,Open,Marketing,Logistics
ACCOUNTS_PAYABLE_00019446,duplicate_invoice,HIGH,invoice_id appears on more than one record,2026-09-14T18:02:42.816798+00:00,ACCOUNTS_PAYABLE_00019446,19445,APINV_00013334,VEND_0011,ENT_UK,2023-04-24,2023-05-24,2023-05-26,GBP,246.73,41.12,205.61,Paid,Corporate,Marketing
ACCOUNTS_PAYABLE_00019447,duplicate_invoice,HIGH,invoice_id appears on more than one record,2026-09-14T18:02:42.816798+00:00,ACCOUNTS_PAYABLE_00019447,19446,APINV_00009728,VEND_0039,ENT_US,2024-08-15,2024-09-14,2024-09-15,USD,344.69,22.55,322.14,Paid,R&D,Utilities
ACCOUNTS_PAYABLE_00019448,duplicate_invoice,HIGH,invoice_id appears on more than one record,2026-09-14T18:02:42.816798+00:00,ACCOUNTS_PAYABLE_00019448,19447,APINV_00007359,VEND_0034,ENT_US,2023-06-25,2023-07-25,2023-07-26,USD,906.43,59.3,847.13,Paid,Corporate,Professional Services
ACCOUNTS_PAYABLE_00019449,duplicate_invoice,HIGH,invoice_id appears on more than one record,2026-09-14T18:02:42.816798+00:00,ACCOUNTS_PAYABLE_00019449,19448,APINV_00006340,VEND_0004,ENT_US,2023-01-06,2023-02-20,2023-03-06,USD,588.57,38.5,550.07,Paid,Sales,Utilities
ACCOUNTS_PAYABLE_00019450,duplicate_invoice,HIGH,invoice_id appears on more than one record,2026-09-14T18:02:42.816798+00:00,ACCOUNTS_PAYABLE_00019450,19449,APINV_00008475,VEND_0040,ENT_US,2024-01-28,2024-03-13,2024-03-25,USD,337.64,22.09,315.55,Paid,Operations,Marketing
ACCOUNTS_PAYABLE_00019451,duplicate_invoice,HIGH,invoice_id appears on more than one record,2026-09-14T18:02:42.816798+00:00,ACCOUNTS_PAYABLE_00019451,19450,APINV_00016167,VEND_0003,ENT_UK,2024-09-06,2024-11-05,2024-11-04,GBP,180.55,30.09,150.46,Paid,Marketing,IT Infrastructure
ACCOUNTS_PAYABLE_00019452,duplicate_invoice,HIGH,invoice_id appears on more than one record,2026-09-14T18:02:42.816798+00:00,ACCOUNTS_PAYABLE_00019452,19451,APINV_00010122,VEND_0031,ENT_US,2024-10-14,2024-11-28,2024-11-29,EUR,315.08,20.61,294.47,Paid,Corporate,Software Subscriptions
ACCOUNTS_PAYABLE_00019453,duplicate_invoice,HIGH,invoice_id appears on more than one record,2026-09-14T18:02:42.816798+00:00,ACCOUNTS_PAYABLE_00019453,19452,APINV_00018287,VEND_0003,ENT_UK,2025-09-05,2025-11-04,2025-11-11,GBP,609.41,101.57,507.84,Paid,R&D,Professional Services
ACCOUNTS_PAYABLE_00019454,duplicate_invoice,HIGH,invoice_id appears on more than one record,2026-09-14T18:02:42.816798+00:00,ACCOUNTS_PAYABLE_00019454,19453,APINV_00006536,VEND_0019,ENT_US,2023-02-06,2023-03-23,2023-03-24,USD,834.4,54.59,779.81,Paid,Operations,Software Subscriptions
ACCOUNTS_PAYABLE_00019455,duplicate_invoice,HIGH,invoice_id appears on more than one record,2026-09-14T18:02:42.816798+00:00,ACCOUNTS_PAYABLE_00019455,19454,APINV_00016747,VEND_0020,ENT_UK,2024-12-29,2025-01-28,2025-02-11,GBP,704.57,117.43,587.14,Paid,Corporate,Software Subscriptions
ACCOUNTS_PAYABLE_00019456,duplicate_invoice,HIGH,invoice_id appears on more than one record,2026-09-14T18:02:42.816798+00:00,ACCOUNTS_PAYABLE_00019456,19455,APINV_00014187,VEND_0011,ENT_UK,2023-09-06,2023-10-06,2023-10-15,GBP,1335.28,222.55,1112.73,Paid,Corporate,Rent
ACCOUNTS_PAYABLE_00019457,duplicate_invoice,HIGH,invoice_id appears on more than one record,2026-09-14T18:02:42.816798+00:00,ACCOUNTS_PAYABLE_00019457,19456,APINV_00003277,VEND_0012,ENT_EU,2024-07-17,2024-09-15,2024-08-28,EUR,1044.87,166.83,878.04,Paid,R&D,Rent
ACCOUNTS_PAYABLE_00019458,duplicate_invoice,HIGH,invoice_id appears on more than one record,2026-09-14T18:02:42.816798+00:00,ACCOUNTS_PAYABLE_00019458,19457,APINV_00002808,VEND_0030,ENT_EU,2024-04-12,2024-05-27,2024-05-30,USD,155.44,24.82,130.62,Paid,Corporate,Marketing
ACCOUNTS_PAYABLE_00019459,duplicate_invoice,HIGH,invoice_id appears on more than one record,2026-09-14T18:02:42.816798+00:00,ACCOUNTS_PAYABLE_00019459,19458,APINV_00017832,VEND_0017,ENT_UK,2025-07-06,2025-08-05,2025-07-30,USD,389.03,64.84,324.19,Paid,Sales,Insurance
ACCOUNTS_PAYABLE_00019460,duplicate_invoice,HIGH,invoice_id appears on more than one record,2026-09-14T18:02:42.816798+00:00,ACCOUNTS_PAYABLE_00019460,19459,APINV_00012957,VEND_0016,ENT_UK,2023-02-17,2023-03-19,2023-03-28,GBP,49.94,8.32,41.62,Paid,R&D,Travel
ACCOUNTS_PAYABLE_00019461,duplicate_invoice,HIGH,invoice_id appears on more than one record,2026-09-14T18:02:42.816798+00:00,ACCOUNTS_PAYABLE_00019461,19460,APINV_00016922,VEND_0013,ENT_UK,2025-01-27,2025-02-26,2025-02-20,GBP,467.84,77.97,389.87,Paid,Corporate,Software Subscriptions
ACCOUNTS_PAYABLE_00019462,duplicate_invoice,HIGH,invoice_id appears on more than one record,2026-09-14T18:02:42.816798+00:00,ACCOUNTS_PAYABLE_00019462,19461,APINV_00011872,VEND_0009,ENT_US,2025-08-24,2025-09-08,2025-09-08,USD,374.29,24.49,349.8,Paid,Marketing,IT Infrastructure
ACCOUNTS_PAYABLE_00019463,duplicate_invoice,HIGH,invoice_id appears on more than one record,2026-09-14T18:02:42.816798+00:00,ACCOUNTS_PAYABLE_00019463,19462,APINV_00003192,VEND_0014,ENT_EU,2024-07-10,2024-08-24,2024-08-24,EUR,212.77,33.97,178.8,Paid,Sales,IT Infrastructure
ACCOUNTS_PAYABLE_00019464,duplicate_invoice,HIGH,invoice_id appears on more than one record,2026-09-14T18:02:42.816798+00:00,ACCOUNTS_PAYABLE_00019464,19463,APINV_00006866,VEND_0024,ENT_US,2023-04-12,2023-06-11,2023-06-20,USD,615.14,40.24,574.9,Paid,Sales,
ACCOUNTS_PAYABLE_00019465,duplicate_invoice,HIGH,invoice_id appears on more than one record,2026-09-14T18:02:42.816798+00:00,ACCOUNTS_PAYABLE_00019465,19464,APINV_00006415,VEND_0018,ENT_US,2023-01-14,2023-01-29,2023-02-08,EUR,985.89,64.5,921.39,Paid,Marketing,Marketing
ACCOUNTS_PAYABLE_00019466,duplicate_invoice,HIGH,invoice_id appears on more than one record,2026-09-14T18:02:42.816798+00:00,ACCOUNTS_PAYABLE_00019466,19465,APINV_00014649,VEND_0011,ENT_UK,2023-12-03,2024-01-02,2024-01-23,GBP,538.61,89.77,448.84,Paid,R&D,Professional Services
ACCOUNTS_PAYABLE_00019467,duplicate_invoice,HIGH,invoice_id appears on more than one record,2026-09-14T18:02:42.816798+00:00,ACCOUNTS_PAYABLE_00019467,19466,APINV_00002085,VEND_0029,ENT_EU,2023-12-30,2024-01-29,2024-02-08,EUR,1057.23,168.8,888.43,Paid,Corporate,Rent
ACCOUNTS_PAYABLE_00019468,duplicate_invoice,HIGH,invoice_id appears on more than one record,2026-09-14T18:02:42.816798+00:00,ACCOUNTS_PAYABLE_00019468,19467,APINV_00008286,VEND_0026,ENT_US,2023-12-25,2024-01-24,2024-01-31,USD,515.84,33.75,482.09,Paid,Operations,Utilities
ACCOUNTS_PAYABLE_00019469,duplicate_invoice,HIGH,invoice_id appears on more than one record,2026-09-14T18:02:42.816798+00:00,ACCOUNTS_PAYABLE_00019469,19468,APINV_00010311,VEND_0039,ENT_US,2024-11-15,2024-12-15,2024-12-05,USD,50.08,,46.8,Paid,Corporate,Sales Commissions
ACCOUNTS_PAYABLE_00019470,duplicate_invoice,HIGH,invoice_id appears on more than one record,2026-09-14T18:02:42.816798+00:00,ACCOUNTS_PAYABLE_00019470,19469,APINV_00002883,VEND_0029,ENT_EU,2024-05-27,2024-06-26,2024-06-28,EUR,1078.58,172.21,906.37,Paid,Operations,IT Infrastructure
ACCOUNTS_PAYABLE_00019471,duplicate_invoice,HIGH,invoice_id appears on more than one record,2026-09-14T18:02:42.816798+00:00,ACCOUNTS_PAYABLE_00019471,19470,APINV_00010753,VEND_0001,ENT_US,2025-02-24,2025-04-10,2025-04-08,EUR,279.81,18.31,261.5,Paid,Marketing,Rent
ACCOUNTS_PAYABLE_00019472,duplicate_invoice,HIGH,invoice_id appears on more than one record,2026-09-14T18:02:42.816798+00:00,ACCOUNTS_PAYABLE_00019472,19471,APINV_00002690,VEND_0007,ENT_EU,2024-04-11,2024-05-26,2024-05-23,GBP,898.88,143.52,755.36,Paid,Operations,Rent
ACCOUNTS_PAYABLE_00019473,duplicate_invoice,HIGH,invoice_id appears on more than one record,2026-09-14T18:02:42.816798+00:00,ACCOUNTS_PAYABLE_00019473,19472,APINV_00011477,VEND_0036,ENT_US,2025-06-12,2025-07-12,2025-06-30,USD,328.46,21.49,306.97,Paid,Marketing,
ACCOUNTS_PAYABLE_00019474,duplicate_invoice,HIGH,invoice_id appears on more than one record,2026-09-14T18:02:42.816798+00:00,ACCOUNTS_PAYABLE_00019474,19473,APINV_00014325,VEND_0045,ENT_UK,2023-10-29,2023-12-13,2023-12-24,GBP,238.94,39.82,199.12,Paid,R&D,Marketing
ACCOUNTS_PAYABLE_00019475,duplicate_invoice,HIGH,invoice_id appears on more than one record,2026-09-14T18:02:42.816798+00:00,ACCOUNTS_PAYABLE_00019475,19474,APINV_00013386,VEND_0045,ENT_UK,2023-05-11,2023-06-25,2023-06-29,GBP,144.4,24.07,120.33,Paid,Sales,IT Infrastructure
ACCOUNTS_PAYABLE_00019476,duplicate_invoice,HIGH,invoice_id appears on more than one record,2026-09-14T18:02:42.816798+00:00,ACCOUNTS_PAYABLE_00019476,19475,APINV_00008397,VEND_0009,ENT_US,2023-12-17,2024-01-01,2023-12-31,USD,614.45,40.2,574.25,Paid,Corporate,Utilities
ACCOUNTS_PAYABLE_00019477,duplicate_invoice,HIGH,invoice_id appears on more than one record,2026-09-14T18:02:42.816798+00:00,ACCOUNTS_PAYABLE_00019477,19476,APINV_00005290,VEND_0006,ENT_EU,2025-07-14,2025-09-12,2025-09-07,EUR,357.69,57.11,300.58,Paid,Sales,Insurance
ACCOUNTS_PAYABLE_00019478,duplicate_invoice,HIGH,invoice_id appears on more than one record,2026-09-14T18:02:42.816798+00:00,ACCOUNTS_PAYABLE_00019478,19477,APINV_00013773,VEND_0016,ENT_UK,2023-07-14,2023-08-13,2023-08-13,GBP,3635.03,605.84,3029.19,Paid,Operations,Logistics
ACCOUNTS_PAYABLE_00019479,duplicate_invoice,HIGH,invoice_id appears on more than one record,2026-09-14T18:02:42.816798+00:00,ACCOUNTS_PAYABLE_00019479,19478,APINV_00002314,VEND_0030,ENT_EU,2024-02-24,2024-04-09,2024-05-02,USD,1540.79,246.01,1294.78,Paid,Sales,Professional Services
ACCOUNTS_PAYABLE_00019480,duplicate_invoice,HIGH,invoice_id appears on more than one record,2026-09-14T18:02:42.816798+00:00,ACCOUNTS_PAYABLE_00019480,19479,APINV_00016308,VEND_0002,ENT_UK,2024-10-03,2024-11-02,2024-11-05,GBP,779.86,129.98,649.88,Paid,Operations,Travel
ACCOUNTS_PAYABLE_00019481,duplicate_invoice,HIGH,invoice_id appears on more than one record,2026-09-14T18:02:42.816798+00:00,ACCOUNTS_PAYABLE_00019481,19480,APINV_00004547,VEND_0006,ENT_EU,2025-02-05,2025-04-06,2025-04-18,EUR,1081.42,172.66,908.76,Paid,R&D,Professional Services
ACCOUNTS_PAYABLE_00019482,duplicate_invoice,HIGH,invoice_id appears on more than one record,2026-09-14T18:02:42.816798+00:00,ACCOUNTS_PAYABLE_00019482,19481,APINV_00000502,VEND_0006,ENT_EU,2023-03-12,2023-05-11,2023-05-17,EUR,72.03,11.5,60.53,Paid,R&D,IT Infrastructure
ACCOUNTS_PAYABLE_00019483,duplicate_invoice,HIGH,invoice_id appears on more than one record,2026-09-14T18:02:42.816798+00:00,ACCOUNTS_PAYABLE_00019483,19482,APINV_00007163,VEND_0019,ENT_US,2023-05-20,2023-07-04,2023-07-08,USD,171.26,11.2,160.06,Paid,R&D,Sales Commissions
ACCOUNTS_PAYABLE_00019484,duplicate_invoice,HIGH,invoice_id appears on more than one record,2026-09-14T18:02:42.816798+00:00,ACCOUNTS_PAYABLE_00019484,19483,APINV_00012874,VEND_0045,ENT_UK,2023-02-22,2023-04-08,2023-04-03,GBP,2688.54,448.09,2240.45,Paid,Operations,Logistics
ACCOUNTS_PAYABLE_00019485,duplicate_invoice,HIGH,invoice_id appears on more than one record,2026-09-14T18:02:42.816798+00:00,ACCOUNTS_PAYABLE_00019485,19484,APINV_00011041,VEND_0018,ENT_US,2025-03-23,2025-04-07,2025-04-12,EUR,112.05,7.33,104.72,Paid,Corporate,IT Infrastructure
ACCOUNTS_PAYABLE_00019486,duplicate_invoice,HIGH,invoice_id appears on more than one record,2026-09-14T18:02:42.816798+00:00,ACCOUNTS_PAYABLE_00019486,19485,APINV_00006079,VEND_0043,ENT_EU,2025-11-29,2026-01-13,,EUR,1198.94,191.43,1007.51,Open,R&D,Rent
ACCOUNTS_PAYABLE_00019487,duplicate_invoice,HIGH,invoice_id appears on more than one record,2026-09-14T18:02:42.816798+00:00,ACCOUNTS_PAYABLE_00019487,19486,APINV_00010601,VEND_0024,ENT_US,2025-01-06,2025-03-07,2025-03-03,USD,2094.23,137.01,1957.22,Paid,Marketing,Logistics
ACCOUNTS_PAYABLE_00019488,duplicate_invoice,HIGH,invoice_id appears on more than one record,2026-09-14T18:02:42.816798+00:00,ACCOUNTS_PAYABLE_00019488,19487,APINV_00017544,VEND_0002,ENT_UK,2025-05-08,2025-06-07,2025-06-09,GBP,251.36,,209.47,Paid,Operations,IT Infrastructure
ACCOUNTS_PAYABLE_00019489,duplicate_invoice,HIGH,invoice_id appears on more than one record,2026-09-14T18:02:42.816798+00:00,ACCOUNTS_PAYABLE_00019489,19488,APINV_00008653,VEND_0033,ENT_US,2024-02-08,2024-03-09,2024-03-08,USD,236.62,15.48,221.14,Paid,Operations,Travel
ACCOUNTS_PAYABLE_00019490,duplicate_invoice,HIGH,invoice_id appears on more than one record,2026-09-14T18:02:42.816798+00:00,ACCOUNTS_PAYABLE_00019490,19489,APINV_00004968,VEND_0028,ENT_EU,2025-05-21,2025-06-05,2025-05-29,EUR,239.74,38.28,201.46,Paid,Operations,Rent
ACCOUNTS_PAYABLE_00019491,duplicate_invoice,HIGH,invoice_id appears on more than one record,2026-09-14T18:02:42.816798+00:00,ACCOUNTS_PAYABLE_00019491,19490,APINV_00014078,VEND_0020,ENT_UK,2023-09-11,2023-10-11,2023-10-11,GBP,4304.48,717.41,3587.07,Paid,,Sales Commissions
ACCOUNTS_PAYABLE_00019492,duplicate_invoice,HIGH,invoice_id appears on more than one record,2026-09-14T18:02:42.816798+00:00,ACCOUNTS_PAYABLE_00019492,19491,APINV_00016152,VEND_0032,ENT_UK,2024-09-29,2024-11-28,2024-12-03,GBP,1185.47,197.58,987.89,Paid,Marketing,Marketing
ACCOUNTS_PAYABLE_00019493,duplicate_invoice,HIGH,invoice_id appears on more than one record,2026-09-14T18:02:42.816798+00:00,ACCOUNTS_PAYABLE_00019493,19492,APINV_00000496,VEND_0007,ENT_EU,2023-03-06,2023-04-20,2023-04-14,GBP,117.27,18.72,98.55,Paid,R&D,Sales Commissions
ACCOUNTS_PAYABLE_00019494,duplicate_invoice,HIGH,invoice_id appears on more than one record,2026-09-14T18:02:42.816798+00:00,ACCOUNTS_PAYABLE_00019494,19493,APINV_00001729,VEND_0037,ENT_EU,2023-10-09,2023-10-24,2023-10-30,EUR,260.36,41.57,218.79,Paid,Corporate,Rent
ACCOUNTS_PAYABLE_00019495,duplicate_invoice,HIGH,invoice_id appears on more than one record,2026-09-14T18:02:42.816798+00:00,ACCOUNTS_PAYABLE_00019495,19494,APINV_00003582,VEND_0014,ENT_EU,2024-09-11,2024-10-26,2024-11-02,EUR,474.66,75.79,398.87,Paid,,Utilities
ACCOUNTS_PAYABLE_00019496,duplicate_invoice,HIGH,invoice_id appears on more than one record,2026-09-14T18:02:42.816798+00:00,ACCOUNTS_PAYABLE_00019496,19495,APINV_00015106,VEND_0005,ENT_UK,2024-03-09,2024-03-24,2024-03-30,GBP,236.78,39.46,197.32,Paid,Operations,Travel
ACCOUNTS_PAYABLE_00019497,duplicate_invoice,HIGH,invoice_id appears on more than one record,2026-09-14T18:02:42.816798+00:00,ACCOUNTS_PAYABLE_00019497,19496,APINV_00011544,VEND_0031,ENT_US,2025-06-14,2025-07-29,2025-08-03,EUR,1418.58,92.8,1325.78,Paid,Corporate,Rent
ACCOUNTS_PAYABLE_00019498,duplicate_invoice,HIGH,invoice_id appears on more than one record,2026-09-14T18:02:42.816798+00:00,ACCOUNTS_PAYABLE_00019498,19497,APINV_00000554,VEND_0043,ENT_EU,2023-04-13,2023-05-28,2023-06-11,EUR,442.69,70.68,372.01,Paid,Sales,Professional Services
ACCOUNTS_PAYABLE_00019499,duplicate_invoice,HIGH,invoice_id appears on more than one record,2026-09-14T18:02:42.816798+00:00,ACCOUNTS_PAYABLE_00019499,19498,APINV_00004379,VEND_0027,ENT_EU,2025-01-29,2025-02-28,2025-03-10,EUR,138.71,22.15,116.56,Paid,R&D,Sales Commissions
ACCOUNTS_PAYABLE_00019500,duplicate_invoice,HIGH,invoice_id appears on more than one record,2026-09-14T18:02:42.816798+00:00,ACCOUNTS_PAYABLE_00019500,19499,APINV_00003983,VEND_0006,ENT_EU,2024-11-01,2024-12-31,2025-01-06,EUR,1487.1,237.44,1249.66,Paid,Marketing,Marketing
ACCOUNTS_PAYABLE_00019501,duplicate_invoice,HIGH,invoice_id appears on more than one record,2026-09-14T18:02:42.816798+00:00,ACCOUNTS_PAYABLE_00019501,19500,APINV_00009246,VEND_0009,ENT_US,2024-05-21,2024-06-05,2024-06-11,USD,530.32,34.69,495.63,Paid,Corporate,
ACCOUNTS_PAYABLE_00019502,duplicate_invoice,HIGH,invoice_id appears on more than one record,2026-09-14T18:02:42.816798+00:00,ACCOUNTS_PAYABLE_00019502,19501,APINV_00014927,VEND_0038,ENT_UK,2024-02-02,2024-03-03,2024-03-08,GBP,2514.47,419.08,2095.39,Paid,Operations,Logistics
ACCOUNTS_PAYABLE_00000157,duplicate_business_key,HIGH,"Same vendor_id, invoice_date, invoice_amount combination appears on more than one record",2026-09-14T18:02:42.816798+00:00,ACCOUNTS_PAYABLE_00000157,156,APINV_00000157,VEND_0030,ENT_EU,2023-01-25,2023-03-11,2023-03-20,USD,547.73,87.45,460.28,Paid,Corporate,Marketing
ACCOUNTS_PAYABLE_00000174,duplicate_business_key,HIGH,"Same vendor_id, invoice_date, invoice_amount combination appears on more than one record",2026-09-14T18:02:42.816798+00:00,ACCOUNTS_PAYABLE_00000174,173,APINV_00000174,VEND_0030,ENT_EU,2023-01-17,2023-03-03,2023-03-25,USD,26.63,,22.38,Paid,Corporate,IT Infrastructure
ACCOUNTS_PAYABLE_00000193,duplicate_business_key,HIGH,"Same vendor_id, invoice_date, invoice_amount combination appears on more than one record",2026-09-14T18:02:42.816798+00:00,ACCOUNTS_PAYABLE_00000193,192,APINV_00000193,VEND_0007,ENT_EU,2023-02-07,2023-03-24,2023-04-01,GBP,5434.75,867.73,4567.02,Paid,Sales,
ACCOUNTS_PAYABLE_00000226,duplicate_business_key,HIGH,"Same vendor_id, invoice_date, invoice_amount combination appears on more than one record",2026-09-14T18:02:42.816798+00:00,ACCOUNTS_PAYABLE_00000226,225,APINV_00000226,VEND_0010,ENT_EU,2023-02-27,2023-03-29,2023-03-24,EUR,3513.81,561.03,2952.78,Paid,Operations,Logistics
ACCOUNTS_PAYABLE_00000496,duplicate_business_key,HIGH,"Same vendor_id, invoice_date, invoice_amount combination appears on more than one record",2026-09-14T18:02:42.816798+00:00,ACCOUNTS_PAYABLE_00000496,495,APINV_00000496,VEND_0007,ENT_EU,2023-03-06,2023-04-20,2023-04-14,GBP,117.27,18.72,98.55,Paid,R&D,Sales Commissions
ACCOUNTS_PAYABLE_00000502,duplicate_business_key,HIGH,"Same vendor_id, invoice_date, invoice_amount combination appears on more than one record",2026-09-14T18:02:42.816798+00:00,ACCOUNTS_PAYABLE_00000502,501,APINV_00000502,VEND_0006,ENT_EU,2023-03-12,2023-05-11,2023-05-17,EUR,72.03,11.5,60.53,Paid,R&D,IT Infrastructure
ACCOUNTS_PAYABLE_00000554,duplicate_business_key,HIGH,"Same vendor_id, invoice_date, invoice_amount combination appears on more than one record",2026-09-14T18:02:42.816798+00:00,ACCOUNTS_PAYABLE_00000554,553,APINV_00000554,VEND_0043,ENT_EU,2023-04-13,2023-05-28,2023-06-11,EUR,442.69,70.68,372.01,Paid,Sales,Professional Services
ACCOUNTS_PAYABLE_00000764,duplicate_business_key,HIGH,"Same vendor_id, invoice_date, invoice_amount combination appears on more than one record",2026-09-14T18:02:42.816798+00:00,ACCOUNTS_PAYABLE_00000764,763,APINV_00000764,VEND_0027,ENT_EU,2023-05-26,2023-06-25,2023-06-20,EUR,91.98,,77.29,Paid,Operations,Utilities
ACCOUNTS_PAYABLE_00000784,duplicate_business_key,HIGH,"Same vendor_id, invoice_date, invoice_amount combination appears on more than one record",2026-09-14T18:02:42.816798+00:00,ACCOUNTS_PAYABLE_00000784,783,APINV_00000784,VEND_0012,ENT_EU,2023-05-03,2023-07-02,2023-06-30,EUR,770.92,123.09,647.83,Paid,Marketing,Rent
ACCOUNTS_PAYABLE_00000785,duplicate_business_key,HIGH,"Same vendor_id, invoice_date, invoice_amount combination appears on more than one record",2026-09-14T18:02:42.816798+00:00,ACCOUNTS_PAYABLE_00000785,784,APINV_00000785,VEND_0006,ENT_EU,2023-05-03,2023-07-02,2023-07-18,EUR,181.18,28.93,152.25,Paid,Marketing,Insurance
ACCOUNTS_PAYABLE_00000810,duplicate_business_key,HIGH,"Same vendor_id, invoice_date, invoice_amount combination appears on more than one record",2026-09-14T18:02:42.816798+00:00,ACCOUNTS_PAYABLE_00000810,809,APINV_00000810,VEND_0027,ENT_EU,2023-05-24,2023-06-23,2023-06-28,EUR,1816.11,289.97,1526.14,Paid,,Logistics
ACCOUNTS_PAYABLE_00000938,duplicate_business_key,HIGH,"Same vendor_id, invoice_date, invoice_amount combination appears on more than one record",2026-09-14T18:02:42.816798+00:00,ACCOUNTS_PAYABLE_00000938,937,APINV_00000938,VEND_0043,ENT_EU,2023-06-06,2023-07-21,2023-07-17,EUR,156.02,24.91,131.11,Paid,Operations,Insurance
ACCOUNTS_PAYABLE_00001002,duplicate_business_key,HIGH,"Same vendor_id, invoice_date, invoice_amount combination appears on more than one record",2026-09-14T18:02:42.816798+00:00,ACCOUNTS_PAYABLE_00001002,1001,APINV_00001002,VEND_0021,ENT_EU,2023-06-28,2023-08-12,2023-08-11,EUR,609.45,97.31,512.14,Paid,R&D,Insurance
ACCOUNTS_PAYABLE_00001136,duplicate_business_key,HIGH,"Same vendor_id, invoice_date, invoice_amount combination appears on more than one record",2026-09-14T18:02:42.816798+00:00,ACCOUNTS_PAYABLE_00001136,1135,APINV_00001136,VEND_0027,ENT_EU,2023-07-09,2023-08-08,2023-08-09,EUR,108.14,17.27,90.87,Paid,Marketing,Software Subscriptions
ACCOUNTS_PAYABLE_00001230,duplicate_business_key,HIGH,"Same vendor_id, invoice_date, invoice_amount combination appears on more than one record",2026-09-14T18:02:42.816798+00:00,ACCOUNTS_PAYABLE_00001230,1229,APINV_00001401,VEND_0030,ENT_EU,2023-09-26,2023-11-10,2023-10-30,USD,194.97,31.13,163.84,Paid,Sales,Software Subscriptions
ACCOUNTS_PAYABLE_00001300,duplicate_business_key,HIGH,"Same vendor_id, invoice_date, invoice_amount combination appears on more than one record",2026-09-14T18:02:42.816798+00:00,ACCOUNTS_PAYABLE_00001300,1299,APINV_00001471,VEND_0030,ENT_EU,2023-09-06,2023-10-21,2023-10-14,USD,382.63,,321.54,Paid,Marketing,Insurance
ACCOUNTS_PAYABLE_00001473,duplicate_business_key,HIGH,"Same vendor_id, invoice_date, invoice_amount combination appears on more than one record",2026-09-14T18:02:42.816798+00:00,ACCOUNTS_PAYABLE_00001473,1472,APINV_00001644,VEND_0012,ENT_EU,2023-10-26,2023-12-25,2024-01-09,EUR,430.29,68.7,361.59,Paid,Operations,Travel
ACCOUNTS_PAYABLE_00001557,duplicate_business_key,HIGH,"Same vendor_id, invoice_date, invoice_amount combination appears on more than one record",2026-09-14T18:02:42.816798+00:00,ACCOUNTS_PAYABLE_00001557,1556,APINV_00001728,VEND_0010,ENT_EU,2023-10-23,2023-11-22,2023-11-23,EUR,1315.45,210.03,1105.42,Paid,Corporate,Rent
ACCOUNTS_PAYABLE_00001558,duplicate_business_key,HIGH,"Same vendor_id, invoice_date, invoice_amount combination appears on more than one record",2026-09-14T18:02:42.816798+00:00,ACCOUNTS_PAYABLE_00001558,1557,APINV_00001729,VEND_0037,ENT_EU,2023-10-09,2023-10-24,2023-10-30,EUR,260.36,41.57,218.79,Paid,Corporate,Rent
ACCOUNTS_PAYABLE_00001759,duplicate_business_key,HIGH,"Same vendor_id, invoice_date, invoice_amount combination appears on more than one record",2026-09-14T18:02:42.816798+00:00,ACCOUNTS_PAYABLE_00001759,1758,APINV_00001930,VEND_0037,ENT_EU,2023-11-11,2023-11-26,2023-12-08,EUR,112.55,17.97,94.58,Paid,Corporate,Logistics
ACCOUNTS_PAYABLE_00001856,duplicate_business_key,HIGH,"Same vendor_id, invoice_date, invoice_amount combination appears on more than one record",2026-09-14T18:02:42.816798+00:00,ACCOUNTS_PAYABLE_00001856,1855,APINV_00002027,VEND_0021,ENT_EU,2023-12-03,2024-01-17,2024-01-26,EUR,271.76,43.39,228.37,Paid,Marketing,Professional Services
ACCOUNTS_PAYABLE_00001914,duplicate_business_key,HIGH,"Same vendor_id, invoice_date, invoice_amount combination appears on more than one record",2026-09-14T18:02:42.816798+00:00,ACCOUNTS_PAYABLE_00001914,1913,APINV_00002085,VEND_0029,ENT_EU,2023-12-30,2024-01-29,2024-02-08,EUR,1057.23,168.8,888.43,Paid,Corporate,Rent
ACCOUNTS_PAYABLE_00002088,duplicate_business_key,HIGH,"Same vendor_id, invoice_date, invoice_amount combination appears on more than one record",2026-09-14T18:02:42.816798+00:00,ACCOUNTS_PAYABLE_00002088,2087,APINV_00002259,VEND_0012,ENT_EU,2024-01-25,2024-03-25,2024-03-15,EUR,49.74,7.94,41.8,Paid,R&D,Sales Commissions
ACCOUNTS_PAYABLE_00002140,duplicate_business_key,HIGH,"Same vendor_id, invoice_date, invoice_amount combination appears on more than one record",2026-09-14T18:02:42.816798+00:00,ACCOUNTS_PAYABLE_00002140,2139,APINV_00002311,VEND_0037,ENT_EU,2024-02-14,2024-02-29,2024-02-28,EUR,569.71,90.96,478.75,Paid,Sales,Software Subscriptions
ACCOUNTS_PAYABLE_00002143,duplicate_business_key,HIGH,"Same vendor_id, invoice_date, invoice_amount combination appears on more than one record",2026-09-14T18:02:42.816798+00:00,ACCOUNTS_PAYABLE_00002143,2142,APINV_00002314,VEND_0030,ENT_EU,2024-02-24,2024-04-09,2024-05-02,USD,1540.79,246.01,1294.78,Paid,Sales,Professional Services
ACCOUNTS_PAYABLE_00002241,duplicate_business_key,HIGH,"Same vendor_id, invoice_date, invoice_amount combination appears on more than one record",2026-09-14T18:02:42.816798+00:00,ACCOUNTS_PAYABLE_00002241,2240,APINV_00002412,VEND_0028,ENT_EU,2024-02-26,2024-03-12,2024-03-20,EUR,110.37,17.62,92.75,Paid,Marketing,
ACCOUNTS_PAYABLE_00002289,duplicate_business_key,HIGH,"Same vendor_id, invoice_date, invoice_amount combination appears on more than one record",2026-09-14T18:02:42.816798+00:00,ACCOUNTS_PAYABLE_00002289,2288,APINV_00002460,VEND_0043,ENT_EU,2024-02-14,2024-03-30,2024-04-05,EUR,1032.97,164.93,868.04,Paid,Corporate,Software Subscriptions
ACCOUNTS_PAYABLE_00002373,duplicate_business_key,HIGH,"Same vendor_id, invoice_date, invoice_amount combination appears on more than one record",2026-09-14T18:02:42.816798+00:00,ACCOUNTS_PAYABLE_00002373,2372,APINV_00002544,VEND_0030,ENT_EU,2024-03-20,2024-05-04,2024-05-03,USD,910.49,145.37,765.12,Paid,Operations,IT Infrastructure
ACCOUNTS_PAYABLE_00002500,duplicate_business_key,HIGH,"Same vendor_id, invoice_date, invoice_amount combination appears on more than one record",2026-09-14T18:02:42.816798+00:00,ACCOUNTS_PAYABLE_00002500,2499,APINV_00002671,VEND_0027,ENT_EU,2024-04-29,2024-05-29,2024-05-28,EUR,594.63,94.94,499.69,Paid,Sales,Utilities
ACCOUNTS_PAYABLE_00002519,duplicate_business_key,HIGH,"Same vendor_id, invoice_date, invoice_amount combination appears on more than one record",2026-09-14T18:02:42.816798+00:00,ACCOUNTS_PAYABLE_00002519,2518,APINV_00002690,VEND_0007,ENT_EU,2024-04-11,2024-05-26,2024-05-23,GBP,898.88,143.52,755.36,Paid,,Rent
ACCOUNTS_PAYABLE_00002603,duplicate_business_key,HIGH,"Same vendor_id, invoice_date, invoice_amount combination appears on more than one record",2026-09-14T18:02:42.816798+00:00,ACCOUNTS_PAYABLE_00002603,2602,APINV_00002774,VEND_0043,ENT_EU,2024-04-29,2024-06-13,2024-06-15,EUR,383.64,61.25,322.39,Paid,R&D,Logistics
ACCOUNTS_PAYABLE_00002637,duplicate_business_key,HIGH,"Same vendor_id, invoice_date, invoice_amount combination appears on more than one record",2026-09-14T18:02:42.816798+00:00,ACCOUNTS_PAYABLE_00002637,2636,APINV_00002808,VEND_0030,ENT_EU,2024-04-12,2024-05-27,2024-05-30,USD,155.44,24.82,130.62,Paid,Corporate,Marketing
ACCOUNTS_PAYABLE_00002712,duplicate_business_key,HIGH,"Same vendor_id, invoice_date, invoice_amount combination appears on more than one record",2026-09-14T18:02:42.816798+00:00,ACCOUNTS_PAYABLE_00002712,2711,APINV_00002883,VEND_0029,ENT_EU,2024-05-27,2024-06-26,2024-06-28,EUR,1078.58,172.21,906.37,Paid,Operations,IT Infrastructure
ACCOUNTS_PAYABLE_00002852,duplicate_business_key,HIGH,"Same vendor_id, invoice_date, invoice_amount combination appears on more than one record",2026-09-14T18:02:42.816798+00:00,ACCOUNTS_PAYABLE_00002852,2851,APINV_00003023,VEND_0037,ENT_EU,2024-06-24,2024-07-09,2024-07-05,EUR,299.59,47.83,251.76,Paid,Sales,IT Infrastructure
ACCOUNTS_PAYABLE_00002925,duplicate_business_key,HIGH,"Same vendor_id, invoice_date, invoice_amount combination appears on more than one record",2026-09-14T18:02:42.816798+00:00,ACCOUNTS_PAYABLE_00002925,2924,APINV_00003096,VEND_0012,ENT_EU,2024-06-06,2024-08-05,2024-08-17,EUR,181.03,28.9,152.13,Paid,R&D,Software Subscriptions
ACCOUNTS_PAYABLE_00002990,duplicate_business_key,HIGH,"Same vendor_id, invoice_date, invoice_amount combination appears on more than one record",2026-09-14T18:02:42.816798+00:00,ACCOUNTS_PAYABLE_00002990,2989,APINV_00003161,VEND_0012,ENT_EU,2024-07-12,2024-09-10,2024-09-09,EUR,2047.41,326.9,1720.51,Paid,Sales,Rent
ACCOUNTS_PAYABLE_00003021,duplicate_business_key,HIGH,"Same vendor_id, invoice_date, invoice_amount combination appears on more than one record",2026-09-14T18:02:42.816798+00:00,ACCOUNTS_PAYABLE_00003021,3020,APINV_00003192,VEND_0014,ENT_EU,2024-07-10,2024-08-24,2024-08-24,EUR,212.77,33.97,178.8,Paid,Sales,IT Infrastructure
ACCOUNTS_PAYABLE_00003106,duplicate_business_key,HIGH,"Same vendor_id, invoice_date, invoice_amount combination appears on more than one record",2026-09-14T18:02:42.816798+00:00,ACCOUNTS_PAYABLE_00003106,3105,APINV_00003277,VEND_0012,ENT_EU,2024-07-17,2024-09-15,2024-08-28,EUR,1044.87,166.83,878.04,Paid,R&D,Rent
ACCOUNTS_PAYABLE_00003126,duplicate_business_key,HIGH,"Same vendor_id, invoice_date, invoice_amount combination appears on more than one record",2026-09-14T18:02:42.816798+00:00,ACCOUNTS_PAYABLE_00003126,3125,APINV_00003297,VEND_0014,ENT_EU,2024-07-23,2024-09-06,2024-09-04,EUR,333.12,53.19,279.93,Paid,R&D,Marketing
ACCOUNTS_PAYABLE_00003411,duplicate_business_key,HIGH,"Same vendor_id, invoice_date, invoice_amount combination appears on more than one record",2026-09-14T18:02:42.816798+00:00,ACCOUNTS_PAYABLE_00003411,3410,APINV_00003582,VEND_0014,ENT_EU,2024-09-11,2024-10-26,2024-11-02,EUR,474.66,75.79,398.87,Paid,Operations,Utilities
ACCOUNTS_PAYABLE_00003812,duplicate_business_key,HIGH,"Same vendor_id, invoice_date, invoice_amount combination appears on more than one record",2026-09-14T18:02:42.816798+00:00,ACCOUNTS_PAYABLE_00003812,3811,APINV_00003983,VEND_0006,ENT_EU,2024-11-01,2024-12-31,2025-01-06,EUR,1487.1,237.44,1249.66,Paid,Marketing,Marketing
ACCOUNTS_PAYABLE_00003840,duplicate_business_key,HIGH,"Same vendor_id, invoice_date, invoice_amount combination appears on more than one record",2026-09-14T18:02:42.816798+00:00,ACCOUNTS_PAYABLE_00003840,3839,APINV_00004011,VEND_0006,ENT_EU,2024-11-05,2025-01-04,2025-01-03,EUR,468.53,74.81,393.72,Paid,R&D,Software Subscriptions
ACCOUNTS_PAYABLE_00004208,duplicate_business_key,HIGH,"Same vendor_id, invoice_date, invoice_amount combination appears on more than one record",2026-09-14T18:02:42.816798+00:00,ACCOUNTS_PAYABLE_00004208,4207,APINV_00004379,VEND_0027,ENT_EU,2025-01-29,2025-02-28,2025-03-10,EUR,138.71,22.15,116.56,Paid,R&D,Sales Commissions
ACCOUNTS_PAYABLE_00004250,duplicate_business_key,HIGH,"Same vendor_id, invoice_date, invoice_amount combination appears on more than one record",2026-09-14T18:02:42.816798+00:00,ACCOUNTS_PAYABLE_00004250,4249,APINV_00004421,VEND_0012,ENT_EU,2025-01-21,2025-03-22,2025-03-25,EUR,48.39,7.73,40.66,Paid,Corporate,IT Infrastructure
ACCOUNTS_PAYABLE_00004351,duplicate_business_key,HIGH,"Same vendor_id, invoice_date, invoice_amount combination appears on more than one record",2026-09-14T18:02:42.816798+00:00,ACCOUNTS_PAYABLE_00004351,4350,APINV_00004522,VEND_0021,ENT_EU,2025-02-05,2025-03-22,2025-03-22,EUR,1251.34,199.79,1051.55,Paid,Marketing,Logistics
ACCOUNTS_PAYABLE_00004376,duplicate_business_key,HIGH,"Same vendor_id, invoice_date, invoice_amount combination appears on more than one record",2026-09-14T18:02:42.816798+00:00,ACCOUNTS_PAYABLE_00004376,4375,APINV_00004547,VEND_0006,ENT_EU,2025-02-05,2025-04-06,2025-04-18,EUR,1081.42,172.66,908.76,Paid,R&D,Professional Services
ACCOUNTS_PAYABLE_00004559,duplicate_business_key,HIGH,"Same vendor_id, invoice_date, invoice_amount combination appears on more than one record",2026-09-14T18:02:42.816798+00:00,ACCOUNTS_PAYABLE_00004559,4558,APINV_00004730,VEND_0043,ENT_EU,2025-03-21,2025-05-05,2025-05-12,EUR,41.64,6.65,34.99,Paid,R&D,IT Infrastructure
ACCOUNTS_PAYABLE_00004608,duplicate_business_key,HIGH,"Same vendor_id, invoice_date, invoice_amount combination appears on more than one record",2026-09-14T18:02:42.816798+00:00,ACCOUNTS_PAYABLE_00004608,4607,APINV_00004779,VEND_0043,ENT_EU,2025-04-10,2025-05-25,2025-05-26,EUR,279.72,44.66,235.06,Paid,Sales,Utilities
ACCOUNTS_PAYABLE_00004772,duplicate_business_key,HIGH,"Same vendor_id, invoice_date, invoice_amount combination appears on more than one record",2026-09-14T18:02:42.816798+00:00,ACCOUNTS_PAYABLE_00004772,4771,APINV_00004943,VEND_0007,ENT_EU,2025-05-01,2025-06-15,2025-06-30,GBP,705.15,112.59,592.56,Paid,Sales,Insurance
ACCOUNTS_PAYABLE_00004797,duplicate_business_key,HIGH,"Same vendor_id, invoice_date, invoice_amount combination appears on more than one record",2026-09-14T18:02:42.816798+00:00,ACCOUNTS_PAYABLE_00004797,4796,APINV_00004968,VEND_0028,ENT_EU,2025-05-21,2025-06-05,2025-05-29,EUR,239.74,38.28,201.46,Paid,Operations,Rent
ACCOUNTS_PAYABLE_00005119,duplicate_business_key,HIGH,"Same vendor_id, invoice_date, invoice_amount combination appears on more than one record",2026-09-14T18:02:42.816798+00:00,ACCOUNTS_PAYABLE_00005119,5118,APINV_00005290,VEND_0006,ENT_EU,2025-07-14,2025-09-12,2025-09-07,EUR,357.69,57.11,300.58,Paid,Sales,Insurance
ACCOUNTS_PAYABLE_00005908,duplicate_business_key,HIGH,"Same vendor_id, invoice_date, invoice_amount combination appears on more than one record",2026-09-14T18:02:42.816798+00:00,ACCOUNTS_PAYABLE_00005908,5907,APINV_00006079,VEND_0043,ENT_EU,2025-11-29,2026-01-13,,EUR,1198.94,191.43,1007.51,Open,R&D,Rent
ACCOUNTS_PAYABLE_00005925,duplicate_business_key,HIGH,"Same vendor_id, invoice_date, invoice_amount combination appears on more than one record",2026-09-14T18:02:42.816798+00:00,ACCOUNTS_PAYABLE_00005925,5924,APINV_00006096,VEND_0012,ENT_EU,2025-11-10,2026-01-09,,EUR,346.33,55.3,291.03,Open,R&D,Marketing
ACCOUNTS_PAYABLE_00006097,duplicate_business_key,HIGH,"Same vendor_id, invoice_date, invoice_amount combination appears on more than one record",2026-09-14T18:02:42.816798+00:00,ACCOUNTS_PAYABLE_00006097,6096,APINV_00006268,VEND_0028,ENT_EU,2025-12-04,2025-12-19,2025-12-07,EUR,213.38,34.07,179.31,Paid,R&D,
ACCOUNTS_PAYABLE_00006100,duplicate_business_key,HIGH,"Same vendor_id, invoice_date, invoice_amount combination appears on more than one record",2026-09-14T18:02:42.816798+00:00,ACCOUNTS_PAYABLE_00006100,6099,APINV_00006271,VEND_0007,ENT_EU,2025-12-10,2026-01-24,,GBP,129.31,20.65,108.66,Open,R&D,Logistics
ACCOUNTS_PAYABLE_00006169,duplicate_business_key,HIGH,"Same vendor_id, invoice_date, invoice_amount combination appears on more than one record",2026-09-14T18:02:42.816798+00:00,ACCOUNTS_PAYABLE_00006169,6168,APINV_00006340,VEND_0004,ENT_US,2023-01-06,2023-02-20,2023-03-06,USD,588.57,38.5,550.07,Paid,Sales,Utilities
ACCOUNTS_PAYABLE_00006244,duplicate_business_key,HIGH,"Same vendor_id, invoice_date, invoice_amount combination appears on more than one record",2026-09-14T18:02:42.816798+00:00,ACCOUNTS_PAYABLE_00006244,6243,APINV_00006415,VEND_0018,ENT_US,2023-01-14,2023-01-29,2023-02-08,EUR,985.89,64.5,921.39,Paid,Marketing,Marketing
ACCOUNTS_PAYABLE_00006365,duplicate_business_key,HIGH,"Same vendor_id, invoice_date, invoice_amount combination appears on more than one record",2026-09-14T18:02:42.816798+00:00,ACCOUNTS_PAYABLE_00006365,6364,APINV_00006536,VEND_0019,ENT_US,2023-02-06,2023-03-23,2023-03-24,USD,834.4,54.59,779.81,Paid,Operations,Software Subscriptions
ACCOUNTS_PAYABLE_00006429,duplicate_business_key,HIGH,"Same vendor_id, invoice_date, invoice_amount combination appears on more than one record",2026-09-14T18:02:42.816798+00:00,ACCOUNTS_PAYABLE_00006429,6428,APINV_00006600,VEND_0009,ENT_US,2023-02-22,2023-03-09,2023-02-28,USD,693.83,45.39,648.44,Paid,R&D,Insurance
ACCOUNTS_PAYABLE_00006595,duplicate_business_key,HIGH,"Same vendor_id, invoice_date, invoice_amount combination appears on more than one record",2026-09-14T18:02:42.816798+00:00,ACCOUNTS_PAYABLE_00006595,6594,APINV_00006766,VEND_0039,ENT_US,2023-03-27,2023-04-26,2023-05-09,USD,210.8,13.79,197.01,Paid,Marketing,Travel
ACCOUNTS_PAYABLE_00006695,duplicate_business_key,HIGH,"Same vendor_id, invoice_date, invoice_amount combination appears on more than one record",2026-09-14T18:02:42.816798+00:00,ACCOUNTS_PAYABLE_00006695,6694,APINV_00006866,VEND_0024,ENT_US,2023-04-12,2023-06-11,2023-06-20,USD,615.14,40.24,574.9,Paid,,Travel
ACCOUNTS_PAYABLE_00006820,duplicate_business_key,HIGH,"Same vendor_id, invoice_date, invoice_amount combination appears on more than one record",2026-09-14T18:02:42.816798+00:00,ACCOUNTS_PAYABLE_00006820,6819,APINV_00006991,VEND_0042,ENT_US,2023-04-29,2023-06-13,2023-06-10,USD,825.1,53.98,771.12,Paid,Corporate,
ACCOUNTS_PAYABLE_00006992,duplicate_business_key,HIGH,"Same vendor_id, invoice_date, invoice_amount combination appears on more than one record",2026-09-14T18:02:42.816798+00:00,ACCOUNTS_PAYABLE_00006992,6991,APINV_00007163,VEND_0019,ENT_US,2023-05-20,2023-07-04,2023-07-08,USD,171.26,11.2,160.06,Paid,R&D,Sales Commissions
ACCOUNTS_PAYABLE_00007188,duplicate_business_key,HIGH,"Same vendor_id, invoice_date, invoice_amount combination appears on more than one record",2026-09-14T18:02:42.816798+00:00,ACCOUNTS_PAYABLE_00007188,7187,APINV_00007359,VEND_0034,ENT_US,2023-06-25,2023-07-25,2023-07-26,USD,906.43,59.3,847.13,Paid,Corporate,Professional Services
ACCOUNTS_PAYABLE_00007421,duplicate_business_key,HIGH,"Same vendor_id, invoice_date, invoice_amount combination appears on more than one record",2026-09-14T18:02:42.816798+00:00,ACCOUNTS_PAYABLE_00007421,7420,APINV_00007592,VEND_0001,ENT_US,2023-08-10,2023-09-24,2023-09-26,EUR,605.12,39.59,565.53,Paid,Operations,Software Subscriptions
ACCOUNTS_PAYABLE_00007939,duplicate_business_key,HIGH,"Same vendor_id, invoice_date, invoice_amount combination appears on more than one record",2026-09-14T18:02:42.816798+00:00,ACCOUNTS_PAYABLE_00007939,7938,APINV_00008110,VEND_0025,ENT_US,2023-11-13,2023-12-28,2023-12-27,USD,314.31,20.56,293.75,Paid,Operations,Rent
ACCOUNTS_PAYABLE_00007970,duplicate_business_key,HIGH,"Same vendor_id, invoice_date, invoice_amount combination appears on more than one record",2026-09-14T18:02:42.816798+00:00,ACCOUNTS_PAYABLE_00007970,7969,APINV_00008141,VEND_0034,ENT_US,2023-11-07,2023-12-07,2023-12-05,USD,383.98,25.12,358.86,Paid,Marketing,Insurance
ACCOUNTS_PAYABLE_00008042,duplicate_business_key,HIGH,"Same vendor_id, invoice_date, invoice_amount combination appears on more than one record",2026-09-14T18:02:42.816798+00:00,ACCOUNTS_PAYABLE_00008042,8041,APINV_00008213,VEND_0019,ENT_US,2023-11-08,2023-12-23,2024-01-02,USD,870.72,56.96,813.76,Paid,Corporate,Software Subscriptions
ACCOUNTS_PAYABLE_00008115,duplicate_business_key,HIGH,"Same vendor_id, invoice_date, invoice_amount combination appears on more than one record",2026-09-14T18:02:42.816798+00:00,ACCOUNTS_PAYABLE_00008115,8114,APINV_00008286,VEND_0026,ENT_US,2023-12-25,2024-01-24,2024-01-31,USD,515.84,33.75,482.09,Paid,Operations,Utilities
ACCOUNTS_PAYABLE_00008190,duplicate_business_key,HIGH,"Same vendor_id, invoice_date, invoice_amount combination appears on more than one record",2026-09-14T18:02:42.816798+00:00,ACCOUNTS_PAYABLE_00008190,8189,APINV_00008361,VEND_0036,ENT_US,2023-12-22,2024-01-21,2024-01-27,USD,247.47,16.19,231.28,Paid,R&D,Marketing
ACCOUNTS_PAYABLE_00008226,duplicate_business_key,HIGH,"Same vendor_id, invoice_date, invoice_amount combination appears on more than one record",2026-09-14T18:02:42.816798+00:00,ACCOUNTS_PAYABLE_00008226,8225,APINV_00008397,VEND_0009,ENT_US,2023-12-17,2024-01-01,2023-12-31,USD,614.45,40.2,574.25,Paid,Corporate,Utilities
ACCOUNTS_PAYABLE_00008257,duplicate_business_key,HIGH,"Same vendor_id, invoice_date, invoice_amount combination appears on more than one record",2026-09-14T18:02:42.816798+00:00,ACCOUNTS_PAYABLE_00008257,8256,APINV_00008428,VEND_0039,ENT_US,2024-01-23,2024-02-22,2024-02-25,USD,377.74,24.71,353.03,Paid,Sales,Utilities
ACCOUNTS_PAYABLE_00008304,duplicate_business_key,HIGH,"Same vendor_id, invoice_date, invoice_amount combination appears on more than one record",2026-09-14T18:02:42.816798+00:00,ACCOUNTS_PAYABLE_00008304,8303,APINV_00008475,VEND_0040,ENT_US,2024-01-28,2024-03-13,2024-03-25,USD,337.64,22.09,315.55,Paid,Operations,Marketing
ACCOUNTS_PAYABLE_00008482,duplicate_business_key,HIGH,"Same vendor_id, invoice_date, invoice_amount combination appears on more than one record",2026-09-14T18:02:42.816798+00:00,ACCOUNTS_PAYABLE_00008482,8481,APINV_00008653,VEND_0033,ENT_US,2024-02-08,2024-03-09,2024-03-08,USD,236.62,15.48,221.14,Paid,Operations,Travel
ACCOUNTS_PAYABLE_00008552,duplicate_business_key,HIGH,"Same vendor_id, invoice_date, invoice_amount combination appears on more than one record",2026-09-14T18:02:42.816798+00:00,ACCOUNTS_PAYABLE_00008552,8551,APINV_00008723,VEND_0004,ENT_US,2024-02-26,2024-04-11,2024-04-15,USD,32.27,2.11,30.16,Paid,R&D,Sales Commissions
ACCOUNTS_PAYABLE_00008678,duplicate_business_key,HIGH,"Same vendor_id, invoice_date, invoice_amount combination appears on more than one record",2026-09-14T18:02:42.816798+00:00,ACCOUNTS_PAYABLE_00008678,8677,APINV_00008849,VEND_0019,ENT_US,2024-03-06,2024-04-20,2024-05-01,USD,455.43,29.79,425.64,Paid,Marketing,Utilities
ACCOUNTS_PAYABLE_00008961,duplicate_business_key,HIGH,"Same vendor_id, invoice_date, invoice_amount combination appears on more than one record",2026-09-14T18:02:42.816798+00:00,ACCOUNTS_PAYABLE_00008961,8960,APINV_00009132,VEND_0009,ENT_US,2024-05-28,2024-06-12,2024-06-11,USD,1340.06,,1252.39,Paid,Operations,Rent
ACCOUNTS_PAYABLE_00009003,duplicate_business_key,HIGH,"Same vendor_id, invoice_date, invoice_amount combination appears on more than one record",2026-09-14T18:02:42.816798+00:00,ACCOUNTS_PAYABLE_00009003,9002,APINV_00009174,VEND_0040,ENT_US,2024-05-28,2024-07-12,2024-07-10,USD,198.7,13.0,185.7,Paid,Marketing,Software Subscriptions
ACCOUNTS_PAYABLE_00009075,duplicate_business_key,HIGH,"Same vendor_id, invoice_date, invoice_amount combination appears on more than one record",2026-09-14T18:02:42.816798+00:00,ACCOUNTS_PAYABLE_00009075,9074,APINV_00009246,VEND_0009,ENT_US,2024-05-21,2024-06-05,2024-06-11,USD,530.32,34.69,495.63,Paid,Corporate,Insurance
ACCOUNTS_PAYABLE_00009557,duplicate_business_key,HIGH,"Same vendor_id, invoice_date, invoice_amount combination appears on more than one record",2026-09-14T18:02:42.816798+00:00,ACCOUNTS_PAYABLE_00009557,9556,APINV_00009728,VEND_0039,ENT_US,2024-08-15,2024-09-14,2024-09-15,USD,344.69,22.55,322.14,Paid,R&D,Utilities
ACCOUNTS_PAYABLE_00009891,duplicate_business_key,HIGH,"Same vendor_id, invoice_date, invoice_amount combination appears on more than one record",2026-09-14T18:02:42.816798+00:00,ACCOUNTS_PAYABLE_00009891,9890,APINV_00010062,VEND_0018,ENT_US,2024-10-22,2024-11-06,2024-11-10,EUR,616.87,40.36,576.51,Paid,Marketing,Utilities
ACCOUNTS_PAYABLE_00009951,duplicate_business_key,HIGH,"Same vendor_id, invoice_date, invoice_amount combination appears on more than one record",2026-09-14T18:02:42.816798+00:00,ACCOUNTS_PAYABLE_00009951,9950,APINV_00010122,VEND_0031,ENT_US,2024-10-14,2024-11-28,2024-11-29,EUR,315.08,20.61,294.47,Paid,Corporate,Software Subscriptions
ACCOUNTS_PAYABLE_00010140,duplicate_business_key,HIGH,"Same vendor_id, invoice_date, invoice_amount combination appears on more than one record",2026-09-14T18:02:42.816798+00:00,ACCOUNTS_PAYABLE_00010140,10139,APINV_00010311,VEND_0039,ENT_US,2024-11-15,2024-12-15,2024-12-05,USD,50.08,3.28,46.8,Paid,Corporate,Sales Commissions
ACCOUNTS_PAYABLE_00010155,duplicate_business_key,HIGH,"Same vendor_id, invoice_date, invoice_amount combination appears on more than one record",2026-09-14T18:02:42.816798+00:00,ACCOUNTS_PAYABLE_00010155,10154,APINV_00010326,VEND_0040,ENT_US,2024-12-17,2025-01-31,2025-02-13,USD,913.65,59.77,853.88,Paid,Sales,Insurance
ACCOUNTS_PAYABLE_00010430,duplicate_business_key,HIGH,"Same vendor_id, invoice_date, invoice_amount combination appears on more than one record",2026-09-14T18:02:42.816798+00:00,ACCOUNTS_PAYABLE_00010430,10429,APINV_00010601,VEND_0024,ENT_US,2025-01-06,2025-03-07,2025-03-03,USD,2094.23,137.01,1957.22,Paid,Marketing,Logistics
ACCOUNTS_PAYABLE_00010582,duplicate_business_key,HIGH,"Same vendor_id, invoice_date, invoice_amount combination appears on more than one record",2026-09-14T18:02:42.816798+00:00,ACCOUNTS_PAYABLE_00010582,10581,APINV_00010753,VEND_0001,ENT_US,2025-02-24,2025-04-10,2025-04-08,EUR,279.81,18.31,261.5,Paid,Marketing,Rent
ACCOUNTS_PAYABLE_00010617,duplicate_business_key,HIGH,"Same vendor_id, invoice_date, invoice_amount combination appears on more than one record",2026-09-14T18:02:42.816798+00:00,ACCOUNTS_PAYABLE_00010617,10616,APINV_00010788,VEND_0019,ENT_US,2025-02-24,2025-04-10,2025-04-13,USD,145.48,9.52,135.96,Paid,Marketing,IT Infrastructure
ACCOUNTS_PAYABLE_00010694,duplicate_business_key,HIGH,"Same vendor_id, invoice_date, invoice_amount combination appears on more than one record",2026-09-14T18:02:42.816798+00:00,ACCOUNTS_PAYABLE_00010694,10693,APINV_00010865,VEND_0024,ENT_US,2025-03-09,2025-05-08,2025-05-20,USD,731.71,47.87,683.84,Paid,Sales,Rent
ACCOUNTS_PAYABLE_00010870,duplicate_business_key,HIGH,"Same vendor_id, invoice_date, invoice_amount combination appears on more than one record",2026-09-14T18:02:42.816798+00:00,ACCOUNTS_PAYABLE_00010870,10869,APINV_00011041,VEND_0018,ENT_US,2025-03-23,2025-04-07,2025-04-12,EUR,112.05,7.33,104.72,Paid,Corporate,IT Infrastructure
ACCOUNTS_PAYABLE_00011094,duplicate_business_key,HIGH,"Same vendor_id, invoice_date, invoice_amount combination appears on more than one record",2026-09-14T18:02:42.816798+00:00,ACCOUNTS_PAYABLE_00011094,11093,APINV_00011265,VEND_0039,ENT_US,2025-05-24,2025-06-23,2025-07-05,USD,878.72,57.49,821.23,Paid,Operations,Rent
ACCOUNTS_PAYABLE_00011145,duplicate_business_key,HIGH,"Same vendor_id, invoice_date, invoice_amount combination appears on more than one record",2026-09-14T18:02:42.816798+00:00,ACCOUNTS_PAYABLE_00011145,11144,APINV_00011316,VEND_0019,ENT_US,2025-05-14,2025-06-28,2025-07-01,USD,2137.49,139.84,1997.65,Paid,Marketing,
ACCOUNTS_PAYABLE_00011255,duplicate_business_key,HIGH,"Same vendor_id, invoice_date, invoice_amount combination appears on more than one record",2026-09-14T18:02:42.816798+00:00,ACCOUNTS_PAYABLE_00011255,11254,APINV_00011426,VEND_0040,ENT_US,2025-06-30,2025-08-14,2025-08-29,USD,863.19,56.47,806.72,Paid,Sales,Travel
ACCOUNTS_PAYABLE_00011306,duplicate_business_key,HIGH,"Same vendor_id, invoice_date, invoice_amount combination appears on more than one record",2026-09-14T18:02:42.816798+00:00,ACCOUNTS_PAYABLE_00011306,11305,APINV_00011477,VEND_0036,ENT_US,2025-06-12,2025-07-12,2025-06-30,USD,328.46,21.49,306.97,Paid,Marketing,Professional Services
ACCOUNTS_PAYABLE_00011373,duplicate_business_key,HIGH,"Same vendor_id, invoice_date, invoice_amount combination appears on more than one record",2026-09-14T18:02:42.816798+00:00,ACCOUNTS_PAYABLE_00011373,11372,APINV_00011544,VEND_0031,ENT_US,2025-06-14,2025-07-29,2025-08-03,EUR,1418.58,92.8,1325.78,Paid,Corporate,Rent
ACCOUNTS_PAYABLE_00011701,duplicate_business_key,HIGH,"Same vendor_id, invoice_date, invoice_amount combination appears on more than one record",2026-09-14T18:02:42.816798+00:00,ACCOUNTS_PAYABLE_00011701,11700,APINV_00011872,VEND_0009,ENT_US,2025-08-24,2025-09-08,2025-09-08,USD,374.29,24.49,349.8,Paid,Marketing,IT Infrastructure
ACCOUNTS_PAYABLE_00012018,duplicate_business_key,HIGH,"Same vendor_id, invoice_date, invoice_amount combination appears on more than one record",2026-09-14T18:02:42.816798+00:00,ACCOUNTS_PAYABLE_00012018,12017,APINV_00012189,VEND_0039,ENT_US,2025-10-23,2025-11-22,2025-11-24,USD,256.7,16.79,239.91,Paid,Marketing,Utilities
ACCOUNTS_PAYABLE_00012040,duplicate_business_key,HIGH,"Same vendor_id, invoice_date, invoice_amount combination appears on more than one record",2026-09-14T18:02:42.816798+00:00,ACCOUNTS_PAYABLE_00012040,12039,APINV_00012211,VEND_0031,ENT_US,2025-10-28,2025-12-12,2025-12-25,EUR,916.86,59.98,856.88,Paid,R&D,Insurance
ACCOUNTS_PAYABLE_00012237,duplicate_business_key,HIGH,"Same vendor_id, invoice_date, invoice_amount combination appears on more than one record",2026-09-14T18:02:42.816798+00:00,ACCOUNTS_PAYABLE_00012237,12236,APINV_00012408,VEND_0019,ENT_US,2025-11-06,2025-12-21,2025-12-18,USD,36.63,2.4,34.23,Paid,R&D,Sales Commissions
ACCOUNTS_PAYABLE_00012378,duplicate_business_key,HIGH,"Same vendor_id, invoice_date, invoice_amount combination appears on more than one record",2026-09-14T18:02:42.816798+00:00,ACCOUNTS_PAYABLE_00012378,12377,APINV_00012549,VEND_0004,ENT_US,2025-12-02,2026-01-16,,USD,1325.11,86.69,1238.42,Open,Marketing,Logistics
ACCOUNTS_PAYABLE_00012530,duplicate_business_key,HIGH,"Same vendor_id, invoice_date, invoice_amount combination appears on more than one record",2026-09-14T18:02:42.816798+00:00,ACCOUNTS_PAYABLE_00012530,12529,APINV_00012701,VEND_0015,ENT_UK,2023-01-05,2023-02-04,2023-02-15,GBP,460.86,76.81,384.05,Paid,Operations,Logistics
ACCOUNTS_PAYABLE_00012640,duplicate_business_key,HIGH,"Same vendor_id, invoice_date, invoice_amount combination appears on more than one record",2026-09-14T18:02:42.816798+00:00,ACCOUNTS_PAYABLE_00012640,12639,APINV_00012811,VEND_0013,ENT_UK,2023-01-05,2023-02-04,2023-02-03,GBP,85.63,14.27,71.36,Paid,Corporate,Travel
ACCOUNTS_PAYABLE_00012703,duplicate_business_key,HIGH,"Same vendor_id, invoice_date, invoice_amount combination appears on more than one record",2026-09-14T18:02:42.816798+00:00,ACCOUNTS_PAYABLE_00012703,12702,APINV_00012874,VEND_0045,ENT_UK,2023-02-22,2023-04-08,2023-04-03,GBP,2688.54,448.09,2240.45,Paid,Operations,Logistics
ACCOUNTS_PAYABLE_00012772,duplicate_business_key,HIGH,"Same vendor_id, invoice_date, invoice_amount combination appears on more than one record",2026-09-14T18:02:42.816798+00:00,ACCOUNTS_PAYABLE_00012772,12771,APINV_00012943,VEND_0002,ENT_UK,2023-02-03,2023-03-05,2023-03-05,GBP,159.56,26.59,132.97,Paid,R&D,Utilities
ACCOUNTS_PAYABLE_00012786,duplicate_business_key,HIGH,"Same vendor_id, invoice_date, invoice_amount combination appears on more than one record",2026-09-14T18:02:42.816798+00:00,ACCOUNTS_PAYABLE_00012786,12785,APINV_00012957,VEND_0016,ENT_UK,2023-02-17,2023-03-19,2023-03-28,GBP,49.94,8.32,41.62,Paid,,Travel
ACCOUNTS_PAYABLE_00012872,duplicate_business_key,HIGH,"Same vendor_id, invoice_date, invoice_amount combination appears on more than one record",2026-09-14T18:02:42.816798+00:00,ACCOUNTS_PAYABLE_00012872,12871,APINV_00013043,VEND_0045,ENT_UK,2023-03-19,2023-05-03,2023-05-09,GBP,857.33,142.89,714.44,Paid,Operations,Professional Services
ACCOUNTS_PAYABLE_00013163,duplicate_business_key,HIGH,"Same vendor_id, invoice_date, invoice_amount combination appears on more than one record",2026-09-14T18:02:42.816798+00:00,ACCOUNTS_PAYABLE_00013163,13162,APINV_00013334,VEND_0011,ENT_UK,2023-04-24,2023-05-24,2023-05-26,GBP,246.73,41.12,205.61,Paid,Corporate,Marketing
ACCOUNTS_PAYABLE_00013215,duplicate_business_key,HIGH,"Same vendor_id, invoice_date, invoice_amount combination appears on more than one record",2026-09-14T18:02:42.816798+00:00,ACCOUNTS_PAYABLE_00013215,13214,APINV_00013386,VEND_0045,ENT_UK,2023-05-11,2023-06-25,2023-06-29,GBP,144.4,24.07,120.33,Paid,Sales,IT Infrastructure
ACCOUNTS_PAYABLE_00013298,duplicate_business_key,HIGH,"Same vendor_id, invoice_date, invoice_amount combination appears on more than one record",2026-09-14T18:02:42.816798+00:00,ACCOUNTS_PAYABLE_00013298,13297,APINV_00013469,VEND_0035,ENT_UK,2023-05-18,2023-06-17,2023-06-13,GBP,347.03,57.84,289.19,Paid,R&D,Insurance
ACCOUNTS_PAYABLE_00013360,duplicate_business_key,HIGH,"Same vendor_id, invoice_date, invoice_amount combination appears on more than one record",2026-09-14T18:02:42.816798+00:00,ACCOUNTS_PAYABLE_00013360,13359,APINV_00013531,VEND_0002,ENT_UK,2023-05-01,2023-05-31,2023-05-29,GBP,131.88,21.98,109.9,Paid,Corporate,Travel
ACCOUNTS_PAYABLE_00013448,duplicate_business_key,HIGH,"Same vendor_id, invoice_date, invoice_amount combination appears on more than one record",2026-09-14T18:02:42.816798+00:00,ACCOUNTS_PAYABLE_00013448,13447,APINV_00013619,VEND_0016,ENT_UK,2023-06-09,2023-07-09,2023-07-01,GBP,459.04,76.51,382.53,Paid,Marketing,Software Subscriptions
ACCOUNTS_PAYABLE_00013602,duplicate_business_key,HIGH,"Same vendor_id, invoice_date, invoice_amount combination appears on more than one record",2026-09-14T18:02:42.816798+00:00,ACCOUNTS_PAYABLE_00013602,13601,APINV_00013773,VEND_0016,ENT_UK,2023-07-14,2023-08-13,2023-08-13,GBP,3635.03,605.84,3029.19,Paid,Operations,
ACCOUNTS_PAYABLE_00013670,duplicate_business_key,HIGH,"Same vendor_id, invoice_date, invoice_amount combination appears on more than one record",2026-09-14T18:02:42.816798+00:00,ACCOUNTS_PAYABLE_00013670,13669,APINV_00013841,VEND_0005,ENT_UK,2023-07-28,2023-08-12,2023-08-10,GBP,108.04,18.01,90.03,Paid,R&D,Logistics
ACCOUNTS_PAYABLE_00013907,duplicate_business_key,HIGH,"Same vendor_id, invoice_date, invoice_amount combination appears on more than one record",2026-09-14T18:02:42.816798+00:00,ACCOUNTS_PAYABLE_00013907,13906,APINV_00014078,VEND_0020,ENT_UK,2023-09-11,2023-10-11,2023-10-11,GBP,4304.48,717.41,3587.07,Paid,Sales,Sales Commissions
ACCOUNTS_PAYABLE_00014016,duplicate_business_key,HIGH,"Same vendor_id, invoice_date, invoice_amount combination appears on more than one record",2026-09-14T18:02:42.816798+00:00,ACCOUNTS_PAYABLE_00014016,14015,APINV_00014187,VEND_0011,ENT_UK,2023-09-06,2023-10-06,2023-10-15,GBP,1335.28,222.55,1112.73,Paid,Corporate,Rent
ACCOUNTS_PAYABLE_00014154,duplicate_business_key,HIGH,"Same vendor_id, invoice_date, invoice_amount combination appears on more than one record",2026-09-14T18:02:42.816798+00:00,ACCOUNTS_PAYABLE_00014154,14153,APINV_00014325,VEND_0045,ENT_UK,2023-10-29,2023-12-13,2023-12-24,GBP,238.94,39.82,199.12,Paid,R&D,Marketing
ACCOUNTS_PAYABLE_00014478,duplicate_business_key,HIGH,"Same vendor_id, invoice_date, invoice_amount combination appears on more than one record",2026-09-14T18:02:42.816798+00:00,ACCOUNTS_PAYABLE_00014478,14477,APINV_00014649,VEND_0011,ENT_UK,2023-12-03,2024-01-02,2024-01-23,GBP,538.61,89.77,448.84,Paid,R&D,Professional Services
ACCOUNTS_PAYABLE_00014572,duplicate_business_key,HIGH,"Same vendor_id, invoice_date, invoice_amount combination appears on more than one record",2026-09-14T18:02:42.816798+00:00,ACCOUNTS_PAYABLE_00014572,14571,APINV_00014743,VEND_0022,ENT_UK,2024-01-29,2024-02-28,2024-02-26,GBP,246.8,41.13,205.67,Paid,Operations,Insurance
ACCOUNTS_PAYABLE_00014756,duplicate_business_key,HIGH,"Same vendor_id, invoice_date, invoice_amount combination appears on more than one record",2026-09-14T18:02:42.816798+00:00,ACCOUNTS_PAYABLE_00014756,14755,APINV_00014927,VEND_0038,ENT_UK,2024-02-02,2024-03-03,2024-03-08,GBP,2514.47,419.08,2095.39,Paid,Operations,Logistics
ACCOUNTS_PAYABLE_00014935,duplicate_business_key,HIGH,"Same vendor_id, invoice_date, invoice_amount combination appears on more than one record",2026-09-14T18:02:42.816798+00:00,ACCOUNTS_PAYABLE_00014935,14934,APINV_00015106,VEND_0005,ENT_UK,2024-03-09,2024-03-24,2024-03-30,GBP,236.78,39.46,197.32,Paid,Operations,Travel
ACCOUNTS_PAYABLE_00015120,duplicate_business_key,HIGH,"Same vendor_id, invoice_date, invoice_amount combination appears on more than one record",2026-09-14T18:02:42.816798+00:00,ACCOUNTS_PAYABLE_00015120,15119,APINV_00015291,VEND_0015,ENT_UK,2024-04-05,2024-05-05,2024-05-05,GBP,298.1,49.68,248.42,Paid,Marketing,Professional Services
ACCOUNTS_PAYABLE_00015277,duplicate_business_key,HIGH,"Same vendor_id, invoice_date, invoice_amount combination appears on more than one record",2026-09-14T18:02:42.816798+00:00,ACCOUNTS_PAYABLE_00015277,15276,APINV_00015448,VEND_0003,ENT_UK,2024-05-29,2024-07-28,2024-08-04,GBP,3091.5,515.25,2576.25,Paid,Operations,Sales Commissions
ACCOUNTS_PAYABLE_00015282,duplicate_business_key,HIGH,"Same vendor_id, invoice_date, invoice_amount combination appears on more than one record",2026-09-14T18:02:42.816798+00:00,ACCOUNTS_PAYABLE_00015282,15281,APINV_00015453,VEND_0022,ENT_UK,2024-05-19,2024-06-18,2024-06-06,GBP,424.84,70.81,354.03,Paid,Operations,IT Infrastructure
ACCOUNTS_PAYABLE_00015317,duplicate_business_key,HIGH,"Same vendor_id, invoice_date, invoice_amount combination appears on more than one record",2026-09-14T18:02:42.816798+00:00,ACCOUNTS_PAYABLE_00015317,15316,APINV_00015488,VEND_0022,ENT_UK,2024-05-04,2024-06-03,2024-06-07,GBP,631.28,105.21,526.07,Paid,R&D,Insurance
ACCOUNTS_PAYABLE_00015501,duplicate_business_key,HIGH,"Same vendor_id, invoice_date, invoice_amount combination appears on more than one record",2026-09-14T18:02:42.816798+00:00,ACCOUNTS_PAYABLE_00015501,15500,APINV_00015672,VEND_0011,ENT_UK,2024-06-07,2024-07-07,2024-07-10,GBP,60.05,10.01,50.04,Paid,R&D,Marketing
ACCOUNTS_PAYABLE_00015686,duplicate_business_key,HIGH,"Same vendor_id, invoice_date, invoice_amount combination appears on more than one record",2026-09-14T18:02:42.816798+00:00,ACCOUNTS_PAYABLE_00015686,15685,APINV_00015857,VEND_0015,ENT_UK,2024-07-29,2024-08-28,2024-08-29,GBP,93.49,15.58,77.91,Paid,R&D,Logistics
ACCOUNTS_PAYABLE_00015981,duplicate_business_key,HIGH,"Same vendor_id, invoice_date, invoice_amount combination appears on more than one record",2026-09-14T18:02:42.816798+00:00,ACCOUNTS_PAYABLE_00015981,15980,APINV_00016152,VEND_0032,ENT_UK,2024-09-29,2024-11-28,2024-12-03,GBP,1185.47,197.58,987.89,Paid,Marketing,Marketing
ACCOUNTS_PAYABLE_00015993,duplicate_business_key,HIGH,"Same vendor_id, invoice_date, invoice_amount combination appears on more than one record",2026-09-14T18:02:42.816798+00:00,ACCOUNTS_PAYABLE_00015993,15992,APINV_00016164,VEND_0032,ENT_UK,2024-09-04,2024-11-03,2024-11-08,GBP,59.75,9.96,49.79,Paid,Marketing,IT Infrastructure
ACCOUNTS_PAYABLE_00015996,duplicate_business_key,HIGH,"Same vendor_id, invoice_date, invoice_amount combination appears on more than one record",2026-09-14T18:02:42.816798+00:00,ACCOUNTS_PAYABLE_00015996,15995,APINV_00016167,VEND_0003,ENT_UK,2024-09-06,2024-11-05,2024-11-04,GBP,180.55,30.09,150.46,Paid,Marketing,IT Infrastructure
ACCOUNTS_PAYABLE_00016137,duplicate_business_key,HIGH,"Same vendor_id, invoice_date, invoice_amount combination appears on more than one record",2026-09-14T18:02:42.816798+00:00,ACCOUNTS_PAYABLE_00016137,16136,APINV_00016308,VEND_0002,ENT_UK,2024-10-03,2024-11-02,2024-11-05,,779.86,129.98,649.88,Paid,Operations,Travel
ACCOUNTS_PAYABLE_00016179,duplicate_business_key,HIGH,"Same vendor_id, invoice_date, invoice_amount combination appears on more than one record",2026-09-14T18:02:42.816798+00:00,ACCOUNTS_PAYABLE_00016179,16178,APINV_00016350,VEND_0035,ENT_UK,2024-10-06,2024-11-05,2024-11-06,GBP,256.02,42.67,213.35,Paid,R&D,Insurance
ACCOUNTS_PAYABLE_00016200,duplicate_business_key,HIGH,"Same vendor_id, invoice_date, invoice_amount combination appears on more than one record",2026-09-14T18:02:42.816798+00:00,ACCOUNTS_PAYABLE_00016200,16199,APINV_00016371,VEND_0038,ENT_UK,2024-10-07,2024-11-06,2024-11-15,GBP,136.32,22.72,113.6,Paid,R&D,Logistics
ACCOUNTS_PAYABLE_00016217,duplicate_business_key,HIGH,"Same vendor_id, invoice_date, invoice_amount combination appears on more than one record",2026-09-14T18:02:42.816798+00:00,ACCOUNTS_PAYABLE_00016217,16216,APINV_00016388,VEND_0045,ENT_UK,2024-10-13,2024-11-27,2024-12-11,GBP,860.6,143.43,717.17,Paid,Corporate,
ACCOUNTS_PAYABLE_00016260,duplicate_business_key,HIGH,"Same vendor_id, invoice_date, invoice_amount combination appears on more than one record",2026-09-14T18:02:42.816798+00:00,ACCOUNTS_PAYABLE_00016260,16259,APINV_00016431,VEND_0017,ENT_UK,2024-11-29,2024-12-29,2024-12-19,USD,105.8,17.63,88.17,Paid,Sales,Insurance
ACCOUNTS_PAYABLE_00016576,duplicate_business_key,HIGH,"Same vendor_id, invoice_date, invoice_amount combination appears on more than one record",2026-09-14T18:02:42.816798+00:00,ACCOUNTS_PAYABLE_00016576,16575,APINV_00016747,VEND_0020,ENT_UK,2024-12-29,2025-01-28,2025-02-11,GBP,704.57,117.43,587.14,Paid,Corporate,Software Subscriptions
ACCOUNTS_PAYABLE_00016656,duplicate_business_key,HIGH,"Same vendor_id, invoice_date, invoice_amount combination appears on more than one record",2026-09-14T18:02:42.816798+00:00,ACCOUNTS_PAYABLE_00016656,16655,APINV_00016827,VEND_0002,ENT_UK,2025-01-11,2025-02-10,2025-02-23,GBP,205.82,34.3,171.52,Paid,,Utilities
ACCOUNTS_PAYABLE_00016728,duplicate_business_key,HIGH,"Same vendor_id, invoice_date, invoice_amount combination appears on more than one record",2026-09-14T18:02:42.816798+00:00,ACCOUNTS_PAYABLE_00016728,16727,APINV_00016899,VEND_0035,ENT_UK,2025-01-17,2025-02-16,2025-02-21,GBP,365.81,60.97,304.84,Paid,R&D,Utilities
ACCOUNTS_PAYABLE_00016751,duplicate_business_key,HIGH,"Same vendor_id, invoice_date, invoice_amount combination appears on more than one record",2026-09-14T18:02:42.816798+00:00,ACCOUNTS_PAYABLE_00016751,16750,APINV_00016922,VEND_0013,ENT_UK,2025-01-27,2025-02-26,2025-02-20,GBP,467.84,77.97,389.87,Paid,,Software Subscriptions
ACCOUNTS_PAYABLE_00016754,duplicate_business_key,HIGH,"Same vendor_id, invoice_date, invoice_amount combination appears on more than one record",2026-09-14T18:02:42.816798+00:00,ACCOUNTS_PAYABLE_00016754,16753,APINV_00016925,VEND_0003,ENT_UK,2025-01-25,2025-03-26,2025-03-27,GBP,485.59,80.93,404.66,Paid,Corporate,Professional Services
ACCOUNTS_PAYABLE_00017168,duplicate_business_key,HIGH,"Same vendor_id, invoice_date, invoice_amount combination appears on more than one record",2026-09-14T18:02:42.816798+00:00,ACCOUNTS_PAYABLE_00017168,17167,APINV_00017339,VEND_0003,ENT_UK,2025-04-09,2025-06-08,2025-06-16,GBP,198.65,33.11,165.54,Paid,Operations,Insurance
ACCOUNTS_PAYABLE_00017373,duplicate_business_key,HIGH,"Same vendor_id, invoice_date, invoice_amount combination appears on more than one record",2026-09-14T18:02:42.816798+00:00,ACCOUNTS_PAYABLE_00017373,17372,APINV_00017544,VEND_0002,ENT_UK,2025-05-08,2025-06-07,2025-06-09,GBP,251.36,41.89,209.47,Paid,Operations,IT Infrastructure
ACCOUNTS_PAYABLE_00017512,duplicate_business_key,HIGH,"Same vendor_id, invoice_date, invoice_amount combination appears on more than one record",2026-09-14T18:02:42.816798+00:00,ACCOUNTS_PAYABLE_00017512,17511,APINV_00017683,VEND_0045,ENT_UK,2025-06-10,2025-07-25,2025-07-28,GBP,1587.97,264.66,1323.31,Paid,Sales,Travel
ACCOUNTS_PAYABLE_00017582,duplicate_business_key,HIGH,"Same vendor_id, invoice_date, invoice_amount combination appears on more than one record",2026-09-14T18:02:42.816798+00:00,ACCOUNTS_PAYABLE_00017582,17581,APINV_00017753,VEND_0038,ENT_UK,2025-06-26,2025-07-26,2025-07-31,GBP,309.66,51.61,258.05,Paid,R&D,Rent
ACCOUNTS_PAYABLE_00017642,duplicate_business_key,HIGH,"Same vendor_id, invoice_date, invoice_amount combination appears on more than one record",2026-09-14T18:02:42.816798+00:00,ACCOUNTS_PAYABLE_00017642,17641,APINV_00017813,VEND_0011,ENT_UK,2025-06-07,2025-07-07,2025-07-08,GBP,120.36,20.06,100.3,Paid,Corporate,Marketing
ACCOUNTS_PAYABLE_00017660,duplicate_business_key,HIGH,"Same vendor_id, invoice_date, invoice_amount combination appears on more than one record",2026-09-14T18:02:42.816798+00:00,ACCOUNTS_PAYABLE_00017660,17659,APINV_00017831,VEND_0020,ENT_UK,2025-07-07,2025-08-06,2025-08-05,GBP,68.78,11.46,57.32,Paid,,Insurance
ACCOUNTS_PAYABLE_00017661,duplicate_business_key,HIGH,"Same vendor_id, invoice_date, invoice_amount combination appears on more than one record",2026-09-14T18:02:42.816798+00:00,ACCOUNTS_PAYABLE_00017661,17660,APINV_00017832,VEND_0017,ENT_UK,2025-07-06,2025-08-05,2025-07-30,USD,389.03,64.84,324.19,Paid,Sales,Insurance
ACCOUNTS_PAYABLE_00018116,duplicate_business_key,HIGH,"Same vendor_id, invoice_date, invoice_amount combination appears on more than one record",2026-09-14T18:02:42.816798+00:00,ACCOUNTS_PAYABLE_00018116,18115,APINV_00018287,VEND_0003,ENT_UK,2025-09-05,2025-11-04,2025-11-11,GBP,609.41,101.57,507.84,Paid,R&D,Professional Services
ACCOUNTS_PAYABLE_00018427,duplicate_business_key,HIGH,"Same vendor_id, invoice_date, invoice_amount combination appears on more than one record",2026-09-14T18:02:42.816798+00:00,ACCOUNTS_PAYABLE_00018427,18426,APINV_00018598,VEND_0017,ENT_UK,2025-11-06,2025-12-06,2025-12-01,USD,112.64,18.77,93.87,Paid,Marketing,Insurance
ACCOUNTS_PAYABLE_00018565,duplicate_business_key,HIGH,"Same vendor_id, invoice_date, invoice_amount combination appears on more than one record",2026-09-14T18:02:42.816798+00:00,ACCOUNTS_PAYABLE_00018565,18564,APINV_00018736,VEND_0045,ENT_UK,2025-12-02,2026-01-16,,GBP,210.8,35.13,175.67,Open,,Travel
ACCOUNTS_PAYABLE_00018648,duplicate_business_key,HIGH,"Same vendor_id, invoice_date, invoice_amount combination appears on more than one record",2026-09-14T18:02:42.816798+00:00,ACCOUNTS_PAYABLE_00018648,18647,APINV_00018819,VEND_0011,ENT_UK,2025-12-25,2026-01-24,,GBP,564.79,94.13,470.66,Open,,Software Subscriptions
ACCOUNTS_PAYABLE_00018684,duplicate_business_key,HIGH,"Same vendor_id, invoice_date, invoice_amount combination appears on more than one record",2026-09-14T18:02:42.816798+00:00,ACCOUNTS_PAYABLE_00018684,18683,APINV_00018855,VEND_0022,ENT_UK,2025-12-07,2026-01-06,,GBP,157.31,26.22,131.09,Open,Corporate,Professional Services
ACCOUNTS_PAYABLE_00018745,duplicate_business_key,HIGH,"Same vendor_id, invoice_date, invoice_amount combination appears on more than one record",2026-09-14T18:02:42.816798+00:00,ACCOUNTS_PAYABLE_00018745,18744,APINV_INV_00000040,VEND_0043,ENT_EU,2023-07-07,2023-08-21,2023-08-21,EUR,38479.54,6143.79,32335.75,Paid,Operations,Raw Materials
ACCOUNTS_PAYABLE_00018769,duplicate_business_key,HIGH,"Same vendor_id, invoice_date, invoice_amount combination appears on more than one record",2026-09-14T18:02:42.816798+00:00,ACCOUNTS_PAYABLE_00018769,18768,APINV_INV_00000070,VEND_0029,ENT_EU,2023-12-03,2024-01-02,2024-01-10,EUR,40002.29,6386.92,33615.37,Paid,Operations,Raw Materials
ACCOUNTS_PAYABLE_00018904,duplicate_business_key,HIGH,"Same vendor_id, invoice_date, invoice_amount combination appears on more than one record",2026-09-14T18:02:42.816798+00:00,ACCOUNTS_PAYABLE_00018904,18903,APINV_INV_00000205,VEND_0043,ENT_EU,2025-11-03,2025-12-18,2025-12-09,EUR,141883.19,22653.62,119229.57,Paid,Sales,Raw Materials
ACCOUNTS_PAYABLE_00019048,duplicate_business_key,HIGH,"Same vendor_id, invoice_date, invoice_amount combination appears on more than one record",2026-09-14T18:02:42.816798+00:00,ACCOUNTS_PAYABLE_00019048,19047,APINV_INV_00000349,VEND_0001,ENT_US,2024-11-03,2024-12-18,2024-12-22,EUR,151832.54,9932.97,141899.57,Paid,Sales,Raw Materials
ACCOUNTS_PAYABLE_00019348,duplicate_business_key,HIGH,"Same vendor_id, invoice_date, invoice_amount combination appears on more than one record",2026-09-14T18:02:42.816798+00:00,ACCOUNTS_PAYABLE_00019348,19347,APINV_00015857,VEND_0015,ENT_UK,2024-07-29,2024-08-28,2024-08-29,GBP,93.49,15.58,77.91,Paid,R&D,Logistics
ACCOUNTS_PAYABLE_00019349,duplicate_business_key,HIGH,"Same vendor_id, invoice_date, invoice_amount combination appears on more than one record",2026-09-14T18:02:42.816798+00:00,ACCOUNTS_PAYABLE_00019349,19348,APINV_00016431,VEND_0017,ENT_UK,2024-11-29,2024-12-29,2024-12-19,USD,105.8,17.63,88.17,Paid,Sales,Insurance
ACCOUNTS_PAYABLE_00019350,duplicate_business_key,HIGH,"Same vendor_id, invoice_date, invoice_amount combination appears on more than one record",2026-09-14T18:02:42.816798+00:00,ACCOUNTS_PAYABLE_00019350,19349,APINV_00006766,VEND_0039,ENT_US,2023-03-27,2023-04-26,2023-05-09,USD,210.8,13.79,197.01,Paid,Marketing,Travel
ACCOUNTS_PAYABLE_00019351,duplicate_business_key,HIGH,"Same vendor_id, invoice_date, invoice_amount combination appears on more than one record",2026-09-14T18:02:42.816798+00:00,ACCOUNTS_PAYABLE_00019351,19350,APINV_00001401,VEND_0030,ENT_EU,2023-09-26,2023-11-10,2023-10-30,USD,194.97,31.13,163.84,Paid,Sales,Software Subscriptions
ACCOUNTS_PAYABLE_00019352,duplicate_business_key,HIGH,"Same vendor_id, invoice_date, invoice_amount combination appears on more than one record",2026-09-14T18:02:42.816798+00:00,ACCOUNTS_PAYABLE_00019352,19351,APINV_00016899,VEND_0035,ENT_UK,2025-01-17,2025-02-16,2025-02-21,GBP,365.81,60.97,304.84,Paid,R&D,Utilities
ACCOUNTS_PAYABLE_00019353,duplicate_business_key,HIGH,"Same vendor_id, invoice_date, invoice_amount combination appears on more than one record",2026-09-14T18:02:42.816798+00:00,ACCOUNTS_PAYABLE_00019353,19352,APINV_00013619,VEND_0016,ENT_UK,2023-06-09,2023-07-09,2023-07-01,GBP,459.04,76.51,382.53,Paid,Marketing,Software Subscriptions
ACCOUNTS_PAYABLE_00019354,duplicate_business_key,HIGH,"Same vendor_id, invoice_date, invoice_amount combination appears on more than one record",2026-09-14T18:02:42.816798+00:00,ACCOUNTS_PAYABLE_00019354,19353,APINV_00004779,VEND_0043,ENT_EU,2025-04-10,2025-05-25,2025-05-26,EUR,279.72,44.66,235.06,Paid,Sales,Utilities
ACCOUNTS_PAYABLE_00019355,duplicate_business_key,HIGH,"Same vendor_id, invoice_date, invoice_amount combination appears on more than one record",2026-09-14T18:02:42.816798+00:00,ACCOUNTS_PAYABLE_00019355,19354,APINV_00015488,VEND_0022,ENT_UK,2024-05-04,2024-06-03,2024-06-07,GBP,631.28,105.21,526.07,Paid,R&D,Insurance
ACCOUNTS_PAYABLE_00019356,duplicate_business_key,HIGH,"Same vendor_id, invoice_date, invoice_amount combination appears on more than one record",2026-09-14T18:02:42.816798+00:00,ACCOUNTS_PAYABLE_00019356,19355,APINV_00013841,VEND_0005,ENT_UK,2023-07-28,2023-08-12,2023-08-10,GBP,108.04,18.01,90.03,Paid,R&D,Logistics
ACCOUNTS_PAYABLE_00019357,duplicate_business_key,HIGH,"Same vendor_id, invoice_date, invoice_amount combination appears on more than one record",2026-09-14T18:02:42.816798+00:00,ACCOUNTS_PAYABLE_00019357,19356,APINV_00008849,VEND_0019,ENT_US,2024-03-06,2024-04-20,2024-05-01,USD,455.43,29.79,425.64,Paid,,Utilities
ACCOUNTS_PAYABLE_00019358,duplicate_business_key,HIGH,"Same vendor_id, invoice_date, invoice_amount combination appears on more than one record",2026-09-14T18:02:42.816798+00:00,ACCOUNTS_PAYABLE_00019358,19357,APINV_00002544,VEND_0030,ENT_EU,2024-03-20,2024-05-04,2024-05-03,USD,910.49,145.37,765.12,Paid,Operations,IT Infrastructure
ACCOUNTS_PAYABLE_00019359,duplicate_business_key,HIGH,"Same vendor_id, invoice_date, invoice_amount combination appears on more than one record",2026-09-14T18:02:42.816798+00:00,ACCOUNTS_PAYABLE_00019359,19358,APINV_00018819,VEND_0011,ENT_UK,2025-12-25,2026-01-24,,GBP,564.79,94.13,470.66,Open,R&D,Software Subscriptions
ACCOUNTS_PAYABLE_00019360,duplicate_business_key,HIGH,"Same vendor_id, invoice_date, invoice_amount combination appears on more than one record",2026-09-14T18:02:42.816798+00:00,ACCOUNTS_PAYABLE_00019360,19359,APINV_INV_00000070,VEND_0029,ENT_EU,2023-12-03,2024-01-02,2024-01-10,EUR,40002.29,6386.92,33615.37,Paid,Operations,
ACCOUNTS_PAYABLE_00019361,duplicate_business_key,HIGH,"Same vendor_id, invoice_date, invoice_amount combination appears on more than one record",2026-09-14T18:02:42.816798+00:00,ACCOUNTS_PAYABLE_00019361,19360,APINV_00000226,VEND_0010,ENT_EU,2023-02-27,2023-03-29,2023-03-24,EUR,3513.81,561.03,2952.78,Paid,Operations,Logistics
ACCOUNTS_PAYABLE_00019362,duplicate_business_key,HIGH,"Same vendor_id, invoice_date, invoice_amount combination appears on more than one record",2026-09-14T18:02:42.816798+00:00,ACCOUNTS_PAYABLE_00019362,19361,APINV_00017753,VEND_0038,ENT_UK,2025-06-26,2025-07-26,2025-07-31,GBP,309.66,51.61,258.05,Paid,R&D,Rent
ACCOUNTS_PAYABLE_00019363,duplicate_business_key,HIGH,"Same vendor_id, invoice_date, invoice_amount combination appears on more than one record",2026-09-14T18:02:42.816798+00:00,ACCOUNTS_PAYABLE_00019363,19362,APINV_00013043,VEND_0045,ENT_UK,2023-03-19,2023-05-03,2023-05-09,GBP,857.33,142.89,714.44,Paid,Operations,Professional Services
ACCOUNTS_PAYABLE_00019364,duplicate_business_key,HIGH,"Same vendor_id, invoice_date, invoice_amount combination appears on more than one record",2026-09-14T18:02:42.816798+00:00,ACCOUNTS_PAYABLE_00019364,19363,APINV_00004943,VEND_0007,ENT_EU,2025-05-01,2025-06-15,2025-06-30,GBP,705.15,112.59,592.56,Paid,Sales,Insurance
ACCOUNTS_PAYABLE_00019365,duplicate_business_key,HIGH,"Same vendor_id, invoice_date, invoice_amount combination appears on more than one record",2026-09-14T18:02:42.816798+00:00,ACCOUNTS_PAYABLE_00019365,19364,APINV_00000174,VEND_0030,ENT_EU,2023-01-17,2023-03-03,2023-03-25,USD,26.63,4.25,22.38,Paid,Corporate,IT Infrastructure
ACCOUNTS_PAYABLE_00019367,duplicate_business_key,HIGH,"Same vendor_id, invoice_date, invoice_amount combination appears on more than one record",2026-09-14T18:02:42.816798+00:00,ACCOUNTS_PAYABLE_00019367,19366,APINV_00003096,VEND_0012,ENT_EU,2024-06-06,2024-08-05,2024-08-17,EUR,181.03,28.9,152.13,Paid,R&D,Software Subscriptions
ACCOUNTS_PAYABLE_00019368,duplicate_business_key,HIGH,"Same vendor_id, invoice_date, invoice_amount combination appears on more than one record",2026-09-14T18:02:42.816798+00:00,ACCOUNTS_PAYABLE_00019368,19367,APINV_00017683,VEND_0045,ENT_UK,2025-06-10,2025-07-25,2025-07-28,GBP,1587.97,264.66,1323.31,Paid,Sales,Travel
ACCOUNTS_PAYABLE_00019369,duplicate_business_key,HIGH,"Same vendor_id, invoice_date, invoice_amount combination appears on more than one record",2026-09-14T18:02:42.816798+00:00,ACCOUNTS_PAYABLE_00019369,19368,APINV_00000938,VEND_0043,ENT_EU,2023-06-06,2023-07-21,2023-07-17,EUR,156.02,24.91,131.11,Paid,Operations,Insurance
ACCOUNTS_PAYABLE_00019370,duplicate_business_key,HIGH,"Same vendor_id, invoice_date, invoice_amount combination appears on more than one record",2026-09-14T18:02:42.816798+00:00,ACCOUNTS_PAYABLE_00019370,19369,APINV_00000785,VEND_0006,ENT_EU,2023-05-03,2023-07-02,2023-07-18,EUR,181.18,28.93,152.25,Paid,Marketing,Insurance
ACCOUNTS_PAYABLE_00019371,duplicate_business_key,HIGH,"Same vendor_id, invoice_date, invoice_amount combination appears on more than one record",2026-09-14T18:02:42.816798+00:00,ACCOUNTS_PAYABLE_00019371,19370,APINV_00008110,VEND_0025,ENT_US,2023-11-13,2023-12-28,2023-12-27,USD,314.31,20.56,293.75,Paid,Operations,Rent
ACCOUNTS_PAYABLE_00019372,duplicate_business_key,HIGH,"Same vendor_id, invoice_date, invoice_amount combination appears on more than one record",2026-09-14T18:02:42.816798+00:00,ACCOUNTS_PAYABLE_00019372,19371,APINV_00001002,VEND_0021,ENT_EU,2023-06-28,2023-08-12,2023-08-11,EUR,609.45,97.31,512.14,Paid,R&D,Insurance
ACCOUNTS_PAYABLE_00019373,duplicate_business_key,HIGH,"Same vendor_id, invoice_date, invoice_amount combination appears on more than one record",2026-09-14T18:02:42.816798+00:00,ACCOUNTS_PAYABLE_00019373,19372,APINV_00012211,VEND_0031,ENT_US,2025-10-28,2025-12-12,2025-12-25,EUR,916.86,59.98,856.88,Paid,R&D,Insurance
ACCOUNTS_PAYABLE_00019374,duplicate_business_key,HIGH,"Same vendor_id, invoice_date, invoice_amount combination appears on more than one record",2026-09-14T18:02:42.816798+00:00,ACCOUNTS_PAYABLE_00019374,19373,APINV_00006096,VEND_0012,ENT_EU,2025-11-10,2026-01-09,,EUR,346.33,55.3,291.03,Open,R&D,Marketing
ACCOUNTS_PAYABLE_00019375,duplicate_business_key,HIGH,"Same vendor_id, invoice_date, invoice_amount combination appears on more than one record",2026-09-14T18:02:42.816798+00:00,ACCOUNTS_PAYABLE_00019375,19374,APINV_00011316,VEND_0019,ENT_US,2025-05-14,2025-06-28,2025-07-01,USD,2137.49,139.84,1997.65,Paid,Marketing,Marketing
ACCOUNTS_PAYABLE_00019376,duplicate_business_key,HIGH,"Same vendor_id, invoice_date, invoice_amount combination appears on more than one record",2026-09-14T18:02:42.816798+00:00,ACCOUNTS_PAYABLE_00019376,19375,APINV_00012811,VEND_0013,ENT_UK,2023-01-05,2023-02-04,2023-02-03,GBP,85.63,14.27,71.36,Paid,Corporate,Travel
ACCOUNTS_PAYABLE_00019377,duplicate_business_key,HIGH,"Same vendor_id, invoice_date, invoice_amount combination appears on more than one record",2026-09-14T18:02:42.816798+00:00,ACCOUNTS_PAYABLE_00019377,19376,APINV_00000764,VEND_0027,ENT_EU,2023-05-26,2023-06-25,2023-06-20,EUR,91.98,14.69,77.29,Paid,Operations,Utilities
ACCOUNTS_PAYABLE_00019378,duplicate_business_key,HIGH,"Same vendor_id, invoice_date, invoice_amount combination appears on more than one record",2026-09-14T18:02:42.816798+00:00,ACCOUNTS_PAYABLE_00019378,19377,APINV_00004011,VEND_0006,ENT_EU,2024-11-05,2025-01-04,2025-01-03,EUR,468.53,74.81,393.72,Paid,R&D,Software Subscriptions
ACCOUNTS_PAYABLE_00019379,duplicate_business_key,HIGH,"Same vendor_id, invoice_date, invoice_amount combination appears on more than one record",2026-09-14T18:02:42.816798+00:00,ACCOUNTS_PAYABLE_00019379,19378,APINV_00000784,VEND_0012,ENT_EU,2023-05-03,2023-07-02,2023-06-30,EUR,770.92,123.09,647.83,Paid,Marketing,Rent
ACCOUNTS_PAYABLE_00019380,duplicate_business_key,HIGH,"Same vendor_id, invoice_date, invoice_amount combination appears on more than one record",2026-09-14T18:02:42.816798+00:00,ACCOUNTS_PAYABLE_00019380,19379,APINV_00010788,VEND_0019,ENT_US,2025-02-24,2025-04-10,2025-04-13,USD,145.48,9.52,135.96,Paid,Marketing,IT Infrastructure
ACCOUNTS_PAYABLE_00019381,duplicate_business_key,HIGH,"Same vendor_id, invoice_date, invoice_amount combination appears on more than one record",2026-09-14T18:02:42.816798+00:00,ACCOUNTS_PAYABLE_00019381,19380,APINV_00008723,VEND_0004,ENT_US,2024-02-26,2024-04-11,2024-04-15,USD,32.27,2.11,30.16,Paid,R&D,Sales Commissions
ACCOUNTS_PAYABLE_00019382,duplicate_business_key,HIGH,"Same vendor_id, invoice_date, invoice_amount combination appears on more than one record",2026-09-14T18:02:42.816798+00:00,ACCOUNTS_PAYABLE_00019382,19381,APINV_INV_00000205,VEND_0043,ENT_EU,2025-11-03,2025-12-18,2025-12-09,EUR,141883.19,22653.62,119229.57,Paid,,Raw Materials
ACCOUNTS_PAYABLE_00019383,duplicate_business_key,HIGH,"Same vendor_id, invoice_date, invoice_amount combination appears on more than one record",2026-09-14T18:02:42.816798+00:00,ACCOUNTS_PAYABLE_00019383,19382,APINV_00007592,VEND_0001,ENT_US,2023-08-10,2023-09-24,2023-09-26,EUR,605.12,39.59,565.53,Paid,Operations,Software Subscriptions
ACCOUNTS_PAYABLE_00019384,duplicate_business_key,HIGH,"Same vendor_id, invoice_date, invoice_amount combination appears on more than one record",2026-09-14T18:02:42.816798+00:00,ACCOUNTS_PAYABLE_00019384,19383,APINV_00006600,VEND_0009,ENT_US,2023-02-22,2023-03-09,2023-02-28,USD,693.83,45.39,648.44,Paid,R&D,Insurance
ACCOUNTS_PAYABLE_00019385,duplicate_business_key,HIGH,"Same vendor_id, invoice_date, invoice_amount combination appears on more than one record",2026-09-14T18:02:42.816798+00:00,ACCOUNTS_PAYABLE_00019385,19384,APINV_00016827,VEND_0002,ENT_UK,2025-01-11,2025-02-10,2025-02-23,GBP,205.82,34.3,171.52,Paid,Operations,Utilities
ACCOUNTS_PAYABLE_00019386,duplicate_business_key,HIGH,"Same vendor_id, invoice_date, invoice_amount combination appears on more than one record",2026-09-14T18:02:42.816798+00:00,ACCOUNTS_PAYABLE_00019386,19385,APINV_00006271,VEND_0007,ENT_EU,2025-12-10,2026-01-24,,GBP,129.31,20.65,108.66,Open,R&D,Logistics
ACCOUNTS_PAYABLE_00019387,duplicate_business_key,HIGH,"Same vendor_id, invoice_date, invoice_amount combination appears on more than one record",2026-09-14T18:02:42.816798+00:00,ACCOUNTS_PAYABLE_00019387,19386,APINV_00008428,VEND_0039,ENT_US,2024-01-23,2024-02-22,2024-02-25,USD,377.74,24.71,353.03,Paid,,Utilities
ACCOUNTS_PAYABLE_00019388,duplicate_business_key,HIGH,"Same vendor_id, invoice_date, invoice_amount combination appears on more than one record",2026-09-14T18:02:42.816798+00:00,ACCOUNTS_PAYABLE_00019388,19387,APINV_00002027,VEND_0021,ENT_EU,2023-12-03,2024-01-17,2024-01-26,EUR,271.76,43.39,228.37,Paid,Marketing,Professional Services
ACCOUNTS_PAYABLE_00019389,duplicate_business_key,HIGH,"Same vendor_id, invoice_date, invoice_amount combination appears on more than one record",2026-09-14T18:02:42.816798+00:00,ACCOUNTS_PAYABLE_00019389,19388,APINV_00001471,VEND_0030,ENT_EU,2023-09-06,2023-10-21,2023-10-14,USD,382.63,61.09,321.54,Paid,Marketing,Insurance
ACCOUNTS_PAYABLE_00019390,duplicate_business_key,HIGH,"Same vendor_id, invoice_date, invoice_amount combination appears on more than one record",2026-09-14T18:02:42.816798+00:00,ACCOUNTS_PAYABLE_00019390,19389,APINV_00009132,VEND_0009,ENT_US,2024-05-28,2024-06-12,2024-06-11,USD,1340.06,87.67,1252.39,Paid,Operations,Rent
ACCOUNTS_PAYABLE_00019391,duplicate_business_key,HIGH,"Same vendor_id, invoice_date, invoice_amount combination appears on more than one record",2026-09-14T18:02:42.816798+00:00,ACCOUNTS_PAYABLE_00019391,19390,APINV_00015291,VEND_0015,ENT_UK,2024-04-05,2024-05-05,2024-05-05,GBP,298.1,49.68,248.42,Paid,,Professional Services
ACCOUNTS_PAYABLE_00019392,duplicate_business_key,HIGH,"Same vendor_id, invoice_date, invoice_amount combination appears on more than one record",2026-09-14T18:02:42.816798+00:00,ACCOUNTS_PAYABLE_00019392,19391,APINV_00012189,VEND_0039,ENT_US,2025-10-23,2025-11-22,2025-11-24,USD,256.7,16.79,239.91,Paid,Marketing,Utilities
ACCOUNTS_PAYABLE_00019393,duplicate_business_key,HIGH,"Same vendor_id, invoice_date, invoice_amount combination appears on more than one record",2026-09-14T18:02:42.816798+00:00,ACCOUNTS_PAYABLE_00019393,19392,APINV_00003161,VEND_0012,ENT_EU,2024-07-12,2024-09-10,2024-09-09,EUR,2047.41,326.9,1720.51,Paid,Sales,Rent
ACCOUNTS_PAYABLE_00019394,duplicate_business_key,HIGH,"Same vendor_id, invoice_date, invoice_amount combination appears on more than one record",2026-09-14T18:02:42.816798+00:00,ACCOUNTS_PAYABLE_00019394,19393,APINV_00016371,VEND_0038,ENT_UK,2024-10-07,2024-11-06,2024-11-15,GBP,136.32,22.72,113.6,Paid,R&D,Logistics
ACCOUNTS_PAYABLE_00019395,duplicate_business_key,HIGH,"Same vendor_id, invoice_date, invoice_amount combination appears on more than one record",2026-09-14T18:02:42.816798+00:00,ACCOUNTS_PAYABLE_00019395,19394,APINV_00004730,VEND_0043,ENT_EU,2025-03-21,2025-05-05,2025-05-12,CHF,41.64,6.65,34.99,Paid,R&D,IT Infrastructure
ACCOUNTS_PAYABLE_00019396,duplicate_business_key,HIGH,"Same vendor_id, invoice_date, invoice_amount combination appears on more than one record",2026-09-14T18:02:42.816798+00:00,ACCOUNTS_PAYABLE_00019396,19395,APINV_00016388,VEND_0045,ENT_UK,2024-10-13,2024-11-27,2024-12-11,GBP,860.6,143.43,717.17,Paid,Corporate,
ACCOUNTS_PAYABLE_00019397,duplicate_business_key,HIGH,"Same vendor_id, invoice_date, invoice_amount combination appears on more than one record",2026-09-14T18:02:42.816798+00:00,ACCOUNTS_PAYABLE_00019397,19396,APINV_00011426,VEND_0040,ENT_US,2025-06-30,2025-08-14,2025-08-29,USD,863.19,56.47,806.72,Paid,Sales,Travel
ACCOUNTS_PAYABLE_00019398,duplicate_business_key,HIGH,"Same vendor_id, invoice_date, invoice_amount combination appears on more than one record",2026-09-14T18:02:42.816798+00:00,ACCOUNTS_PAYABLE_00019398,19397,APINV_00018855,VEND_0022,ENT_UK,2025-12-07,2026-01-06,,GBP,157.31,26.22,131.09,Open,Corporate,Professional Services
ACCOUNTS_PAYABLE_00019399,duplicate_business_key,HIGH,"Same vendor_id, invoice_date, invoice_amount combination appears on more than one record",2026-09-14T18:02:42.816798+00:00,ACCOUNTS_PAYABLE_00019399,19398,APINV_00000810,VEND_0027,ENT_EU,2023-05-24,2023-06-23,2023-06-28,EUR,1816.11,289.97,1526.14,Paid,Marketing,Logistics
ACCOUNTS_PAYABLE_00019400,duplicate_business_key,HIGH,"Same vendor_id, invoice_date, invoice_amount combination appears on more than one record",2026-09-14T18:02:42.816798+00:00,ACCOUNTS_PAYABLE_00019400,19399,APINV_00016925,VEND_0003,ENT_UK,2025-01-25,2025-03-26,2025-03-27,GBP,485.59,80.93,404.66,Paid,Corporate,Professional Services
ACCOUNTS_PAYABLE_00019401,duplicate_business_key,HIGH,"Same vendor_id, invoice_date, invoice_amount combination appears on more than one record",2026-09-14T18:02:42.816798+00:00,ACCOUNTS_PAYABLE_00019401,19400,APINV_00017831,VEND_0020,ENT_UK,2025-07-07,2025-08-06,2025-08-05,GBP,68.78,11.46,57.32,Paid,Sales,Insurance
ACCOUNTS_PAYABLE_00019402,duplicate_business_key,HIGH,"Same vendor_id, invoice_date, invoice_amount combination appears on more than one record",2026-09-14T18:02:42.816798+00:00,ACCOUNTS_PAYABLE_00019402,19401,APINV_00006991,VEND_0042,ENT_US,2023-04-29,2023-06-13,2023-06-10,USD,825.1,53.98,771.12,Paid,Corporate,Rent
ACCOUNTS_PAYABLE_00019403,duplicate_business_key,HIGH,"Same vendor_id, invoice_date, invoice_amount combination appears on more than one record",2026-09-14T18:02:42.816798+00:00,ACCOUNTS_PAYABLE_00019403,19402,APINV_00004421,VEND_0012,ENT_EU,2025-01-21,2025-03-22,2025-03-25,EUR,48.39,7.73,40.66,Paid,Corporate,IT Infrastructure
ACCOUNTS_PAYABLE_00019404,duplicate_business_key,HIGH,"Same vendor_id, invoice_date, invoice_amount combination appears on more than one record",2026-09-14T18:02:42.816798+00:00,ACCOUNTS_PAYABLE_00019404,19403,APINV_00015453,VEND_0022,ENT_UK,2024-05-19,2024-06-18,2024-06-06,GBP,424.84,70.81,354.03,Paid,Operations,IT Infrastructure
ACCOUNTS_PAYABLE_00019405,duplicate_business_key,HIGH,"Same vendor_id, invoice_date, invoice_amount combination appears on more than one record",2026-09-14T18:02:42.816798+00:00,ACCOUNTS_PAYABLE_00019405,19404,APINV_00002311,VEND_0037,ENT_EU,2024-02-14,2024-02-29,2024-02-28,EUR,569.71,90.96,478.75,Paid,Sales,Software Subscriptions
ACCOUNTS_PAYABLE_00019406,duplicate_business_key,HIGH,"Same vendor_id, invoice_date, invoice_amount combination appears on more than one record",2026-09-14T18:02:42.816798+00:00,ACCOUNTS_PAYABLE_00019406,19405,APINV_00000157,VEND_0030,ENT_EU,2023-01-25,2023-03-11,2023-03-20,USD,547.73,87.45,460.28,Paid,Corporate,Marketing
ACCOUNTS_PAYABLE_00019407,duplicate_business_key,HIGH,"Same vendor_id, invoice_date, invoice_amount combination appears on more than one record",2026-09-14T18:02:42.816798+00:00,ACCOUNTS_PAYABLE_00019407,19406,APINV_00002671,VEND_0027,ENT_EU,2024-04-29,2024-05-29,2024-05-28,EUR,594.63,94.94,499.69,Paid,Sales,Utilities
ACCOUNTS_PAYABLE_00019408,duplicate_business_key,HIGH,"Same vendor_id, invoice_date, invoice_amount combination appears on more than one record",2026-09-14T18:02:42.816798+00:00,ACCOUNTS_PAYABLE_00019408,19407,APINV_00001136,VEND_0027,ENT_EU,2023-07-09,2023-08-08,2023-08-09,EUR,108.14,17.27,90.87,Paid,Marketing,Software Subscriptions
ACCOUNTS_PAYABLE_00019409,duplicate_business_key,HIGH,"Same vendor_id, invoice_date, invoice_amount combination appears on more than one record",2026-09-14T18:02:42.816798+00:00,ACCOUNTS_PAYABLE_00019409,19408,APINV_00002259,VEND_0012,ENT_EU,2024-01-25,2024-03-25,2024-03-15,EUR,49.74,7.94,41.8,Paid,R&D,Sales Commissions
ACCOUNTS_PAYABLE_00019410,duplicate_business_key,HIGH,"Same vendor_id, invoice_date, invoice_amount combination appears on more than one record",2026-09-14T18:02:42.816798+00:00,ACCOUNTS_PAYABLE_00019410,19409,APINV_00011265,VEND_0039,ENT_US,2025-05-24,2025-06-23,2025-07-05,USD,878.72,57.49,821.23,Paid,Operations,Rent
ACCOUNTS_PAYABLE_00019411,duplicate_business_key,HIGH,"Same vendor_id, invoice_date, invoice_amount combination appears on more than one record",2026-09-14T18:02:42.816798+00:00,ACCOUNTS_PAYABLE_00019411,19410,APINV_00012943,VEND_0002,ENT_UK,2023-02-03,2023-03-05,2023-03-05,GBP,159.56,26.59,132.97,Paid,R&D,Utilities
ACCOUNTS_PAYABLE_00019412,duplicate_business_key,HIGH,"Same vendor_id, invoice_date, invoice_amount combination appears on more than one record",2026-09-14T18:02:42.816798+00:00,ACCOUNTS_PAYABLE_00019412,19411,APINV_INV_00000349,VEND_0001,ENT_US,2024-11-03,2024-12-18,2024-12-22,EUR,151832.54,9932.97,141899.57,Paid,Sales,Raw Materials
ACCOUNTS_PAYABLE_00019413,duplicate_business_key,HIGH,"Same vendor_id, invoice_date, invoice_amount combination appears on more than one record",2026-09-14T18:02:42.816798+00:00,ACCOUNTS_PAYABLE_00019413,19412,APINV_00002774,VEND_0043,ENT_EU,2024-04-29,2024-06-13,2024-06-15,EUR,383.64,61.25,322.39,Paid,R&D,
ACCOUNTS_PAYABLE_00019414,duplicate_business_key,HIGH,"Same vendor_id, invoice_date, invoice_amount combination appears on more than one record",2026-09-14T18:02:42.816798+00:00,ACCOUNTS_PAYABLE_00019414,19413,APINV_00006268,VEND_0028,ENT_EU,2025-12-04,2025-12-19,2025-12-07,EUR,213.38,34.07,179.31,Paid,R&D,Marketing
ACCOUNTS_PAYABLE_00019415,duplicate_business_key,HIGH,"Same vendor_id, invoice_date, invoice_amount combination appears on more than one record",2026-09-14T18:02:42.816798+00:00,ACCOUNTS_PAYABLE_00019415,19414,APINV_00016350,VEND_0035,ENT_UK,2024-10-06,2024-11-05,2024-11-06,GBP,256.02,42.67,213.35,Paid,R&D,Insurance
ACCOUNTS_PAYABLE_00019416,duplicate_business_key,HIGH,"Same vendor_id, invoice_date, invoice_amount combination appears on more than one record",2026-09-14T18:02:42.816798+00:00,ACCOUNTS_PAYABLE_00019416,19415,APINV_00002460,VEND_0043,ENT_EU,2024-02-14,2024-03-30,2024-04-05,EUR,1032.97,164.93,868.04,Paid,Corporate,Software Subscriptions
ACCOUNTS_PAYABLE_00019417,duplicate_business_key,HIGH,"Same vendor_id, invoice_date, invoice_amount combination appears on more than one record",2026-09-14T18:02:42.816798+00:00,ACCOUNTS_PAYABLE_00019417,19416,APINV_00012408,VEND_0019,ENT_US,2025-11-06,2025-12-21,2025-12-18,USD,36.63,2.4,34.23,Paid,R&D,Sales Commissions
ACCOUNTS_PAYABLE_00019418,duplicate_business_key,HIGH,"Same vendor_id, invoice_date, invoice_amount combination appears on more than one record",2026-09-14T18:02:42.816798+00:00,ACCOUNTS_PAYABLE_00019418,19417,APINV_00001644,VEND_0012,ENT_EU,2023-10-26,2023-12-25,2024-01-09,EUR,430.29,68.7,361.59,Paid,Operations,Travel
ACCOUNTS_PAYABLE_00019419,duplicate_business_key,HIGH,"Same vendor_id, invoice_date, invoice_amount combination appears on more than one record",2026-09-14T18:02:42.816798+00:00,ACCOUNTS_PAYABLE_00019419,19418,APINV_00018736,VEND_0045,ENT_UK,2025-12-02,2026-01-16,,GBP,210.8,35.13,175.67,Open,Sales,Travel
ACCOUNTS_PAYABLE_00019420,duplicate_business_key,HIGH,"Same vendor_id, invoice_date, invoice_amount combination appears on more than one record",2026-09-14T18:02:42.816798+00:00,ACCOUNTS_PAYABLE_00019420,19419,APINV_00012701,VEND_0015,ENT_UK,2023-01-05,2023-02-04,2023-02-15,GBP,460.86,76.81,384.05,Paid,Operations,
ACCOUNTS_PAYABLE_00019421,duplicate_business_key,HIGH,"Same vendor_id, invoice_date, invoice_amount combination appears on more than one record",2026-09-14T18:02:42.816798+00:00,ACCOUNTS_PAYABLE_00019421,19420,APINV_00010326,VEND_0040,ENT_US,2024-12-17,2025-01-31,2025-02-13,USD,913.65,,853.88,Paid,Sales,
ACCOUNTS_PAYABLE_00019422,duplicate_business_key,HIGH,"Same vendor_id, invoice_date, invoice_amount combination appears on more than one record",2026-09-14T18:02:42.816798+00:00,ACCOUNTS_PAYABLE_00019422,19421,APINV_00004522,VEND_0021,ENT_EU,2025-02-05,2025-03-22,2025-03-22,EUR,1251.34,199.79,1051.55,Paid,Marketing,
ACCOUNTS_PAYABLE_00019423,duplicate_business_key,HIGH,"Same vendor_id, invoice_date, invoice_amount combination appears on more than one record",2026-09-14T18:02:42.816798+00:00,ACCOUNTS_PAYABLE_00019423,19422,APINV_00015448,VEND_0003,ENT_UK,2024-05-29,2024-07-28,2024-08-04,GBP,3091.5,515.25,2576.25,Paid,Operations,Sales Commissions
ACCOUNTS_PAYABLE_00019424,duplicate_business_key,HIGH,"Same vendor_id, invoice_date, invoice_amount combination appears on more than one record",2026-09-14T18:02:42.816798+00:00,ACCOUNTS_PAYABLE_00019424,19423,APINV_00000193,VEND_0007,ENT_EU,2023-02-07,2023-03-24,2023-04-01,GBP,5434.75,867.73,4567.02,Paid,Sales,Marketing
ACCOUNTS_PAYABLE_00019425,duplicate_business_key,HIGH,"Same vendor_id, invoice_date, invoice_amount combination appears on more than one record",2026-09-14T18:02:42.816798+00:00,ACCOUNTS_PAYABLE_00019425,19424,APINV_00010062,VEND_0018,ENT_US,2024-10-22,2024-11-06,2024-11-10,EUR,616.87,40.36,576.51,Paid,Marketing,Utilities
ACCOUNTS_PAYABLE_00019426,duplicate_business_key,HIGH,"Same vendor_id, invoice_date, invoice_amount combination appears on more than one record",2026-09-14T18:02:42.816798+00:00,ACCOUNTS_PAYABLE_00019426,19425,APINV_00008361,VEND_0036,ENT_US,2023-12-22,2024-01-21,2024-01-27,USD,247.47,16.19,231.28,Paid,R&D,Marketing
ACCOUNTS_PAYABLE_00019427,duplicate_business_key,HIGH,"Same vendor_id, invoice_date, invoice_amount combination appears on more than one record",2026-09-14T18:02:42.816798+00:00,ACCOUNTS_PAYABLE_00019427,19426,APINV_00018598,VEND_0017,ENT_UK,2025-11-06,2025-12-06,2025-12-01,USD,112.64,18.77,93.87,Paid,Marketing,Insurance
ACCOUNTS_PAYABLE_00019428,duplicate_business_key,HIGH,"Same vendor_id, invoice_date, invoice_amount combination appears on more than one record",2026-09-14T18:02:42.816798+00:00,ACCOUNTS_PAYABLE_00019428,19427,APINV_00013531,VEND_0002,ENT_UK,2023-05-01,2023-05-31,2023-05-29,GBP,131.88,21.98,109.9,Paid,Corporate,Travel
ACCOUNTS_PAYABLE_00019429,duplicate_business_key,HIGH,"Same vendor_id, invoice_date, invoice_amount combination appears on more than one record",2026-09-14T18:02:42.816798+00:00,ACCOUNTS_PAYABLE_00019429,19428,APINV_00002412,VEND_0028,ENT_EU,2024-02-26,2024-03-12,2024-03-20,EUR,110.37,,92.75,Paid,Marketing,IT Infrastructure
ACCOUNTS_PAYABLE_00019430,duplicate_business_key,HIGH,"Same vendor_id, invoice_date, invoice_amount combination appears on more than one record",2026-09-14T18:02:42.816798+00:00,ACCOUNTS_PAYABLE_00019430,19429,APINV_00003297,VEND_0014,ENT_EU,2024-07-23,2024-09-06,2024-09-04,EUR,333.12,53.19,279.93,Paid,R&D,Marketing
ACCOUNTS_PAYABLE_00019431,duplicate_business_key,HIGH,"Same vendor_id, invoice_date, invoice_amount combination appears on more than one record",2026-09-14T18:02:42.816798+00:00,ACCOUNTS_PAYABLE_00019431,19430,APINV_INV_00000040,VEND_0043,ENT_EU,2023-07-07,2023-08-21,2023-08-21,EUR,38479.54,6143.79,32335.75,Paid,Operations,Raw Materials
ACCOUNTS_PAYABLE_00019432,duplicate_business_key,HIGH,"Same vendor_id, invoice_date, invoice_amount combination appears on more than one record",2026-09-14T18:02:42.816798+00:00,ACCOUNTS_PAYABLE_00019432,19431,APINV_00017813,VEND_0011,ENT_UK,2025-06-07,2025-07-07,2025-07-08,GBP,120.36,20.06,100.3,Paid,Corporate,Marketing
ACCOUNTS_PAYABLE_00019433,duplicate_business_key,HIGH,"Same vendor_id, invoice_date, invoice_amount combination appears on more than one record",2026-09-14T18:02:42.816798+00:00,ACCOUNTS_PAYABLE_00019433,19432,APINV_00015672,VEND_0011,ENT_UK,2024-06-07,2024-07-07,2024-07-10,GBP,60.05,10.01,50.04,Paid,R&D,Marketing
ACCOUNTS_PAYABLE_00019434,duplicate_business_key,HIGH,"Same vendor_id, invoice_date, invoice_amount combination appears on more than one record",2026-09-14T18:02:42.816798+00:00,ACCOUNTS_PAYABLE_00019434,19433,APINV_00008141,VEND_0034,ENT_US,2023-11-07,2023-12-07,2023-12-05,USD,383.98,25.12,358.86,Paid,Marketing,Insurance
ACCOUNTS_PAYABLE_00019435,duplicate_business_key,HIGH,"Same vendor_id, invoice_date, invoice_amount combination appears on more than one record",2026-09-14T18:02:42.816798+00:00,ACCOUNTS_PAYABLE_00019435,19434,APINV_00001728,VEND_0010,ENT_EU,2023-10-23,2023-11-22,2023-11-23,EUR,1315.45,210.03,1105.42,Paid,Corporate,Rent
ACCOUNTS_PAYABLE_00019436,duplicate_business_key,HIGH,"Same vendor_id, invoice_date, invoice_amount combination appears on more than one record",2026-09-14T18:02:42.816798+00:00,ACCOUNTS_PAYABLE_00019436,19435,APINV_00014743,VEND_0022,ENT_UK,2024-01-29,2024-02-28,2024-02-26,GBP,246.8,41.13,205.67,Paid,Operations,Insurance
ACCOUNTS_PAYABLE_00019437,duplicate_business_key,HIGH,"Same vendor_id, invoice_date, invoice_amount combination appears on more than one record",2026-09-14T18:02:42.816798+00:00,ACCOUNTS_PAYABLE_00019437,19436,APINV_00001930,VEND_0037,ENT_EU,2023-11-11,2023-11-26,2023-12-08,EUR,112.55,17.97,94.58,Paid,Corporate,Logistics
ACCOUNTS_PAYABLE_00019438,duplicate_business_key,HIGH,"Same vendor_id, invoice_date, invoice_amount combination appears on more than one record",2026-09-14T18:02:42.816798+00:00,ACCOUNTS_PAYABLE_00019438,19437,APINV_00017339,VEND_0003,ENT_UK,2025-04-09,2025-06-08,2025-06-16,GBP,198.65,33.11,165.54,Paid,Operations,
ACCOUNTS_PAYABLE_00019439,duplicate_business_key,HIGH,"Same vendor_id, invoice_date, invoice_amount combination appears on more than one record",2026-09-14T18:02:42.816798+00:00,ACCOUNTS_PAYABLE_00019439,19438,APINV_00009174,VEND_0040,ENT_US,2024-05-28,2024-07-12,2024-07-10,USD,198.7,,185.7,Paid,Marketing,Software Subscriptions
ACCOUNTS_PAYABLE_00019440,duplicate_business_key,HIGH,"Same vendor_id, invoice_date, invoice_amount combination appears on more than one record",2026-09-14T18:02:42.816798+00:00,ACCOUNTS_PAYABLE_00019440,19439,APINV_00008213,VEND_0019,ENT_US,2023-11-08,2023-12-23,2024-01-02,USD,870.72,56.96,813.76,Paid,Corporate,Software Subscriptions
ACCOUNTS_PAYABLE_00019441,duplicate_business_key,HIGH,"Same vendor_id, invoice_date, invoice_amount combination appears on more than one record",2026-09-14T18:02:42.816798+00:00,ACCOUNTS_PAYABLE_00019441,19440,APINV_00016164,VEND_0032,ENT_UK,2024-09-04,2024-11-03,2024-11-08,GBP,59.75,,49.79,Paid,Marketing,IT Infrastructure
ACCOUNTS_PAYABLE_00019442,duplicate_business_key,HIGH,"Same vendor_id, invoice_date, invoice_amount combination appears on more than one record",2026-09-14T18:02:42.816798+00:00,ACCOUNTS_PAYABLE_00019442,19441,APINV_00013469,VEND_0035,ENT_UK,2023-05-18,2023-06-17,2023-06-13,GBP,347.03,57.84,289.19,Paid,R&D,Insurance
ACCOUNTS_PAYABLE_00019443,duplicate_business_key,HIGH,"Same vendor_id, invoice_date, invoice_amount combination appears on more than one record",2026-09-14T18:02:42.816798+00:00,ACCOUNTS_PAYABLE_00019443,19442,APINV_00010865,VEND_0024,ENT_US,2025-03-09,2025-05-08,2025-05-20,USD,731.71,47.87,683.84,Paid,Sales,Rent
ACCOUNTS_PAYABLE_00019444,duplicate_business_key,HIGH,"Same vendor_id, invoice_date, invoice_amount combination appears on more than one record",2026-09-14T18:02:42.816798+00:00,ACCOUNTS_PAYABLE_00019444,19443,APINV_00003023,VEND_0037,ENT_EU,2024-06-24,2024-07-09,2024-07-05,EUR,299.59,47.83,251.76,Paid,Sales,IT Infrastructure
ACCOUNTS_PAYABLE_00019445,duplicate_business_key,HIGH,"Same vendor_id, invoice_date, invoice_amount combination appears on more than one record",2026-09-14T18:02:42.816798+00:00,ACCOUNTS_PAYABLE_00019445,19444,APINV_00012549,VEND_0004,ENT_US,2025-12-02,2026-01-16,,USD,1325.11,86.69,1238.42,Open,Marketing,Logistics
ACCOUNTS_PAYABLE_00019446,duplicate_business_key,HIGH,"Same vendor_id, invoice_date, invoice_amount combination appears on more than one record",2026-09-14T18:02:42.816798+00:00,ACCOUNTS_PAYABLE_00019446,19445,APINV_00013334,VEND_0011,ENT_UK,2023-04-24,2023-05-24,2023-05-26,GBP,246.73,41.12,205.61,Paid,Corporate,Marketing
ACCOUNTS_PAYABLE_00019447,duplicate_business_key,HIGH,"Same vendor_id, invoice_date, invoice_amount combination appears on more than one record",2026-09-14T18:02:42.816798+00:00,ACCOUNTS_PAYABLE_00019447,19446,APINV_00009728,VEND_0039,ENT_US,2024-08-15,2024-09-14,2024-09-15,USD,344.69,22.55,322.14,Paid,R&D,Utilities
ACCOUNTS_PAYABLE_00019448,duplicate_business_key,HIGH,"Same vendor_id, invoice_date, invoice_amount combination appears on more than one record",2026-09-14T18:02:42.816798+00:00,ACCOUNTS_PAYABLE_00019448,19447,APINV_00007359,VEND_0034,ENT_US,2023-06-25,2023-07-25,2023-07-26,USD,906.43,59.3,847.13,Paid,Corporate,Professional Services
ACCOUNTS_PAYABLE_00019449,duplicate_business_key,HIGH,"Same vendor_id, invoice_date, invoice_amount combination appears on more than one record",2026-09-14T18:02:42.816798+00:00,ACCOUNTS_PAYABLE_00019449,19448,APINV_00006340,VEND_0004,ENT_US,2023-01-06,2023-02-20,2023-03-06,USD,588.57,38.5,550.07,Paid,Sales,Utilities
ACCOUNTS_PAYABLE_00019450,duplicate_business_key,HIGH,"Same vendor_id, invoice_date, invoice_amount combination appears on more than one record",2026-09-14T18:02:42.816798+00:00,ACCOUNTS_PAYABLE_00019450,19449,APINV_00008475,VEND_0040,ENT_US,2024-01-28,2024-03-13,2024-03-25,USD,337.64,22.09,315.55,Paid,Operations,Marketing
ACCOUNTS_PAYABLE_00019451,duplicate_business_key,HIGH,"Same vendor_id, invoice_date, invoice_amount combination appears on more than one record",2026-09-14T18:02:42.816798+00:00,ACCOUNTS_PAYABLE_00019451,19450,APINV_00016167,VEND_0003,ENT_UK,2024-09-06,2024-11-05,2024-11-04,GBP,180.55,30.09,150.46,Paid,Marketing,IT Infrastructure
ACCOUNTS_PAYABLE_00019452,duplicate_business_key,HIGH,"Same vendor_id, invoice_date, invoice_amount combination appears on more than one record",2026-09-14T18:02:42.816798+00:00,ACCOUNTS_PAYABLE_00019452,19451,APINV_00010122,VEND_0031,ENT_US,2024-10-14,2024-11-28,2024-11-29,EUR,315.08,20.61,294.47,Paid,Corporate,Software Subscriptions
ACCOUNTS_PAYABLE_00019453,duplicate_business_key,HIGH,"Same vendor_id, invoice_date, invoice_amount combination appears on more than one record",2026-09-14T18:02:42.816798+00:00,ACCOUNTS_PAYABLE_00019453,19452,APINV_00018287,VEND_0003,ENT_UK,2025-09-05,2025-11-04,2025-11-11,GBP,609.41,101.57,507.84,Paid,R&D,Professional Services
ACCOUNTS_PAYABLE_00019454,duplicate_business_key,HIGH,"Same vendor_id, invoice_date, invoice_amount combination appears on more than one record",2026-09-14T18:02:42.816798+00:00,ACCOUNTS_PAYABLE_00019454,19453,APINV_00006536,VEND_0019,ENT_US,2023-02-06,2023-03-23,2023-03-24,USD,834.4,54.59,779.81,Paid,Operations,Software Subscriptions
ACCOUNTS_PAYABLE_00019455,duplicate_business_key,HIGH,"Same vendor_id, invoice_date, invoice_amount combination appears on more than one record",2026-09-14T18:02:42.816798+00:00,ACCOUNTS_PAYABLE_00019455,19454,APINV_00016747,VEND_0020,ENT_UK,2024-12-29,2025-01-28,2025-02-11,GBP,704.57,117.43,587.14,Paid,Corporate,Software Subscriptions
ACCOUNTS_PAYABLE_00019456,duplicate_business_key,HIGH,"Same vendor_id, invoice_date, invoice_amount combination appears on more than one record",2026-09-14T18:02:42.816798+00:00,ACCOUNTS_PAYABLE_00019456,19455,APINV_00014187,VEND_0011,ENT_UK,2023-09-06,2023-10-06,2023-10-15,GBP,1335.28,222.55,1112.73,Paid,Corporate,Rent
ACCOUNTS_PAYABLE_00019457,duplicate_business_key,HIGH,"Same vendor_id, invoice_date, invoice_amount combination appears on more than one record",2026-09-14T18:02:42.816798+00:00,ACCOUNTS_PAYABLE_00019457,19456,APINV_00003277,VEND_0012,ENT_EU,2024-07-17,2024-09-15,2024-08-28,EUR,1044.87,166.83,878.04,Paid,R&D,Rent
ACCOUNTS_PAYABLE_00019458,duplicate_business_key,HIGH,"Same vendor_id, invoice_date, invoice_amount combination appears on more than one record",2026-09-14T18:02:42.816798+00:00,ACCOUNTS_PAYABLE_00019458,19457,APINV_00002808,VEND_0030,ENT_EU,2024-04-12,2024-05-27,2024-05-30,USD,155.44,24.82,130.62,Paid,Corporate,Marketing
ACCOUNTS_PAYABLE_00019459,duplicate_business_key,HIGH,"Same vendor_id, invoice_date, invoice_amount combination appears on more than one record",2026-09-14T18:02:42.816798+00:00,ACCOUNTS_PAYABLE_00019459,19458,APINV_00017832,VEND_0017,ENT_UK,2025-07-06,2025-08-05,2025-07-30,USD,389.03,64.84,324.19,Paid,Sales,Insurance
ACCOUNTS_PAYABLE_00019460,duplicate_business_key,HIGH,"Same vendor_id, invoice_date, invoice_amount combination appears on more than one record",2026-09-14T18:02:42.816798+00:00,ACCOUNTS_PAYABLE_00019460,19459,APINV_00012957,VEND_0016,ENT_UK,2023-02-17,2023-03-19,2023-03-28,GBP,49.94,8.32,41.62,Paid,R&D,Travel
ACCOUNTS_PAYABLE_00019461,duplicate_business_key,HIGH,"Same vendor_id, invoice_date, invoice_amount combination appears on more than one record",2026-09-14T18:02:42.816798+00:00,ACCOUNTS_PAYABLE_00019461,19460,APINV_00016922,VEND_0013,ENT_UK,2025-01-27,2025-02-26,2025-02-20,GBP,467.84,77.97,389.87,Paid,Corporate,Software Subscriptions
ACCOUNTS_PAYABLE_00019462,duplicate_business_key,HIGH,"Same vendor_id, invoice_date, invoice_amount combination appears on more than one record",2026-09-14T18:02:42.816798+00:00,ACCOUNTS_PAYABLE_00019462,19461,APINV_00011872,VEND_0009,ENT_US,2025-08-24,2025-09-08,2025-09-08,USD,374.29,24.49,349.8,Paid,Marketing,IT Infrastructure
ACCOUNTS_PAYABLE_00019463,duplicate_business_key,HIGH,"Same vendor_id, invoice_date, invoice_amount combination appears on more than one record",2026-09-14T18:02:42.816798+00:00,ACCOUNTS_PAYABLE_00019463,19462,APINV_00003192,VEND_0014,ENT_EU,2024-07-10,2024-08-24,2024-08-24,EUR,212.77,33.97,178.8,Paid,Sales,IT Infrastructure
ACCOUNTS_PAYABLE_00019464,duplicate_business_key,HIGH,"Same vendor_id, invoice_date, invoice_amount combination appears on more than one record",2026-09-14T18:02:42.816798+00:00,ACCOUNTS_PAYABLE_00019464,19463,APINV_00006866,VEND_0024,ENT_US,2023-04-12,2023-06-11,2023-06-20,USD,615.14,40.24,574.9,Paid,Sales,
ACCOUNTS_PAYABLE_00019465,duplicate_business_key,HIGH,"Same vendor_id, invoice_date, invoice_amount combination appears on more than one record",2026-09-14T18:02:42.816798+00:00,ACCOUNTS_PAYABLE_00019465,19464,APINV_00006415,VEND_0018,ENT_US,2023-01-14,2023-01-29,2023-02-08,EUR,985.89,64.5,921.39,Paid,Marketing,Marketing
ACCOUNTS_PAYABLE_00019466,duplicate_business_key,HIGH,"Same vendor_id, invoice_date, invoice_amount combination appears on more than one record",2026-09-14T18:02:42.816798+00:00,ACCOUNTS_PAYABLE_00019466,19465,APINV_00014649,VEND_0011,ENT_UK,2023-12-03,2024-01-02,2024-01-23,GBP,538.61,89.77,448.84,Paid,R&D,Professional Services
ACCOUNTS_PAYABLE_00019467,duplicate_business_key,HIGH,"Same vendor_id, invoice_date, invoice_amount combination appears on more than one record",2026-09-14T18:02:42.816798+00:00,ACCOUNTS_PAYABLE_00019467,19466,APINV_00002085,VEND_0029,ENT_EU,2023-12-30,2024-01-29,2024-02-08,EUR,1057.23,168.8,888.43,Paid,Corporate,Rent
ACCOUNTS_PAYABLE_00019468,duplicate_business_key,HIGH,"Same vendor_id, invoice_date, invoice_amount combination appears on more than one record",2026-09-14T18:02:42.816798+00:00,ACCOUNTS_PAYABLE_00019468,19467,APINV_00008286,VEND_0026,ENT_US,2023-12-25,2024-01-24,2024-01-31,USD,515.84,33.75,482.09,Paid,Operations,Utilities
ACCOUNTS_PAYABLE_00019469,duplicate_business_key,HIGH,"Same vendor_id, invoice_date, invoice_amount combination appears on more than one record",2026-09-14T18:02:42.816798+00:00,ACCOUNTS_PAYABLE_00019469,19468,APINV_00010311,VEND_0039,ENT_US,2024-11-15,2024-12-15,2024-12-05,USD,50.08,,46.8,Paid,Corporate,Sales Commissions
ACCOUNTS_PAYABLE_00019470,duplicate_business_key,HIGH,"Same vendor_id, invoice_date, invoice_amount combination appears on more than one record",2026-09-14T18:02:42.816798+00:00,ACCOUNTS_PAYABLE_00019470,19469,APINV_00002883,VEND_0029,ENT_EU,2024-05-27,2024-06-26,2024-06-28,EUR,1078.58,172.21,906.37,Paid,Operations,IT Infrastructure
ACCOUNTS_PAYABLE_00019471,duplicate_business_key,HIGH,"Same vendor_id, invoice_date, invoice_amount combination appears on more than one record",2026-09-14T18:02:42.816798+00:00,ACCOUNTS_PAYABLE_00019471,19470,APINV_00010753,VEND_0001,ENT_US,2025-02-24,2025-04-10,2025-04-08,EUR,279.81,18.31,261.5,Paid,Marketing,Rent
ACCOUNTS_PAYABLE_00019472,duplicate_business_key,HIGH,"Same vendor_id, invoice_date, invoice_amount combination appears on more than one record",2026-09-14T18:02:42.816798+00:00,ACCOUNTS_PAYABLE_00019472,19471,APINV_00002690,VEND_0007,ENT_EU,2024-04-11,2024-05-26,2024-05-23,GBP,898.88,143.52,755.36,Paid,Operations,Rent
ACCOUNTS_PAYABLE_00019473,duplicate_business_key,HIGH,"Same vendor_id, invoice_date, invoice_amount combination appears on more than one record",2026-09-14T18:02:42.816798+00:00,ACCOUNTS_PAYABLE_00019473,19472,APINV_00011477,VEND_0036,ENT_US,2025-06-12,2025-07-12,2025-06-30,USD,328.46,21.49,306.97,Paid,Marketing,
ACCOUNTS_PAYABLE_00019474,duplicate_business_key,HIGH,"Same vendor_id, invoice_date, invoice_amount combination appears on more than one record",2026-09-14T18:02:42.816798+00:00,ACCOUNTS_PAYABLE_00019474,19473,APINV_00014325,VEND_0045,ENT_UK,2023-10-29,2023-12-13,2023-12-24,GBP,238.94,39.82,199.12,Paid,R&D,Marketing
ACCOUNTS_PAYABLE_00019475,duplicate_business_key,HIGH,"Same vendor_id, invoice_date, invoice_amount combination appears on more than one record",2026-09-14T18:02:42.816798+00:00,ACCOUNTS_PAYABLE_00019475,19474,APINV_00013386,VEND_0045,ENT_UK,2023-05-11,2023-06-25,2023-06-29,GBP,144.4,24.07,120.33,Paid,Sales,IT Infrastructure
ACCOUNTS_PAYABLE_00019476,duplicate_business_key,HIGH,"Same vendor_id, invoice_date, invoice_amount combination appears on more than one record",2026-09-14T18:02:42.816798+00:00,ACCOUNTS_PAYABLE_00019476,19475,APINV_00008397,VEND_0009,ENT_US,2023-12-17,2024-01-01,2023-12-31,USD,614.45,40.2,574.25,Paid,Corporate,Utilities
ACCOUNTS_PAYABLE_00019477,duplicate_business_key,HIGH,"Same vendor_id, invoice_date, invoice_amount combination appears on more than one record",2026-09-14T18:02:42.816798+00:00,ACCOUNTS_PAYABLE_00019477,19476,APINV_00005290,VEND_0006,ENT_EU,2025-07-14,2025-09-12,2025-09-07,EUR,357.69,57.11,300.58,Paid,Sales,Insurance
ACCOUNTS_PAYABLE_00019478,duplicate_business_key,HIGH,"Same vendor_id, invoice_date, invoice_amount combination appears on more than one record",2026-09-14T18:02:42.816798+00:00,ACCOUNTS_PAYABLE_00019478,19477,APINV_00013773,VEND_0016,ENT_UK,2023-07-14,2023-08-13,2023-08-13,GBP,3635.03,605.84,3029.19,Paid,Operations,Logistics
ACCOUNTS_PAYABLE_00019479,duplicate_business_key,HIGH,"Same vendor_id, invoice_date, invoice_amount combination appears on more than one record",2026-09-14T18:02:42.816798+00:00,ACCOUNTS_PAYABLE_00019479,19478,APINV_00002314,VEND_0030,ENT_EU,2024-02-24,2024-04-09,2024-05-02,USD,1540.79,246.01,1294.78,Paid,Sales,Professional Services
ACCOUNTS_PAYABLE_00019480,duplicate_business_key,HIGH,"Same vendor_id, invoice_date, invoice_amount combination appears on more than one record",2026-09-14T18:02:42.816798+00:00,ACCOUNTS_PAYABLE_00019480,19479,APINV_00016308,VEND_0002,ENT_UK,2024-10-03,2024-11-02,2024-11-05,GBP,779.86,129.98,649.88,Paid,Operations,Travel
ACCOUNTS_PAYABLE_00019481,duplicate_business_key,HIGH,"Same vendor_id, invoice_date, invoice_amount combination appears on more than one record",2026-09-14T18:02:42.816798+00:00,ACCOUNTS_PAYABLE_00019481,19480,APINV_00004547,VEND_0006,ENT_EU,2025-02-05,2025-04-06,2025-04-18,EUR,1081.42,172.66,908.76,Paid,R&D,Professional Services
ACCOUNTS_PAYABLE_00019482,duplicate_business_key,HIGH,"Same vendor_id, invoice_date, invoice_amount combination appears on more than one record",2026-09-14T18:02:42.816798+00:00,ACCOUNTS_PAYABLE_00019482,19481,APINV_00000502,VEND_0006,ENT_EU,2023-03-12,2023-05-11,2023-05-17,EUR,72.03,11.5,60.53,Paid,R&D,IT Infrastructure
ACCOUNTS_PAYABLE_00019483,duplicate_business_key,HIGH,"Same vendor_id, invoice_date, invoice_amount combination appears on more than one record",2026-09-14T18:02:42.816798+00:00,ACCOUNTS_PAYABLE_00019483,19482,APINV_00007163,VEND_0019,ENT_US,2023-05-20,2023-07-04,2023-07-08,USD,171.26,11.2,160.06,Paid,R&D,Sales Commissions
ACCOUNTS_PAYABLE_00019484,duplicate_business_key,HIGH,"Same vendor_id, invoice_date, invoice_amount combination appears on more than one record",2026-09-14T18:02:42.816798+00:00,ACCOUNTS_PAYABLE_00019484,19483,APINV_00012874,VEND_0045,ENT_UK,2023-02-22,2023-04-08,2023-04-03,GBP,2688.54,448.09,2240.45,Paid,Operations,Logistics
ACCOUNTS_PAYABLE_00019485,duplicate_business_key,HIGH,"Same vendor_id, invoice_date, invoice_amount combination appears on more than one record",2026-09-14T18:02:42.816798+00:00,ACCOUNTS_PAYABLE_00019485,19484,APINV_00011041,VEND_0018,ENT_US,2025-03-23,2025-04-07,2025-04-12,EUR,112.05,7.33,104.72,Paid,Corporate,IT Infrastructure
ACCOUNTS_PAYABLE_00019486,duplicate_business_key,HIGH,"Same vendor_id, invoice_date, invoice_amount combination appears on more than one record",2026-09-14T18:02:42.816798+00:00,ACCOUNTS_PAYABLE_00019486,19485,APINV_00006079,VEND_0043,ENT_EU,2025-11-29,2026-01-13,,EUR,1198.94,191.43,1007.51,Open,R&D,Rent
ACCOUNTS_PAYABLE_00019487,duplicate_business_key,HIGH,"Same vendor_id, invoice_date, invoice_amount combination appears on more than one record",2026-09-14T18:02:42.816798+00:00,ACCOUNTS_PAYABLE_00019487,19486,APINV_00010601,VEND_0024,ENT_US,2025-01-06,2025-03-07,2025-03-03,USD,2094.23,137.01,1957.22,Paid,Marketing,Logistics
ACCOUNTS_PAYABLE_00019488,duplicate_business_key,HIGH,"Same vendor_id, invoice_date, invoice_amount combination appears on more than one record",2026-09-14T18:02:42.816798+00:00,ACCOUNTS_PAYABLE_00019488,19487,APINV_00017544,VEND_0002,ENT_UK,2025-05-08,2025-06-07,2025-06-09,GBP,251.36,,209.47,Paid,Operations,IT Infrastructure
ACCOUNTS_PAYABLE_00019489,duplicate_business_key,HIGH,"Same vendor_id, invoice_date, invoice_amount combination appears on more than one record",2026-09-14T18:02:42.816798+00:00,ACCOUNTS_PAYABLE_00019489,19488,APINV_00008653,VEND_0033,ENT_US,2024-02-08,2024-03-09,2024-03-08,USD,236.62,15.48,221.14,Paid,Operations,Travel
ACCOUNTS_PAYABLE_00019490,duplicate_business_key,HIGH,"Same vendor_id, invoice_date, invoice_amount combination appears on more than one record",2026-09-14T18:02:42.816798+00:00,ACCOUNTS_PAYABLE_00019490,19489,APINV_00004968,VEND_0028,ENT_EU,2025-05-21,2025-06-05,2025-05-29,EUR,239.74,38.28,201.46,Paid,Operations,Rent
ACCOUNTS_PAYABLE_00019491,duplicate_business_key,HIGH,"Same vendor_id, invoice_date, invoice_amount combination appears on more than one record",2026-09-14T18:02:42.816798+00:00,ACCOUNTS_PAYABLE_00019491,19490,APINV_00014078,VEND_0020,ENT_UK,2023-09-11,2023-10-11,2023-10-11,GBP,4304.48,717.41,3587.07,Paid,,Sales Commissions
ACCOUNTS_PAYABLE_00019492,duplicate_business_key,HIGH,"Same vendor_id, invoice_date, invoice_amount combination appears on more than one record",2026-09-14T18:02:42.816798+00:00,ACCOUNTS_PAYABLE_00019492,19491,APINV_00016152,VEND_0032,ENT_UK,2024-09-29,2024-11-28,2024-12-03,GBP,1185.47,197.58,987.89,Paid,Marketing,Marketing
ACCOUNTS_PAYABLE_00019493,duplicate_business_key,HIGH,"Same vendor_id, invoice_date, invoice_amount combination appears on more than one record",2026-09-14T18:02:42.816798+00:00,ACCOUNTS_PAYABLE_00019493,19492,APINV_00000496,VEND_0007,ENT_EU,2023-03-06,2023-04-20,2023-04-14,GBP,117.27,18.72,98.55,Paid,R&D,Sales Commissions
ACCOUNTS_PAYABLE_00019494,duplicate_business_key,HIGH,"Same vendor_id, invoice_date, invoice_amount combination appears on more than one record",2026-09-14T18:02:42.816798+00:00,ACCOUNTS_PAYABLE_00019494,19493,APINV_00001729,VEND_0037,ENT_EU,2023-10-09,2023-10-24,2023-10-30,EUR,260.36,41.57,218.79,Paid,Corporate,Rent
ACCOUNTS_PAYABLE_00019495,duplicate_business_key,HIGH,"Same vendor_id, invoice_date, invoice_amount combination appears on more than one record",2026-09-14T18:02:42.816798+00:00,ACCOUNTS_PAYABLE_00019495,19494,APINV_00003582,VEND_0014,ENT_EU,2024-09-11,2024-10-26,2024-11-02,EUR,474.66,75.79,398.87,Paid,,Utilities
ACCOUNTS_PAYABLE_00019496,duplicate_business_key,HIGH,"Same vendor_id, invoice_date, invoice_amount combination appears on more than one record",2026-09-14T18:02:42.816798+00:00,ACCOUNTS_PAYABLE_00019496,19495,APINV_00015106,VEND_0005,ENT_UK,2024-03-09,2024-03-24,2024-03-30,GBP,236.78,39.46,197.32,Paid,Operations,Travel
ACCOUNTS_PAYABLE_00019497,duplicate_business_key,HIGH,"Same vendor_id, invoice_date, invoice_amount combination appears on more than one record",2026-09-14T18:02:42.816798+00:00,ACCOUNTS_PAYABLE_00019497,19496,APINV_00011544,VEND_0031,ENT_US,2025-06-14,2025-07-29,2025-08-03,EUR,1418.58,92.8,1325.78,Paid,Corporate,Rent
ACCOUNTS_PAYABLE_00019498,duplicate_business_key,HIGH,"Same vendor_id, invoice_date, invoice_amount combination appears on more than one record",2026-09-14T18:02:42.816798+00:00,ACCOUNTS_PAYABLE_00019498,19497,APINV_00000554,VEND_0043,ENT_EU,2023-04-13,2023-05-28,2023-06-11,EUR,442.69,70.68,372.01,Paid,Sales,Professional Services
ACCOUNTS_PAYABLE_00019499,duplicate_business_key,HIGH,"Same vendor_id, invoice_date, invoice_amount combination appears on more than one record",2026-09-14T18:02:42.816798+00:00,ACCOUNTS_PAYABLE_00019499,19498,APINV_00004379,VEND_0027,ENT_EU,2025-01-29,2025-02-28,2025-03-10,EUR,138.71,22.15,116.56,Paid,R&D,Sales Commissions
ACCOUNTS_PAYABLE_00019500,duplicate_business_key,HIGH,"Same vendor_id, invoice_date, invoice_amount combination appears on more than one record",2026-09-14T18:02:42.816798+00:00,ACCOUNTS_PAYABLE_00019500,19499,APINV_00003983,VEND_0006,ENT_EU,2024-11-01,2024-12-31,2025-01-06,EUR,1487.1,237.44,1249.66,Paid,Marketing,Marketing
ACCOUNTS_PAYABLE_00019501,duplicate_business_key,HIGH,"Same vendor_id, invoice_date, invoice_amount combination appears on more than one record",2026-09-14T18:02:42.816798+00:00,ACCOUNTS_PAYABLE_00019501,19500,APINV_00009246,VEND_0009,ENT_US,2024-05-21,2024-06-05,2024-06-11,USD,530.32,34.69,495.63,Paid,Corporate,
ACCOUNTS_PAYABLE_00019502,duplicate_business_key,HIGH,"Same vendor_id, invoice_date, invoice_amount combination appears on more than one record",2026-09-14T18:02:42.816798+00:00,ACCOUNTS_PAYABLE_00019502,19501,APINV_00014927,VEND_0038,ENT_UK,2024-02-02,2024-03-03,2024-03-08,GBP,2514.47,419.08,2095.39,Paid,Operations,Logistics
ACCOUNTS_PAYABLE_00000507,invalid_currency,HIGH,"Currency not one of ['EUR', 'GBP', 'USD']",2026-09-14T18:02:42.816798+00:00,ACCOUNTS_PAYABLE_00000507,506,APINV_00000507,VEND_0037,ENT_EU,2023-03-18,2023-04-02,2023-03-25,CHF,542.35,,455.76,Paid,Corporate,Insurance
ACCOUNTS_PAYABLE_00001393,invalid_currency,HIGH,"Currency not one of ['EUR', 'GBP', 'USD']",2026-09-14T18:02:42.816798+00:00,ACCOUNTS_PAYABLE_00001393,1392,APINV_00001564,VEND_0037,ENT_EU,2023-09-25,2023-10-10,2023-10-17,CHF,73.85,11.79,62.06,Paid,Corporate,Travel
ACCOUNTS_PAYABLE_00001649,invalid_currency,HIGH,"Currency not one of ['EUR', 'GBP', 'USD']",2026-09-14T18:02:42.816798+00:00,ACCOUNTS_PAYABLE_00001649,1648,APINV_00001820,VEND_0027,ENT_EU,2023-11-25,2023-12-25,2024-01-02,CHF,1117.05,178.35,938.7,Paid,Operations,Marketing
ACCOUNTS_PAYABLE_00002372,invalid_currency,HIGH,"Currency not one of ['EUR', 'GBP', 'USD']",2026-09-14T18:02:42.816798+00:00,ACCOUNTS_PAYABLE_00002372,2371,APINV_00002543,VEND_0010,ENT_EU,2024-03-31,2024-04-30,2024-05-06,CHF,81.59,13.03,68.56,Paid,Operations,Travel
ACCOUNTS_PAYABLE_00002665,invalid_currency,HIGH,"Currency not one of ['EUR', 'GBP', 'USD']",2026-09-14T18:02:42.816798+00:00,ACCOUNTS_PAYABLE_00002665,2664,APINV_00002836,VEND_0010,ENT_EU,2024-05-25,2024-06-24,2024-06-19,XYZ,554.61,88.55,466.06,Paid,Sales,Utilities
ACCOUNTS_PAYABLE_00002891,invalid_currency,HIGH,"Currency not one of ['EUR', 'GBP', 'USD']",2026-09-14T18:02:42.816798+00:00,ACCOUNTS_PAYABLE_00002891,2890,APINV_00003062,VEND_0027,ENT_EU,2024-06-09,2024-07-09,2024-07-12,CHF,434.33,69.35,364.98,Paid,Marketing,Software Subscriptions
ACCOUNTS_PAYABLE_00003221,invalid_currency,HIGH,"Currency not one of ['EUR', 'GBP', 'USD']",2026-09-14T18:02:42.816798+00:00,ACCOUNTS_PAYABLE_00003221,3220,APINV_00003392,VEND_0021,ENT_EU,2024-08-04,2024-09-18,2024-09-17,CHF,522.21,83.38,438.83,Paid,Operations,
ACCOUNTS_PAYABLE_00003532,invalid_currency,HIGH,"Currency not one of ['EUR', 'GBP', 'USD']",2026-09-14T18:02:42.816798+00:00,ACCOUNTS_PAYABLE_00003532,3531,APINV_00003703,VEND_0012,ENT_EU,2024-09-05,2024-11-04,,CHF,28.62,4.57,24.05,Overdue,Corporate,IT Infrastructure
ACCOUNTS_PAYABLE_00004204,invalid_currency,HIGH,"Currency not one of ['EUR', 'GBP', 'USD']",2026-09-14T18:02:42.816798+00:00,ACCOUNTS_PAYABLE_00004204,4203,APINV_00004375,VEND_0007,ENT_EU,2025-01-11,2025-02-25,2025-03-01,JPY,232.78,37.17,195.61,Paid,R&D,Marketing
ACCOUNTS_PAYABLE_00004818,invalid_currency,HIGH,"Currency not one of ['EUR', 'GBP', 'USD']",2026-09-14T18:02:42.816798+00:00,ACCOUNTS_PAYABLE_00004818,4817,APINV_00004989,VEND_0012,ENT_EU,2025-05-19,2025-07-18,2025-07-09,CHF,1973.39,315.08,1658.31,Paid,Operations,Marketing
ACCOUNTS_PAYABLE_00004887,invalid_currency,HIGH,"Currency not one of ['EUR', 'GBP', 'USD']",2026-09-14T18:02:42.816798+00:00,ACCOUNTS_PAYABLE_00004887,4886,APINV_00005058,VEND_0010,ENT_EU,2025-05-27,2025-06-26,2025-07-01,XYZ,468.35,74.78,393.57,Paid,R&D,Marketing
ACCOUNTS_PAYABLE_00004920,invalid_currency,HIGH,"Currency not one of ['EUR', 'GBP', 'USD']",2026-09-14T18:02:42.816798+00:00,ACCOUNTS_PAYABLE_00004920,4919,APINV_00005091,VEND_0006,ENT_EU,2025-05-08,2025-07-07,2025-06-20,JPY,459.83,73.42,386.41,Paid,Corporate,Marketing
ACCOUNTS_PAYABLE_00005566,invalid_currency,HIGH,"Currency not one of ['EUR', 'GBP', 'USD']",2026-09-14T18:02:42.816798+00:00,ACCOUNTS_PAYABLE_00005566,5565,APINV_00005737,VEND_0007,ENT_EU,2025-09-29,2025-11-13,2025-11-11,JPY,58.33,9.31,49.02,Paid,Marketing,Travel
ACCOUNTS_PAYABLE_00006862,invalid_currency,HIGH,"Currency not one of ['EUR', 'GBP', 'USD']",2026-09-14T18:02:42.816798+00:00,ACCOUNTS_PAYABLE_00006862,6861,APINV_00007033,VEND_0036,ENT_US,2023-05-27,2023-06-26,2023-07-07,CHF,588.59,38.51,550.08,Paid,Sales,Rent
ACCOUNTS_PAYABLE_00007837,invalid_currency,HIGH,"Currency not one of ['EUR', 'GBP', 'USD']",2026-09-14T18:02:42.816798+00:00,ACCOUNTS_PAYABLE_00007837,7836,APINV_00008008,VEND_0034,ENT_US,2023-10-13,2023-11-12,2023-11-15,CHF,888.42,58.12,830.3,Paid,R&D,Software Subscriptions
ACCOUNTS_PAYABLE_00007839,invalid_currency,HIGH,"Currency not one of ['EUR', 'GBP', 'USD']",2026-09-14T18:02:42.816798+00:00,ACCOUNTS_PAYABLE_00007839,7838,APINV_00008010,VEND_0001,ENT_US,2023-10-22,2023-12-06,2023-12-11,JPY,82.82,5.42,77.4,Paid,R&D,Software Subscriptions
ACCOUNTS_PAYABLE_00008507,invalid_currency,HIGH,"Currency not one of ['EUR', 'GBP', 'USD']",2026-09-14T18:02:42.816798+00:00,ACCOUNTS_PAYABLE_00008507,8506,APINV_00008678,VEND_0036,ENT_US,2024-02-12,2024-03-13,2024-03-11,JPY,776.83,50.82,726.01,Paid,Marketing,Utilities
ACCOUNTS_PAYABLE_00008576,invalid_currency,HIGH,"Currency not one of ['EUR', 'GBP', 'USD']",2026-09-14T18:02:42.816798+00:00,ACCOUNTS_PAYABLE_00008576,8575,APINV_00008747,VEND_0004,ENT_US,2024-02-20,2024-04-05,2024-03-26,XYZ,518.64,33.93,484.71,Paid,,Utilities
ACCOUNTS_PAYABLE_00008724,invalid_currency,HIGH,"Currency not one of ['EUR', 'GBP', 'USD']",2026-09-14T18:02:42.816798+00:00,ACCOUNTS_PAYABLE_00008724,8723,APINV_00008895,VEND_0023,ENT_US,2024-03-01,2024-04-30,2024-04-23,XYZ,1279.82,83.73,1196.09,Paid,Corporate,Rent
ACCOUNTS_PAYABLE_00009077,invalid_currency,HIGH,"Currency not one of ['EUR', 'GBP', 'USD']",2026-09-14T18:02:42.816798+00:00,ACCOUNTS_PAYABLE_00009077,9076,APINV_00009248,VEND_0034,ENT_US,2024-05-08,2024-06-07,2024-05-26,XYZ,937.99,61.36,876.63,Paid,Corporate,Software Subscriptions
ACCOUNTS_PAYABLE_00010141,invalid_currency,HIGH,"Currency not one of ['EUR', 'GBP', 'USD']",2026-09-14T18:02:42.816798+00:00,ACCOUNTS_PAYABLE_00010141,10140,APINV_00010312,VEND_0025,ENT_US,2024-11-16,2024-12-31,2025-01-18,XYZ,66.66,4.36,62.3,Paid,Corporate,Sales Commissions
ACCOUNTS_PAYABLE_00010160,invalid_currency,HIGH,"Currency not one of ['EUR', 'GBP', 'USD']",2026-09-14T18:02:42.816798+00:00,ACCOUNTS_PAYABLE_00010160,10159,APINV_00010331,VEND_0042,ENT_US,2024-12-30,2025-02-13,2025-02-08,XYZ,521.88,34.14,487.74,Paid,Sales,Professional Services
ACCOUNTS_PAYABLE_00011896,invalid_currency,HIGH,"Currency not one of ['EUR', 'GBP', 'USD']",2026-09-14T18:02:42.816798+00:00,ACCOUNTS_PAYABLE_00011896,11895,APINV_00012067,VEND_0044,ENT_US,2025-09-19,2025-10-19,2025-10-13,XYZ,98.73,6.46,92.27,Paid,R&D,Travel
ACCOUNTS_PAYABLE_00012615,invalid_currency,HIGH,"Currency not one of ['EUR', 'GBP', 'USD']",2026-09-14T18:02:42.816798+00:00,ACCOUNTS_PAYABLE_00012615,12614,APINV_00012786,VEND_0016,ENT_UK,2023-01-12,2023-02-11,2023-02-20,XYZ,301.69,50.28,251.41,Paid,Corporate,Software Subscriptions
ACCOUNTS_PAYABLE_00012701,invalid_currency,HIGH,"Currency not one of ['EUR', 'GBP', 'USD']",2026-09-14T18:02:42.816798+00:00,ACCOUNTS_PAYABLE_00012701,12700,APINV_00012872,VEND_0008,ENT_UK,2023-02-12,2023-03-29,2023-04-05,CHF,4473.71,745.62,3728.09,Paid,Operations,Marketing
ACCOUNTS_PAYABLE_00012984,invalid_currency,HIGH,"Currency not one of ['EUR', 'GBP', 'USD']",2026-09-14T18:02:42.816798+00:00,ACCOUNTS_PAYABLE_00012984,12983,APINV_00013155,VEND_0015,ENT_UK,2023-03-17,2023-04-16,,XYZ,772.73,128.79,643.94,Overdue,Corporate,Utilities
ACCOUNTS_PAYABLE_00014303,invalid_currency,HIGH,"Currency not one of ['EUR', 'GBP', 'USD']",2026-09-14T18:02:42.816798+00:00,ACCOUNTS_PAYABLE_00014303,14302,APINV_00014474,VEND_0038,ENT_UK,2023-11-30,2023-12-30,2023-12-16,XYZ,991.43,165.24,826.19,Paid,Marketing,Logistics
ACCOUNTS_PAYABLE_00014567,invalid_currency,HIGH,"Currency not one of ['EUR', 'GBP', 'USD']",2026-09-14T18:02:42.816798+00:00,ACCOUNTS_PAYABLE_00014567,14566,APINV_00014738,VEND_0045,ENT_UK,2024-01-08,2024-02-22,,XYZ,255.77,42.63,213.14,Overdue,Operations,Rent
ACCOUNTS_PAYABLE_00014647,invalid_currency,HIGH,"Currency not one of ['EUR', 'GBP', 'USD']",2026-09-14T18:02:42.816798+00:00,ACCOUNTS_PAYABLE_00014647,14646,APINV_00014818,VEND_0022,ENT_UK,2024-01-24,2024-02-23,2024-02-27,CHF,432.24,72.04,360.2,Paid,R&D,Utilities
ACCOUNTS_PAYABLE_00014809,invalid_currency,HIGH,"Currency not one of ['EUR', 'GBP', 'USD']",2026-09-14T18:02:42.816798+00:00,ACCOUNTS_PAYABLE_00014809,14808,APINV_00014980,VEND_0017,ENT_UK,2024-02-25,2024-03-26,2024-04-08,JPY,1017.25,169.54,847.71,Paid,R&D,Rent
ACCOUNTS_PAYABLE_00015232,invalid_currency,HIGH,"Currency not one of ['EUR', 'GBP', 'USD']",2026-09-14T18:02:42.816798+00:00,ACCOUNTS_PAYABLE_00015232,15231,APINV_00015403,VEND_0011,ENT_UK,2024-05-07,2024-06-06,2024-06-22,JPY,397.48,66.25,331.23,Paid,Sales,Utilities
ACCOUNTS_PAYABLE_00015931,invalid_currency,HIGH,"Currency not one of ['EUR', 'GBP', 'USD']",2026-09-14T18:02:42.816798+00:00,ACCOUNTS_PAYABLE_00015931,15930,APINV_00016102,VEND_0011,ENT_UK,2024-09-20,2024-10-20,2024-10-23,JPY,605.23,100.87,504.36,Paid,,Rent
ACCOUNTS_PAYABLE_00015941,invalid_currency,HIGH,"Currency not one of ['EUR', 'GBP', 'USD']",2026-09-14T18:02:42.816798+00:00,ACCOUNTS_PAYABLE_00015941,15940,APINV_00016112,VEND_0017,ENT_UK,2024-09-14,2024-10-14,2024-10-20,XYZ,699.36,116.56,582.8,Paid,Operations,Professional Services
ACCOUNTS_PAYABLE_00016866,invalid_currency,HIGH,"Currency not one of ['EUR', 'GBP', 'USD']",2026-09-14T18:02:42.816798+00:00,ACCOUNTS_PAYABLE_00016866,16865,APINV_00017037,VEND_0038,ENT_UK,2025-02-06,2025-03-08,2025-03-18,CHF,315.42,52.57,262.85,Paid,Marketing,Logistics
ACCOUNTS_PAYABLE_00017159,invalid_currency,HIGH,"Currency not one of ['EUR', 'GBP', 'USD']",2026-09-14T18:02:42.816798+00:00,ACCOUNTS_PAYABLE_00017159,17158,APINV_00017330,VEND_0020,ENT_UK,2025-04-19,2025-05-19,2025-05-21,CHF,324.94,54.16,270.78,Paid,Sales,Travel
ACCOUNTS_PAYABLE_00017226,invalid_currency,HIGH,"Currency not one of ['EUR', 'GBP', 'USD']",2026-09-14T18:02:42.816798+00:00,ACCOUNTS_PAYABLE_00017226,17225,APINV_00017397,VEND_0035,ENT_UK,2025-04-10,2025-05-10,2025-04-27,JPY,2400.9,400.15,2000.75,Paid,Marketing,Sales Commissions
ACCOUNTS_PAYABLE_00017678,invalid_currency,HIGH,"Currency not one of ['EUR', 'GBP', 'USD']",2026-09-14T18:02:42.816798+00:00,ACCOUNTS_PAYABLE_00017678,17677,APINV_00017849,VEND_0020,ENT_UK,2025-07-18,2025-08-17,2025-08-25,CHF,2782.03,463.67,2318.36,Paid,Sales,Logistics
ACCOUNTS_PAYABLE_00017681,invalid_currency,HIGH,"Currency not one of ['EUR', 'GBP', 'USD']",2026-09-14T18:02:42.816798+00:00,ACCOUNTS_PAYABLE_00017681,17680,APINV_00017852,VEND_0035,ENT_UK,2025-07-08,2025-08-07,2025-08-13,JPY,1736.48,289.41,1447.07,Paid,Sales,Sales Commissions
ACCOUNTS_PAYABLE_00017857,invalid_currency,HIGH,"Currency not one of ['EUR', 'GBP', 'USD']",2026-09-14T18:02:42.816798+00:00,ACCOUNTS_PAYABLE_00017857,17856,APINV_00018028,VEND_0017,ENT_UK,2025-08-22,2025-09-21,2025-09-28,CHF,2622.48,437.08,2185.4,Paid,Sales,Sales Commissions
ACCOUNTS_PAYABLE_00019395,invalid_currency,HIGH,"Currency not one of ['EUR', 'GBP', 'USD']",2026-09-14T18:02:42.816798+00:00,ACCOUNTS_PAYABLE_00019395,19394,APINV_00004730,VEND_0043,ENT_EU,2025-03-21,2025-05-05,2025-05-12,CHF,41.64,6.65,34.99,Paid,R&D,IT Infrastructure
ACCOUNTS_PAYABLE_00000490,invalid_date,HIGH,'invoice_date' is not a syntactically valid calendar date,2026-09-14T18:02:42.816798+00:00,ACCOUNTS_PAYABLE_00000490,489,APINV_00000490,VEND_0007,ENT_EU,not-a-date,2023-04-30,2023-05-15,GBP,97.32,15.54,81.78,Paid,R&D,Logistics
ACCOUNTS_PAYABLE_00000712,invalid_date,HIGH,'invoice_date' is not a syntactically valid calendar date,2026-09-14T18:02:42.816798+00:00,ACCOUNTS_PAYABLE_00000712,711,APINV_00000712,VEND_0027,ENT_EU,not-a-date,2023-06-14,2023-06-30,EUR,160.48,25.62,134.86,Paid,Sales,Insurance
ACCOUNTS_PAYABLE_00001376,invalid_date,HIGH,'invoice_date' is not a syntactically valid calendar date,2026-09-14T18:02:42.816798+00:00,ACCOUNTS_PAYABLE_00001376,1375,APINV_00001547,VEND_0006,ENT_EU,2024-13-05,2023-11-11,2023-11-17,EUR,120.93,19.31,101.62,Paid,Corporate,Professional Services
ACCOUNTS_PAYABLE_00002050,invalid_date,HIGH,'invoice_date' is not a syntactically valid calendar date,2026-09-14T18:02:42.816798+00:00,ACCOUNTS_PAYABLE_00002050,2049,APINV_00002221,VEND_0043,ENT_EU,not-a-date,2024-02-22,2024-02-25,EUR,301.63,48.16,253.47,Paid,Marketing,Logistics
ACCOUNTS_PAYABLE_00003016,invalid_date,HIGH,'invoice_date' is not a syntactically valid calendar date,2026-09-14T18:02:42.816798+00:00,ACCOUNTS_PAYABLE_00003016,3015,APINV_00003187,VEND_0037,ENT_EU,2024-13-05,2024-07-18,2024-07-30,EUR,535.45,85.49,449.96,Paid,Sales,Travel
ACCOUNTS_PAYABLE_00004026,invalid_date,HIGH,'invoice_date' is not a syntactically valid calendar date,2026-09-14T18:02:42.816798+00:00,ACCOUNTS_PAYABLE_00004026,4025,APINV_00004197,VEND_0021,ENT_EU,2023-00-15,2025-02-10,2025-02-17,EUR,1729.02,276.06,1452.96,Paid,R&D,Utilities
ACCOUNTS_PAYABLE_00004331,invalid_date,HIGH,'invoice_date' is not a syntactically valid calendar date,2026-09-14T18:02:42.816798+00:00,ACCOUNTS_PAYABLE_00004331,4330,APINV_00004502,VEND_0006,ENT_EU,not-a-date,2025-04-16,2025-04-03,EUR,569.65,90.95,478.7,Paid,Marketing,Rent
ACCOUNTS_PAYABLE_00005610,invalid_date,HIGH,'invoice_date' is not a syntactically valid calendar date,2026-09-14T18:02:42.816798+00:00,ACCOUNTS_PAYABLE_00005610,5609,APINV_00005781,VEND_0043,ENT_EU,not-a-date,2025-10-18,2025-10-26,EUR,486.76,77.72,409.04,Paid,Corporate,Insurance
ACCOUNTS_PAYABLE_00005884,invalid_date,HIGH,'invoice_date' is not a syntactically valid calendar date,2026-09-14T18:02:42.816798+00:00,ACCOUNTS_PAYABLE_00005884,5883,APINV_00006055,VEND_0021,ENT_EU,not-a-date,2026-01-08,,EUR,932.77,148.93,783.84,Open,Marketing,Software Subscriptions
ACCOUNTS_PAYABLE_00006081,invalid_date,HIGH,'invoice_date' is not a syntactically valid calendar date,2026-09-14T18:02:42.816798+00:00,ACCOUNTS_PAYABLE_00006081,6080,APINV_00006252,VEND_0014,ENT_EU,not-a-date,2026-01-23,,EUR,521.96,83.34,438.62,Open,R&D,Insurance
ACCOUNTS_PAYABLE_00007441,invalid_date,HIGH,'invoice_date' is not a syntactically valid calendar date,2026-09-14T18:02:42.816798+00:00,ACCOUNTS_PAYABLE_00007441,7440,APINV_00007612,VEND_0042,ENT_US,2024-13-05,2023-10-02,2023-10-11,USD,512.58,33.53,479.05,Paid,Operations,Travel
ACCOUNTS_PAYABLE_00008178,invalid_date,HIGH,'invoice_date' is not a syntactically valid calendar date,2026-09-14T18:02:42.816798+00:00,ACCOUNTS_PAYABLE_00008178,8177,APINV_00008349,VEND_0042,ENT_US,2024-13-05,2024-01-15,2024-01-09,USD,134.47,8.8,125.67,Paid,R&D,Insurance
ACCOUNTS_PAYABLE_00009308,invalid_date,HIGH,'invoice_date' is not a syntactically valid calendar date,2026-09-14T18:02:42.816798+00:00,ACCOUNTS_PAYABLE_00009308,9307,APINV_00009479,VEND_0001,ENT_US,2024-02-30,2024-09-08,2024-09-08,EUR,184.7,12.08,172.62,Paid,Operations,Rent
ACCOUNTS_PAYABLE_00009384,invalid_date,HIGH,'invoice_date' is not a syntactically valid calendar date,2026-09-14T18:02:42.816798+00:00,ACCOUNTS_PAYABLE_00009384,9383,APINV_00009555,VEND_0040,ENT_US,not-a-date,2024-08-18,2024-08-10,USD,410.92,26.88,384.04,Paid,R&D,Professional Services
ACCOUNTS_PAYABLE_00010672,invalid_date,HIGH,'invoice_date' is not a syntactically valid calendar date,2026-09-14T18:02:42.816798+00:00,ACCOUNTS_PAYABLE_00010672,10671,APINV_00010843,VEND_0025,ENT_US,2024-13-05,2025-03-22,2025-03-30,USD,254.98,16.68,238.3,Paid,Corporate,Utilities
ACCOUNTS_PAYABLE_00010722,invalid_date,HIGH,'invoice_date' is not a syntactically valid calendar date,2026-09-14T18:02:42.816798+00:00,ACCOUNTS_PAYABLE_00010722,10721,APINV_00010893,VEND_0039,ENT_US,2023-00-15,2025-04-24,2025-04-26,USD,10907.74,713.59,10194.15,Paid,Sales,Sales Commissions
ACCOUNTS_PAYABLE_00013775,invalid_date,HIGH,'invoice_date' is not a syntactically valid calendar date,2026-09-14T18:02:42.816798+00:00,ACCOUNTS_PAYABLE_00013775,13774,APINV_00013946,VEND_0045,ENT_UK,2024-02-30,2023-10-03,2023-09-29,GBP,425.26,70.88,354.38,Paid,Operations,Logistics
ACCOUNTS_PAYABLE_00014050,invalid_date,HIGH,'invoice_date' is not a syntactically valid calendar date,2026-09-14T18:02:42.816798+00:00,ACCOUNTS_PAYABLE_00014050,14049,APINV_00014221,VEND_0015,ENT_UK,not-a-date,2023-11-25,2023-11-28,GBP,701.22,116.87,584.35,Paid,Sales,Software Subscriptions
ACCOUNTS_PAYABLE_00014914,invalid_date,HIGH,'invoice_date' is not a syntactically valid calendar date,2026-09-14T18:02:42.816798+00:00,ACCOUNTS_PAYABLE_00014914,14913,APINV_00015085,VEND_0038,ENT_UK,2023-00-15,2024-04-10,2024-04-22,GBP,587.3,97.88,489.42,Paid,Operations,Professional Services
ACCOUNTS_PAYABLE_00015857,invalid_date,HIGH,'invoice_date' is not a syntactically valid calendar date,2026-09-14T18:02:42.816798+00:00,ACCOUNTS_PAYABLE_00015857,15856,APINV_00016028,VEND_0005,ENT_UK,2023-00-15,2024-08-31,2024-09-03,GBP,68.63,11.44,57.19,Paid,R&D,
ACCOUNTS_PAYABLE_00016311,invalid_date,HIGH,'invoice_date' is not a syntactically valid calendar date,2026-09-14T18:02:42.816798+00:00,ACCOUNTS_PAYABLE_00016311,16310,APINV_00016482,VEND_0017,ENT_UK,2024-13-05,2024-12-23,2024-12-28,USD,2066.41,344.4,1722.01,Paid,Operations,Sales Commissions
ACCOUNTS_PAYABLE_00017313,invalid_date,HIGH,'invoice_date' is not a syntactically valid calendar date,2026-09-14T18:02:42.816798+00:00,ACCOUNTS_PAYABLE_00017313,17312,APINV_00017484,VEND_0002,ENT_UK,2024-13-05,2025-06-17,,GBP,400.52,66.75,333.77,Overdue,,Software Subscriptions
ACCOUNTS_PAYABLE_00017800,invalid_date,HIGH,'invoice_date' is not a syntactically valid calendar date,2026-09-14T18:02:42.816798+00:00,ACCOUNTS_PAYABLE_00017800,17799,APINV_00017971,VEND_0017,ENT_UK,not-a-date,2025-08-28,2025-09-01,USD,668.68,111.45,557.23,Paid,Corporate,Software Subscriptions
ACCOUNTS_PAYABLE_00018196,invalid_date,HIGH,'invoice_date' is not a syntactically valid calendar date,2026-09-14T18:02:42.816798+00:00,ACCOUNTS_PAYABLE_00018196,18195,APINV_00018367,VEND_0017,ENT_UK,2024-13-05,2025-11-22,2025-11-18,USD,2880.24,480.04,2400.2,Paid,Sales,Marketing
ACCOUNTS_PAYABLE_00000669,payment_before_invoice,HIGH,payment_date is earlier than invoice_date,2026-09-14T18:02:42.816798+00:00,ACCOUNTS_PAYABLE_00000669,668,APINV_00000669,VEND_0037,ENT_EU,2023-04-14,2023-04-29,2023-04-13,EUR,120.54,19.25,101.29,Paid,R&D,Travel
ACCOUNTS_PAYABLE_00001097,payment_before_invoice,HIGH,payment_date is earlier than invoice_date,2026-09-14T18:02:42.816798+00:00,ACCOUNTS_PAYABLE_00001097,1096,APINV_00001097,VEND_0021,ENT_EU,2023-07-24,2023-09-07,2023-07-17,EUR,359.05,,301.72,Paid,Operations,Rent
ACCOUNTS_PAYABLE_00001227,payment_before_invoice,HIGH,payment_date is earlier than invoice_date,2026-09-14T18:02:42.816798+00:00,ACCOUNTS_PAYABLE_00001227,1226,APINV_00001398,VEND_0027,ENT_EU,2023-09-13,2023-10-13,2023-09-07,EUR,670.73,107.09,563.64,Paid,Sales,Software Subscriptions
ACCOUNTS_PAYABLE_00001250,payment_before_invoice,HIGH,payment_date is earlier than invoice_date,2026-09-14T18:02:42.816798+00:00,ACCOUNTS_PAYABLE_00001250,1249,APINV_00001421,VEND_0028,ENT_EU,2023-09-28,2023-10-13,2023-09-23,EUR,774.56,123.67,650.89,Paid,Sales,Travel
ACCOUNTS_PAYABLE_00001288,payment_before_invoice,HIGH,payment_date is earlier than invoice_date,2026-09-14T18:02:42.816798+00:00,ACCOUNTS_PAYABLE_00001288,1287,APINV_00001459,VEND_0014,ENT_EU,2023-09-23,2023-11-07,2023-09-20,EUR,197.6,31.55,166.05,Paid,Operations,Travel
ACCOUNTS_PAYABLE_00001361,payment_before_invoice,HIGH,payment_date is earlier than invoice_date,2026-09-14T18:02:42.816798+00:00,ACCOUNTS_PAYABLE_00001361,1360,APINV_00001532,VEND_0028,ENT_EU,2023-09-23,2023-10-08,2023-09-19,EUR,44.72,7.14,37.58,Paid,R&D,IT Infrastructure
ACCOUNTS_PAYABLE_00001383,payment_before_invoice,HIGH,payment_date is earlier than invoice_date,2026-09-14T18:02:42.816798+00:00,ACCOUNTS_PAYABLE_00001383,1382,APINV_00001554,VEND_0030,ENT_EU,2023-09-23,2023-11-07,2023-09-17,USD,49.66,7.93,41.73,Paid,Corporate,Marketing
ACCOUNTS_PAYABLE_00001482,payment_before_invoice,HIGH,payment_date is earlier than invoice_date,2026-09-14T18:02:42.816798+00:00,ACCOUNTS_PAYABLE_00001482,1481,APINV_00001653,VEND_0043,ENT_EU,2023-10-15,2023-11-29,2023-10-04,EUR,62.75,10.02,52.73,Paid,Marketing,Insurance
ACCOUNTS_PAYABLE_00001565,payment_before_invoice,HIGH,payment_date is earlier than invoice_date,2026-09-14T18:02:42.816798+00:00,ACCOUNTS_PAYABLE_00001565,1564,APINV_00001736,VEND_0028,ENT_EU,2023-10-12,2023-10-27,2023-10-11,EUR,552.48,88.21,464.27,Paid,Corporate,Software Subscriptions
ACCOUNTS_PAYABLE_00001747,payment_before_invoice,HIGH,payment_date is earlier than invoice_date,2026-09-14T18:02:42.816798+00:00,ACCOUNTS_PAYABLE_00001747,1746,APINV_00001918,VEND_0037,ENT_EU,2023-11-14,2023-11-29,2023-11-12,EUR,158.29,25.27,133.02,Paid,Corporate,Professional Services
ACCOUNTS_PAYABLE_00001845,payment_before_invoice,HIGH,payment_date is earlier than invoice_date,2026-09-14T18:02:42.816798+00:00,ACCOUNTS_PAYABLE_00001845,1844,APINV_00002016,VEND_0028,ENT_EU,2023-12-09,2023-12-24,2023-12-08,EUR,847.26,135.28,711.98,Paid,Marketing,Rent
ACCOUNTS_PAYABLE_00002307,payment_before_invoice,HIGH,payment_date is earlier than invoice_date,2026-09-14T18:02:42.816798+00:00,ACCOUNTS_PAYABLE_00002307,2306,APINV_00002478,VEND_0037,ENT_EU,2024-02-14,2024-02-29,2024-02-06,EUR,71.76,11.46,60.3,Paid,Corporate,IT Infrastructure
ACCOUNTS_PAYABLE_00002319,payment_before_invoice,HIGH,payment_date is earlier than invoice_date,2026-09-14T18:02:42.816798+00:00,ACCOUNTS_PAYABLE_00002319,2318,APINV_00002490,VEND_0028,ENT_EU,2024-03-01,2024-03-16,2024-02-18,EUR,343.59,54.86,288.73,Paid,,Professional Services
ACCOUNTS_PAYABLE_00002833,payment_before_invoice,HIGH,payment_date is earlier than invoice_date,2026-09-14T18:02:42.816798+00:00,ACCOUNTS_PAYABLE_00002833,2832,APINV_00003004,VEND_0012,ENT_EU,2024-06-21,2024-08-20,2024-06-13,EUR,998.53,159.43,839.1,Paid,Sales,Professional Services
ACCOUNTS_PAYABLE_00004057,payment_before_invoice,HIGH,payment_date is earlier than invoice_date,2026-09-14T18:02:42.816798+00:00,ACCOUNTS_PAYABLE_00004057,4056,APINV_00004228,VEND_0029,ENT_EU,2024-12-18,2025-01-17,2024-12-04,EUR,440.82,70.38,370.44,Paid,Corporate,Professional Services
ACCOUNTS_PAYABLE_00004273,payment_before_invoice,HIGH,payment_date is earlier than invoice_date,2026-09-14T18:02:42.816798+00:00,ACCOUNTS_PAYABLE_00004273,4272,APINV_00004444,VEND_0028,ENT_EU,2025-02-24,2025-03-11,2025-02-22,EUR,563.79,90.02,473.77,Paid,Sales,Utilities
ACCOUNTS_PAYABLE_00004442,payment_before_invoice,HIGH,payment_date is earlier than invoice_date,2026-09-14T18:02:42.816798+00:00,ACCOUNTS_PAYABLE_00004442,4441,APINV_00004613,VEND_0014,ENT_EU,2025-03-20,2025-05-04,2025-03-07,EUR,5988.25,956.11,5032.14,Paid,Sales,Marketing
ACCOUNTS_PAYABLE_00004520,payment_before_invoice,HIGH,payment_date is earlier than invoice_date,2026-09-14T18:02:42.816798+00:00,ACCOUNTS_PAYABLE_00004520,4519,APINV_00004691,VEND_0028,ENT_EU,2025-03-05,2025-03-20,2025-03-03,EUR,4201.43,670.82,3530.61,Paid,Marketing,Logistics
ACCOUNTS_PAYABLE_00004675,payment_before_invoice,HIGH,payment_date is earlier than invoice_date,2026-09-14T18:02:42.816798+00:00,ACCOUNTS_PAYABLE_00004675,4674,APINV_00004846,VEND_0010,ENT_EU,2025-04-29,2025-05-29,2025-04-15,EUR,107.25,17.12,90.13,Paid,Marketing,Utilities
ACCOUNTS_PAYABLE_00004964,payment_before_invoice,HIGH,payment_date is earlier than invoice_date,2026-09-14T18:02:42.816798+00:00,ACCOUNTS_PAYABLE_00004964,4963,APINV_00005135,VEND_0028,ENT_EU,2025-06-01,2025-06-16,2025-05-31,EUR,880.29,140.55,739.74,Paid,Sales,Travel
ACCOUNTS_PAYABLE_00005296,payment_before_invoice,HIGH,payment_date is earlier than invoice_date,2026-09-14T18:02:42.816798+00:00,ACCOUNTS_PAYABLE_00005296,5295,APINV_00005467,VEND_0014,ENT_EU,2025-08-07,2025-09-21,2025-07-29,EUR,264.93,42.3,222.63,Paid,Sales,Software Subscriptions
ACCOUNTS_PAYABLE_00006907,payment_before_invoice,HIGH,payment_date is earlier than invoice_date,2026-09-14T18:02:42.816798+00:00,ACCOUNTS_PAYABLE_00006907,6906,APINV_00007078,VEND_0019,ENT_US,2023-05-07,2023-06-21,2023-04-30,USD,595.13,38.93,556.2,Paid,Operations,Utilities
ACCOUNTS_PAYABLE_00006977,payment_before_invoice,HIGH,payment_date is earlier than invoice_date,2026-09-14T18:02:42.816798+00:00,ACCOUNTS_PAYABLE_00006977,6976,APINV_00007148,VEND_0042,ENT_US,2023-05-13,2023-06-27,2023-04-29,USD,221.62,14.5,207.12,Paid,R&D,Professional Services
ACCOUNTS_PAYABLE_00007280,payment_before_invoice,HIGH,payment_date is earlier than invoice_date,2026-09-14T18:02:42.816798+00:00,ACCOUNTS_PAYABLE_00007280,7279,APINV_00007451,VEND_0042,ENT_US,2023-07-04,2023-08-18,2023-06-21,USD,395.91,25.9,370.01,Paid,Operations,IT Infrastructure
ACCOUNTS_PAYABLE_00007412,payment_before_invoice,HIGH,payment_date is earlier than invoice_date,2026-09-14T18:02:42.816798+00:00,ACCOUNTS_PAYABLE_00007412,7411,APINV_00007583,VEND_0018,ENT_US,2023-08-16,2023-08-31,2023-08-04,EUR,605.9,,566.26,Paid,,Rent
ACCOUNTS_PAYABLE_00007683,payment_before_invoice,HIGH,payment_date is earlier than invoice_date,2026-09-14T18:02:42.816798+00:00,ACCOUNTS_PAYABLE_00007683,7682,APINV_00007854,VEND_0033,ENT_US,2023-09-06,2023-10-06,2023-08-23,USD,342.99,22.44,320.55,Paid,R&D,Logistics
ACCOUNTS_PAYABLE_00007787,payment_before_invoice,HIGH,payment_date is earlier than invoice_date,2026-09-14T18:02:42.816798+00:00,ACCOUNTS_PAYABLE_00007787,7786,APINV_00007958,VEND_0018,ENT_US,2023-10-30,2023-11-14,2023-10-27,EUR,919.47,60.15,859.32,Paid,Operations,Travel
ACCOUNTS_PAYABLE_00007821,payment_before_invoice,HIGH,payment_date is earlier than invoice_date,2026-09-14T18:02:42.816798+00:00,ACCOUNTS_PAYABLE_00007821,7820,APINV_00007992,VEND_0009,ENT_US,2023-10-19,2023-11-03,2023-10-10,USD,1959.96,128.22,1831.74,Paid,Marketing,Sales Commissions
ACCOUNTS_PAYABLE_00008213,payment_before_invoice,HIGH,payment_date is earlier than invoice_date,2026-09-14T18:02:42.816798+00:00,ACCOUNTS_PAYABLE_00008213,8212,APINV_00008384,VEND_0040,ENT_US,2023-12-15,2024-01-29,2023-12-10,USD,724.63,47.41,677.22,Paid,Corporate,Insurance
ACCOUNTS_PAYABLE_00008535,payment_before_invoice,HIGH,payment_date is earlier than invoice_date,2026-09-14T18:02:42.816798+00:00,ACCOUNTS_PAYABLE_00008535,8534,APINV_00008706,VEND_0044,ENT_US,2024-02-06,2024-03-07,2024-01-31,USD,1164.29,,1088.12,Paid,R&D,Software Subscriptions
ACCOUNTS_PAYABLE_00008673,payment_before_invoice,HIGH,payment_date is earlier than invoice_date,2026-09-14T18:02:42.816798+00:00,ACCOUNTS_PAYABLE_00008673,8672,APINV_00008844,VEND_0034,ENT_US,2024-03-17,2024-04-16,2024-03-04,USD,453.87,29.69,424.18,Paid,Marketing,
ACCOUNTS_PAYABLE_00008734,payment_before_invoice,HIGH,payment_date is earlier than invoice_date,2026-09-14T18:02:42.816798+00:00,ACCOUNTS_PAYABLE_00008734,8733,APINV_00008905,VEND_0039,ENT_US,2024-03-08,2024-04-07,2024-02-23,USD,376.62,24.64,351.98,Paid,Corporate,Utilities
ACCOUNTS_PAYABLE_00009474,payment_before_invoice,HIGH,payment_date is earlier than invoice_date,2026-09-14T18:02:42.816798+00:00,ACCOUNTS_PAYABLE_00009474,9473,APINV_00009645,VEND_0034,ENT_US,2024-08-03,2024-09-02,2024-07-21,USD,425.54,27.84,397.7,Paid,Sales,IT Infrastructure
ACCOUNTS_PAYABLE_00009565,payment_before_invoice,HIGH,payment_date is earlier than invoice_date,2026-09-14T18:02:42.816798+00:00,ACCOUNTS_PAYABLE_00009565,9564,APINV_00009736,VEND_0041,ENT_US,2024-08-10,2024-09-09,2024-07-28,USD,191.64,12.54,179.1,Paid,R&D,Logistics
ACCOUNTS_PAYABLE_00009760,payment_before_invoice,HIGH,payment_date is earlier than invoice_date,2026-09-14T18:02:42.816798+00:00,ACCOUNTS_PAYABLE_00009760,9759,APINV_00009931,VEND_0042,ENT_US,2024-09-28,2024-11-12,2024-09-21,USD,73.52,4.81,68.71,Paid,R&D,IT Infrastructure
ACCOUNTS_PAYABLE_00009826,payment_before_invoice,HIGH,payment_date is earlier than invoice_date,2026-09-14T18:02:42.816798+00:00,ACCOUNTS_PAYABLE_00009826,9825,APINV_00009997,VEND_0024,ENT_US,2024-10-16,2024-12-15,2024-10-07,USD,12699.63,830.82,11868.81,Paid,Sales,Sales Commissions
ACCOUNTS_PAYABLE_00009903,payment_before_invoice,HIGH,payment_date is earlier than invoice_date,2026-09-14T18:02:42.816798+00:00,ACCOUNTS_PAYABLE_00009903,9902,APINV_00010074,VEND_0001,ENT_US,2024-10-11,2024-11-25,2024-10-05,EUR,442.55,,413.6,Paid,Marketing,Travel
ACCOUNTS_PAYABLE_00010151,payment_before_invoice,HIGH,payment_date is earlier than invoice_date,2026-09-14T18:02:42.816798+00:00,ACCOUNTS_PAYABLE_00010151,10150,APINV_00010322,VEND_0031,ENT_US,2024-12-16,2025-01-30,2024-12-12,EUR,1963.57,128.46,1835.11,Paid,Sales,Rent
ACCOUNTS_PAYABLE_00010762,payment_before_invoice,HIGH,payment_date is earlier than invoice_date,2026-09-14T18:02:42.816798+00:00,ACCOUNTS_PAYABLE_00010762,10761,APINV_00010933,VEND_0033,ENT_US,2025-03-08,2025-04-07,2025-03-03,USD,1820.16,119.08,1701.08,Paid,Operations,Logistics
ACCOUNTS_PAYABLE_00011819,payment_before_invoice,HIGH,payment_date is earlier than invoice_date,2026-09-14T18:02:42.816798+00:00,ACCOUNTS_PAYABLE_00011819,11818,APINV_00011990,VEND_0019,ENT_US,2025-09-21,2025-11-05,2025-09-20,USD,246.52,16.13,230.39,Paid,Operations,Utilities
ACCOUNTS_PAYABLE_00011874,payment_before_invoice,HIGH,payment_date is earlier than invoice_date,2026-09-14T18:02:42.816798+00:00,ACCOUNTS_PAYABLE_00011874,11873,APINV_00012045,VEND_0019,ENT_US,2025-09-30,2025-11-14,2025-09-22,USD,1330.04,87.01,1243.03,Paid,R&D,Professional Services
ACCOUNTS_PAYABLE_00011891,payment_before_invoice,HIGH,payment_date is earlier than invoice_date,2026-09-14T18:02:42.816798+00:00,ACCOUNTS_PAYABLE_00011891,11890,APINV_00012062,VEND_0018,ENT_US,2025-09-03,2025-09-18,2025-09-02,EUR,98.25,6.43,91.82,Paid,R&D,Sales Commissions
ACCOUNTS_PAYABLE_00011934,payment_before_invoice,HIGH,payment_date is earlier than invoice_date,2026-09-14T18:02:42.816798+00:00,ACCOUNTS_PAYABLE_00011934,11933,APINV_00012105,VEND_0031,ENT_US,2025-09-14,2025-10-29,2025-09-10,EUR,84.18,5.51,78.67,Paid,Corporate,
ACCOUNTS_PAYABLE_00014046,payment_before_invoice,HIGH,payment_date is earlier than invoice_date,2026-09-14T18:02:42.816798+00:00,ACCOUNTS_PAYABLE_00014046,14045,APINV_00014217,VEND_0015,ENT_UK,2023-10-24,2023-11-23,2023-10-10,GBP,853.4,142.23,711.17,Paid,Sales,Insurance
ACCOUNTS_PAYABLE_00014161,payment_before_invoice,HIGH,payment_date is earlier than invoice_date,2026-09-14T18:02:42.816798+00:00,ACCOUNTS_PAYABLE_00014161,14160,APINV_00014332,VEND_0015,ENT_UK,2023-10-17,2023-11-16,2023-10-14,GBP,75.24,12.54,62.7,Paid,R&D,Sales Commissions
ACCOUNTS_PAYABLE_00014998,payment_before_invoice,HIGH,payment_date is earlier than invoice_date,2026-09-14T18:02:42.816798+00:00,ACCOUNTS_PAYABLE_00014998,14997,APINV_00015169,VEND_0016,ENT_UK,2024-03-31,2024-04-30,2024-03-29,GBP,108.62,18.1,90.52,Paid,R&D,Travel
ACCOUNTS_PAYABLE_00015903,payment_before_invoice,HIGH,payment_date is earlier than invoice_date,2026-09-14T18:02:42.816798+00:00,ACCOUNTS_PAYABLE_00015903,15902,APINV_00016074,VEND_0013,ENT_UK,2024-09-28,2024-10-28,2024-09-26,GBP,492.6,82.1,410.5,Paid,Sales,Software Subscriptions
ACCOUNTS_PAYABLE_00016400,payment_before_invoice,HIGH,payment_date is earlier than invoice_date,2026-09-14T18:02:42.816798+00:00,ACCOUNTS_PAYABLE_00016400,16399,APINV_00016571,VEND_0032,ENT_UK,2024-11-15,2025-01-14,2024-11-05,GBP,243.23,40.54,202.69,Paid,Corporate,Utilities
ACCOUNTS_PAYABLE_00016914,payment_before_invoice,HIGH,payment_date is earlier than invoice_date,2026-09-14T18:02:42.816798+00:00,ACCOUNTS_PAYABLE_00016914,16913,APINV_00017085,VEND_0008,ENT_UK,2025-02-25,2025-04-11,2025-02-24,GBP,81.53,13.59,67.94,Paid,R&D,Travel
ACCOUNTS_PAYABLE_00017304,payment_before_invoice,HIGH,payment_date is earlier than invoice_date,2026-09-14T18:02:42.816798+00:00,ACCOUNTS_PAYABLE_00017304,17303,APINV_00017475,VEND_0038,ENT_UK,2025-04-09,2025-05-09,2025-03-30,GBP,26.4,4.4,22.0,Paid,Corporate,IT Infrastructure
ACCOUNTS_PAYABLE_00017316,payment_before_invoice,HIGH,payment_date is earlier than invoice_date,2026-09-14T18:02:42.816798+00:00,ACCOUNTS_PAYABLE_00017316,17315,APINV_00017487,VEND_0005,ENT_UK,2025-05-01,2025-05-16,2025-04-17,GBP,306.24,51.04,255.2,Paid,Sales,Professional Services
ACCOUNTS_PAYABLE_00017328,payment_before_invoice,HIGH,payment_date is earlier than invoice_date,2026-09-14T18:02:42.816798+00:00,ACCOUNTS_PAYABLE_00017328,17327,APINV_00017499,VEND_0038,ENT_UK,2025-05-12,2025-06-11,2025-04-28,GBP,3409.51,568.25,2841.26,Paid,,Logistics
ACCOUNTS_PAYABLE_00017653,payment_before_invoice,HIGH,payment_date is earlier than invoice_date,2026-09-14T18:02:42.816798+00:00,ACCOUNTS_PAYABLE_00017653,17652,APINV_00017824,VEND_0016,ENT_UK,2025-06-06,2025-07-06,2025-06-03,GBP,25.75,4.29,21.46,Paid,Corporate,IT Infrastructure
ACCOUNTS_PAYABLE_00018199,payment_before_invoice,HIGH,payment_date is earlier than invoice_date,2026-09-14T18:02:42.816798+00:00,ACCOUNTS_PAYABLE_00018199,18198,APINV_00018370,VEND_0005,ENT_UK,2025-10-17,2025-11-01,2025-10-14,GBP,4335.59,722.6,3612.99,Paid,Sales,Logistics
ACCOUNTS_PAYABLE_00018338,payment_before_invoice,HIGH,payment_date is earlier than invoice_date,2026-09-14T18:02:42.816798+00:00,ACCOUNTS_PAYABLE_00018338,18337,APINV_00018509,VEND_0035,ENT_UK,2025-10-31,2025-11-30,2025-10-29,GBP,584.1,97.35,486.75,Paid,Corporate,Utilities
ACCOUNTS_PAYABLE_00019294,payment_before_invoice,HIGH,payment_date is earlier than invoice_date,2026-09-14T18:02:42.816798+00:00,ACCOUNTS_PAYABLE_00019294,19293,APINV_INV_00000595,VEND_0017,ENT_UK,2025-04-06,2025-05-06,2025-03-27,USD,102022.1,17003.68,85018.42,Paid,Sales,Raw Materials
