record_id,validation_rule,severity,reason,timestamp,row_uid,_raw_row,invoice_id,customer_id,entity_id,invoice_date,due_date,payment_date,currency,invoice_amount,payment_status,business_unit,customer_segment
ACCOUNTS_RECEIVABLE_00003790,missing_invoice_amount,CRITICAL,Required field 'invoice_amount' is missing,2026-09-14T18:02:42.816798+00:00,ACCOUNTS_RECEIVABLE_00003790,3789,ARINV_00003790,CUST_0018,ENT_EU,2024-11-25,2024-12-25,2024-12-18,EUR,,Paid,Sales,SMB
ACCOUNTS_RECEIVABLE_00004607,missing_invoice_amount,CRITICAL,Required field 'invoice_amount' is missing,2026-09-14T18:02:42.816798+00:00,ACCOUNTS_RECEIVABLE_00004607,4606,ARINV_00004607,CUST_0121,ENT_EU,2025-04-02,2025-04-17,2025-04-23,EUR,,Paid,Operations,Retail
ACCOUNTS_RECEIVABLE_00007066,missing_invoice_amount,CRITICAL,Required field 'invoice_amount' is missing,2026-09-14T18:02:42.816798+00:00,ACCOUNTS_RECEIVABLE_00007066,7065,ARINV_00007066,CUST_0125,ENT_US,2023-07-12,2023-09-10,2023-09-05,USD,,Paid,Sales,Enterprise
ACCOUNTS_RECEIVABLE_00007378,missing_invoice_amount,CRITICAL,Required field 'invoice_amount' is missing,2026-09-14T18:02:42.816798+00:00,ACCOUNTS_RECEIVABLE_00007378,7377,ARINV_00007378,CUST_0028,ENT_US,2023-08-19,2023-09-18,2023-09-25,USD,,Paid,Marketing,SMB
ACCOUNTS_RECEIVABLE_00008570,missing_invoice_amount,CRITICAL,Required field 'invoice_amount' is missing,2026-09-14T18:02:42.816798+00:00,ACCOUNTS_RECEIVABLE_00008570,8569,ARINV_00008570,CUST_0130,ENT_US,2024-04-04,2024-05-04,2024-05-20,USD,,Paid,Sales,SMB
ACCOUNTS_RECEIVABLE_00009960,missing_invoice_amount,CRITICAL,Required field 'invoice_amount' is missing,2026-09-14T18:02:42.816798+00:00,ACCOUNTS_RECEIVABLE_00009960,9959,ARINV_00009960,CUST_0091,ENT_US,2025-01-04,2025-01-19,2025-01-18,EUR,,Paid,Operations,Retail
ACCOUNTS_RECEIVABLE_00010292,missing_invoice_amount,CRITICAL,Required field 'invoice_amount' is missing,2026-09-14T18:02:42.816798+00:00,ACCOUNTS_RECEIVABLE_00010292,10291,ARINV_00010292,CUST_0052,ENT_US,2025-03-30,2025-04-29,2025-05-20,USD,,Paid,Sales,SMB
ACCOUNTS_RECEIVABLE_00015815,missing_invoice_amount,CRITICAL,Required field 'invoice_amount' is missing,2026-09-14T18:02:42.816798+00:00,ACCOUNTS_RECEIVABLE_00015815,15814,ARINV_00015815,CUST_0076,ENT_UK,2024-11-09,2024-12-09,2024-12-24,GBP,,Paid,Marketing,SMB
ACCOUNTS_RECEIVABLE_00016317,missing_invoice_amount,CRITICAL,Required field 'invoice_amount' is missing,2026-09-14T18:02:42.816798+00:00,ACCOUNTS_RECEIVABLE_00016317,16316,ARINV_00016317,CUST_0060,ENT_UK,2025-02-09,2025-03-11,2025-03-07,GBP,,Paid,Marketing,SMB
ACCOUNTS_RECEIVABLE_00000250,missing_currency,HIGH,Required field 'currency' is missing,2026-09-14T18:02:42.816798+00:00,ACCOUNTS_RECEIVABLE_00000250,249,ARINV_00000250,CUST_0116,ENT_EU,2023-02-11,2023-03-13,2023-03-11,,3445.89,Paid,Operations,SMB
ACCOUNTS_RECEIVABLE_00001014,missing_currency,HIGH,Required field 'currency' is missing,2026-09-14T18:02:42.816798+00:00,ACCOUNTS_RECEIVABLE_00001014,1013,ARINV_00001014,CUST_0116,ENT_EU,2023-06-28,2023-07-28,2023-07-31,,9187.8,Paid,Marketing,SMB
ACCOUNTS_RECEIVABLE_00001648,missing_currency,HIGH,Required field 'currency' is missing,2026-09-14T18:02:42.816798+00:00,ACCOUNTS_RECEIVABLE_00001648,1647,ARINV_00001648,CUST_0142,ENT_EU,2023-10-19,2023-11-18,2023-11-23,,786.66,Paid,Operations,SMB
ACCOUNTS_RECEIVABLE_00002004,missing_currency,HIGH,Required field 'currency' is missing,2026-09-14T18:02:42.816798+00:00,ACCOUNTS_RECEIVABLE_00002004,2003,ARINV_00002004,CUST_0114,ENT_EU,2023-12-14,2023-12-29,2024-01-09,,3795.74,Paid,Operations,Retail
ACCOUNTS_RECEIVABLE_00002055,missing_currency,HIGH,Required field 'currency' is missing,2026-09-14T18:02:42.816798+00:00,ACCOUNTS_RECEIVABLE_00002055,2054,ARINV_00002055,CUST_0053,ENT_EU,2023-12-05,2024-01-04,2024-01-03,,491.56,Paid,Marketing,SMB
ACCOUNTS_RECEIVABLE_00002498,missing_currency,HIGH,Required field 'currency' is missing,2026-09-14T18:02:42.816798+00:00,ACCOUNTS_RECEIVABLE_00002498,2497,ARINV_00002498,CUST_0132,ENT_EU,2024-03-31,2024-05-30,2024-05-26,,1389.12,Paid,Operations,Enterprise
ACCOUNTS_RECEIVABLE_00003571,missing_currency,HIGH,Required field 'currency' is missing,2026-09-14T18:02:42.816798+00:00,ACCOUNTS_RECEIVABLE_00003571,3570,ARINV_00003571,CUST_0124,ENT_EU,2024-10-11,2024-10-26,2024-11-08,,10665.4,Paid,Sales,Retail
ACCOUNTS_RECEIVABLE_00003652,missing_currency,HIGH,Required field 'currency' is missing,2026-09-14T18:02:42.816798+00:00,ACCOUNTS_RECEIVABLE_00003652,3651,ARINV_00003652,CUST_0103,ENT_EU,2024-10-10,2024-10-25,2024-10-18,,8577.91,Paid,Operations,Retail
ACCOUNTS_RECEIVABLE_00003702,missing_currency,HIGH,Required field 'currency' is missing,2026-09-14T18:02:42.816798+00:00,ACCOUNTS_RECEIVABLE_00003702,3701,ARINV_00003702,CUST_0027,ENT_EU,2024-10-21,2024-12-20,2024-12-30,,295.55,Paid,Marketing,Enterprise
ACCOUNTS_RECEIVABLE_00004708,missing_currency,HIGH,Required field 'currency' is missing,2026-09-14T18:02:42.816798+00:00,ACCOUNTS_RECEIVABLE_00004708,4707,ARINV_00004708,CUST_0034,ENT_EU,2025-05-23,2025-07-22,2025-08-02,,36304.87,Paid,Sales,Enterprise
ACCOUNTS_RECEIVABLE_00004946,missing_currency,HIGH,Required field 'currency' is missing,2026-09-14T18:02:42.816798+00:00,ACCOUNTS_RECEIVABLE_00004946,4945,ARINV_00004946,CUST_0011,ENT_EU,2025-06-08,2025-06-23,2025-06-29,,3449.62,Paid,Operations,Retail
ACCOUNTS_RECEIVABLE_00005472,missing_currency,HIGH,Required field 'currency' is missing,2026-09-14T18:02:42.816798+00:00,ACCOUNTS_RECEIVABLE_00005472,5471,ARINV_00005472,CUST_0024,ENT_EU,2025-09-12,2025-10-12,2025-10-25,,447.2,Paid,Marketing,SMB
ACCOUNTS_RECEIVABLE_00005731,missing_currency,HIGH,Required field 'currency' is missing,2026-09-14T18:02:42.816798+00:00,ACCOUNTS_RECEIVABLE_00005731,5730,ARINV_00005731,CUST_0154,ENT_EU,2025-11-25,2025-12-25,2025-12-25,,7268.61,Paid,Operations,SMB
ACCOUNTS_RECEIVABLE_00006645,missing_currency,HIGH,Required field 'currency' is missing,2026-09-14T18:02:42.816798+00:00,ACCOUNTS_RECEIVABLE_00006645,6644,ARINV_00006645,CUST_0028,ENT_US,2023-04-28,2023-05-28,2023-05-24,,694.89,Paid,Marketing,SMB
ACCOUNTS_RECEIVABLE_00006858,missing_currency,HIGH,Required field 'currency' is missing,2026-09-14T18:02:42.816798+00:00,ACCOUNTS_RECEIVABLE_00006858,6857,ARINV_00006858,CUST_0091,ENT_US,2023-06-05,2023-06-20,2023-06-05,,7488.62,Paid,Sales,Retail
ACCOUNTS_RECEIVABLE_00006862,missing_currency,HIGH,Required field 'currency' is missing,2026-09-14T18:02:42.816798+00:00,ACCOUNTS_RECEIVABLE_00006862,6861,ARINV_00006862,CUST_0052,ENT_US,2023-06-22,2023-07-22,2023-08-07,,16999.05,Paid,Sales,SMB
ACCOUNTS_RECEIVABLE_00006909,missing_currency,HIGH,Required field 'currency' is missing,2026-09-14T18:02:42.816798+00:00,ACCOUNTS_RECEIVABLE_00006909,6908,ARINV_00006909,CUST_0016,ENT_US,2023-06-16,2023-07-16,2023-07-08,,2912.91,Paid,Sales,SMB
ACCOUNTS_RECEIVABLE_00007169,missing_currency,HIGH,Required field 'currency' is missing,2026-09-14T18:02:42.816798+00:00,ACCOUNTS_RECEIVABLE_00007169,7168,ARINV_00007169,CUST_0017,ENT_US,2023-07-15,2023-09-13,2023-09-25,,1740.31,Paid,Marketing,Enterprise
ACCOUNTS_RECEIVABLE_00007683,missing_currency,HIGH,Required field 'currency' is missing,2026-09-14T18:02:42.816798+00:00,ACCOUNTS_RECEIVABLE_00007683,7682,ARINV_00007683,CUST_0170,ENT_US,2023-10-24,2023-11-08,2023-11-05,,1294.33,Paid,Marketing,Retail
ACCOUNTS_RECEIVABLE_00007972,missing_currency,HIGH,Required field 'currency' is missing,2026-09-14T18:02:42.816798+00:00,ACCOUNTS_RECEIVABLE_00007972,7971,ARINV_00007972,CUST_0090,ENT_US,2023-12-14,2024-02-12,2024-02-29,,1253.21,Paid,Operations,Enterprise
ACCOUNTS_RECEIVABLE_00008430,missing_currency,HIGH,Required field 'currency' is missing,2026-09-14T18:02:42.816798+00:00,ACCOUNTS_RECEIVABLE_00008430,8429,ARINV_00008430,CUST_0090,ENT_US,2024-03-24,2024-05-23,2024-06-11,,4090.4,Paid,Operations,Enterprise
ACCOUNTS_RECEIVABLE_00009219,missing_currency,HIGH,Required field 'currency' is missing,2026-09-14T18:02:42.816798+00:00,ACCOUNTS_RECEIVABLE_00009219,9218,ARINV_00009219,CUST_0130,ENT_US,2024-08-24,2024-09-23,2024-09-20,,1277.85,Paid,Marketing,SMB
ACCOUNTS_RECEIVABLE_00009539,missing_currency,HIGH,Required field 'currency' is missing,2026-09-14T18:02:42.816798+00:00,ACCOUNTS_RECEIVABLE_00009539,9538,ARINV_00009539,CUST_0092,ENT_US,2024-10-15,2024-11-14,2024-11-15,,126.01,Paid,Marketing,SMB
ACCOUNTS_RECEIVABLE_00009669,missing_currency,HIGH,Required field 'currency' is missing,2026-09-14T18:02:42.816798+00:00,ACCOUNTS_RECEIVABLE_00009669,9668,ARINV_00009669,CUST_0020,ENT_US,2024-11-10,2025-01-09,2025-01-11,,1632.1,Paid,Operations,Enterprise
ACCOUNTS_RECEIVABLE_00010175,missing_currency,HIGH,Required field 'currency' is missing,2026-09-14T18:02:42.816798+00:00,ACCOUNTS_RECEIVABLE_00010175,10174,ARINV_00010175,CUST_0001,ENT_US,2025-02-25,2025-04-26,2025-05-11,,8316.74,Paid,Operations,Enterprise
ACCOUNTS_RECEIVABLE_00010453,missing_currency,HIGH,Required field 'currency' is missing,2026-09-14T18:02:42.816798+00:00,ACCOUNTS_RECEIVABLE_00010453,10452,ARINV_00010453,CUST_0130,ENT_US,2025-04-27,2025-05-27,2025-06-08,,2654.16,Paid,Sales,SMB
ACCOUNTS_RECEIVABLE_00010662,missing_currency,HIGH,Required field 'currency' is missing,2026-09-14T18:02:42.816798+00:00,ACCOUNTS_RECEIVABLE_00010662,10661,ARINV_00010662,CUST_0173,ENT_US,2025-05-20,2025-06-19,2025-06-22,,5167.76,Paid,Operations,SMB
ACCOUNTS_RECEIVABLE_00010747,missing_currency,HIGH,Required field 'currency' is missing,2026-09-14T18:02:42.816798+00:00,ACCOUNTS_RECEIVABLE_00010747,10746,ARINV_00010747,CUST_0175,ENT_US,2025-05-17,2025-06-16,2025-07-06,,5349.09,Paid,Marketing,SMB
ACCOUNTS_RECEIVABLE_00011952,missing_currency,HIGH,Required field 'currency' is missing,2026-09-14T18:02:42.816798+00:00,ACCOUNTS_RECEIVABLE_00011952,11951,ARINV_00011952,CUST_0029,ENT_US,2025-12-08,2026-01-07,,,2722.78,Open,Marketing,SMB
ACCOUNTS_RECEIVABLE_00012616,missing_currency,HIGH,Required field 'currency' is missing,2026-09-14T18:02:42.816798+00:00,ACCOUNTS_RECEIVABLE_00012616,12615,ARINV_00012616,CUST_0148,ENT_UK,2023-04-18,2023-05-03,2023-04-26,,745.89,Paid,Operations,Retail
ACCOUNTS_RECEIVABLE_00012718,missing_currency,HIGH,Required field 'currency' is missing,2026-09-14T18:02:42.816798+00:00,ACCOUNTS_RECEIVABLE_00012718,12717,ARINV_00012718,CUST_0136,ENT_UK,2023-05-15,2023-06-14,2023-06-16,,2092.67,Paid,Sales,SMB
ACCOUNTS_RECEIVABLE_00012760,missing_currency,HIGH,Required field 'currency' is missing,2026-09-14T18:02:42.816798+00:00,ACCOUNTS_RECEIVABLE_00012760,12759,ARINV_00012760,CUST_0005,ENT_UK,2023-05-14,2023-07-13,2023-07-25,,2250.48,Paid,Operations,Enterprise
ACCOUNTS_RECEIVABLE_00013076,missing_currency,HIGH,Required field 'currency' is missing,2026-09-14T18:02:42.816798+00:00,ACCOUNTS_RECEIVABLE_00013076,13075,ARINV_00013076,CUST_0041,ENT_UK,2023-07-27,2023-08-26,2023-09-04,,12096.2,Paid,Operations,SMB
ACCOUNTS_RECEIVABLE_00013089,missing_currency,HIGH,Required field 'currency' is missing,2026-09-14T18:02:42.816798+00:00,ACCOUNTS_RECEIVABLE_00013089,13088,ARINV_00013089,CUST_0136,ENT_UK,2023-07-27,2023-08-26,2023-08-26,,1033.47,Paid,,SMB
ACCOUNTS_RECEIVABLE_00013200,missing_currency,HIGH,Required field 'currency' is missing,2026-09-14T18:02:42.816798+00:00,ACCOUNTS_RECEIVABLE_00013200,13199,ARINV_00013200,CUST_0117,ENT_UK,2023-08-07,2023-10-06,,,4868.32,Written Off,Sales,Enterprise
ACCOUNTS_RECEIVABLE_00013211,missing_currency,HIGH,Required field 'currency' is missing,2026-09-14T18:02:42.816798+00:00,ACCOUNTS_RECEIVABLE_00013211,13210,ARINV_00013211,CUST_0009,ENT_UK,2023-08-20,2023-09-04,2023-09-24,,2272.18,Paid,Sales,Retail
ACCOUNTS_RECEIVABLE_00013705,missing_currency,HIGH,Required field 'currency' is missing,2026-09-14T18:02:42.816798+00:00,ACCOUNTS_RECEIVABLE_00013705,13704,ARINV_00013705,CUST_0178,ENT_UK,2023-11-01,2023-12-01,2024-01-09,,899.01,Paid,Sales,SMB
ACCOUNTS_RECEIVABLE_00014819,missing_currency,HIGH,Required field 'currency' is missing,2026-09-14T18:02:42.816798+00:00,ACCOUNTS_RECEIVABLE_00014819,14818,ARINV_00014819,CUST_0169,ENT_UK,2024-05-18,2024-06-17,2024-06-20,,135.83,Paid,Operations,SMB
ACCOUNTS_RECEIVABLE_00015064,missing_currency,HIGH,Required field 'currency' is missing,2026-09-14T18:02:42.816798+00:00,ACCOUNTS_RECEIVABLE_00015064,15063,ARINV_00015064,CUST_0115,ENT_UK,2024-07-30,2024-09-28,2024-09-22,,2875.72,Paid,Operations,Enterprise
ACCOUNTS_RECEIVABLE_00015746,missing_currency,HIGH,Required field 'currency' is missing,2026-09-14T18:02:42.816798+00:00,ACCOUNTS_RECEIVABLE_00015746,15745,ARINV_00015746,CUST_0074,ENT_UK,2024-11-21,2024-12-21,2024-12-24,,3000.38,Paid,Operations,SMB
ACCOUNTS_RECEIVABLE_00015831,missing_currency,HIGH,Required field 'currency' is missing,2026-09-14T18:02:42.816798+00:00,ACCOUNTS_RECEIVABLE_00015831,15830,ARINV_00015831,CUST_0174,ENT_UK,2024-11-14,2024-11-29,2024-12-06,,1384.68,Paid,Marketing,Retail
ACCOUNTS_RECEIVABLE_00016485,missing_currency,HIGH,Required field 'currency' is missing,2026-09-14T18:02:42.816798+00:00,ACCOUNTS_RECEIVABLE_00016485,16484,ARINV_00016485,CUST_0126,ENT_UK,2025-03-26,2025-04-25,2025-05-12,,2037.48,Paid,Marketing,SMB
ACCOUNTS_RECEIVABLE_00016838,missing_currency,HIGH,Required field 'currency' is missing,2026-09-14T18:02:42.816798+00:00,ACCOUNTS_RECEIVABLE_00016838,16837,ARINV_00016838,CUST_0126,ENT_UK,2025-05-11,2025-06-10,2025-07-08,,4713.65,Paid,Marketing,SMB
ACCOUNTS_RECEIVABLE_00016839,missing_currency,HIGH,Required field 'currency' is missing,2026-09-14T18:02:42.816798+00:00,ACCOUNTS_RECEIVABLE_00016839,16838,ARINV_00016839,CUST_0151,ENT_UK,2025-05-27,2025-06-26,2025-06-30,,732.15,Paid,Marketing,
ACCOUNTS_RECEIVABLE_00017271,missing_currency,HIGH,Required field 'currency' is missing,2026-09-14T18:02:42.816798+00:00,ACCOUNTS_RECEIVABLE_00017271,17270,ARINV_00017271,CUST_0174,ENT_UK,2025-08-18,2025-09-02,2025-09-06,,7198.31,Paid,Operations,Retail
ACCOUNTS_RECEIVABLE_00017490,missing_currency,HIGH,Required field 'currency' is missing,2026-09-14T18:02:42.816798+00:00,ACCOUNTS_RECEIVABLE_00017490,17489,ARINV_00017490,CUST_0162,ENT_UK,2025-09-29,2025-10-29,2025-11-20,,2201.96,Paid,Operations,SMB
ACCOUNTS_RECEIVABLE_00018080,missing_currency,HIGH,Required field 'currency' is missing,2026-09-14T18:02:42.816798+00:00,ACCOUNTS_RECEIVABLE_00018080,18079,ARINV_00010452,CUST_0091,ENT_US,2025-04-11,2025-04-26,2025-04-25,,2958.51,Paid,Sales,Retail
ACCOUNTS_RECEIVABLE_00000038,duplicate_exact,HIGH,Full record is byte-identical to another record in the file,2026-09-14T18:02:42.816798+00:00,ACCOUNTS_RECEIVABLE_00000038,37,ARINV_00000038,CUST_0018,ENT_EU,2023-01-04,2023-02-03,2023-03-14,EUR,7528.43,Paid,Sales,SMB
ACCOUNTS_RECEIVABLE_00000167,duplicate_exact,HIGH,Full record is byte-identical to another record in the file,2026-09-14T18:02:42.816798+00:00,ACCOUNTS_RECEIVABLE_00000167,166,ARINV_00000167,CUST_0035,ENT_EU,2023-01-17,2023-03-18,2023-03-23,EUR,2989.53,Paid,Marketing,Enterprise
ACCOUNTS_RECEIVABLE_00000282,duplicate_exact,HIGH,Full record is byte-identical to another record in the file,2026-09-14T18:02:42.816798+00:00,ACCOUNTS_RECEIVABLE_00000282,281,ARINV_00000282,CUST_0132,ENT_EU,2023-02-09,2023-04-10,2023-04-27,EUR,2505.52,Paid,Operations,Enterprise
ACCOUNTS_RECEIVABLE_00000343,duplicate_exact,HIGH,Full record is byte-identical to another record in the file,2026-09-14T18:02:42.816798+00:00,ACCOUNTS_RECEIVABLE_00000343,342,ARINV_00000343,CUST_0027,ENT_EU,2023-02-20,2023-04-21,2023-04-23,EUR,1149.22,Paid,Marketing,Enterprise
ACCOUNTS_RECEIVABLE_00000357,duplicate_exact,HIGH,Full record is byte-identical to another record in the file,2026-09-14T18:02:42.816798+00:00,ACCOUNTS_RECEIVABLE_00000357,356,ARINV_00000357,CUST_0114,ENT_EU,2023-03-15,2023-03-30,2023-03-20,EUR,3810.32,Paid,Sales,Retail
ACCOUNTS_RECEIVABLE_00000402,duplicate_exact,HIGH,Full record is byte-identical to another record in the file,2026-09-14T18:02:42.816798+00:00,ACCOUNTS_RECEIVABLE_00000402,401,ARINV_00000402,CUST_0103,ENT_EU,2023-03-28,2023-04-12,2023-03-29,EUR,3735.5,Paid,Sales,Retail
ACCOUNTS_RECEIVABLE_00000690,duplicate_exact,HIGH,Full record is byte-identical to another record in the file,2026-09-14T18:02:42.816798+00:00,ACCOUNTS_RECEIVABLE_00000690,689,ARINV_00000690,CUST_0114,ENT_EU,2023-04-11,2023-04-26,2023-05-03,EUR,4067.88,Paid,Marketing,Retail
ACCOUNTS_RECEIVABLE_00000749,duplicate_exact,HIGH,Full record is byte-identical to another record in the file,2026-09-14T18:02:42.816798+00:00,ACCOUNTS_RECEIVABLE_00000749,748,ARINV_00000749,CUST_0050,ENT_EU,2023-05-11,2023-07-10,2023-07-27,EUR,1931.51,Paid,Sales,Enterprise
ACCOUNTS_RECEIVABLE_00000907,duplicate_exact,HIGH,Full record is byte-identical to another record in the file,2026-09-14T18:02:42.816798+00:00,ACCOUNTS_RECEIVABLE_00000907,906,ARINV_00000907,CUST_0150,ENT_EU,2023-06-28,2023-07-13,2023-07-15,EUR,676.49,Paid,Sales,Retail
ACCOUNTS_RECEIVABLE_00001096,duplicate_exact,HIGH,Full record is byte-identical to another record in the file,2026-09-14T18:02:42.816798+00:00,ACCOUNTS_RECEIVABLE_00001096,1095,ARINV_00001096,CUST_0011,ENT_EU,2023-07-27,2023-08-11,2023-08-23,GBP,2356.48,Paid,Operations,Retail
ACCOUNTS_RECEIVABLE_00001308,duplicate_exact,HIGH,Full record is byte-identical to another record in the file,2026-09-14T18:02:42.816798+00:00,ACCOUNTS_RECEIVABLE_00001308,1307,ARINV_00001308,CUST_0128,ENT_EU,2023-08-11,2023-08-26,2023-08-11,EUR,2642.99,Paid,Operations,Retail
ACCOUNTS_RECEIVABLE_00001312,duplicate_exact,HIGH,Full record is byte-identical to another record in the file,2026-09-14T18:02:42.816798+00:00,ACCOUNTS_RECEIVABLE_00001312,1311,ARINV_00001312,CUST_0097,ENT_EU,2023-08-24,2023-09-23,2023-09-10,EUR,3501.81,Paid,Operations,SMB
ACCOUNTS_RECEIVABLE_00001388,duplicate_exact,HIGH,Full record is byte-identical to another record in the file,2026-09-14T18:02:42.816798+00:00,ACCOUNTS_RECEIVABLE_00001388,1387,ARINV_00001388,CUST_0018,ENT_EU,2023-08-22,2023-09-21,2023-10-03,EUR,4020.76,Paid,Marketing,SMB
ACCOUNTS_RECEIVABLE_00001460,duplicate_exact,HIGH,Full record is byte-identical to another record in the file,2026-09-14T18:02:42.816798+00:00,ACCOUNTS_RECEIVABLE_00001460,1459,ARINV_00001460,CUST_0050,ENT_EU,2023-09-30,2023-11-29,2023-11-14,EUR,11029.41,Paid,Operations,Enterprise
ACCOUNTS_RECEIVABLE_00001564,duplicate_exact,HIGH,Full record is byte-identical to another record in the file,2026-09-14T18:02:42.816798+00:00,ACCOUNTS_RECEIVABLE_00001564,1563,ARINV_00001564,CUST_0095,ENT_EU,2023-09-15,2023-09-30,2023-10-01,EUR,6035.15,Paid,Marketing,Retail
ACCOUNTS_RECEIVABLE_00001576,duplicate_exact,HIGH,Full record is byte-identical to another record in the file,2026-09-14T18:02:42.816798+00:00,ACCOUNTS_RECEIVABLE_00001576,1575,ARINV_00001576,CUST_0121,ENT_EU,2023-10-01,2023-10-16,2023-10-09,EUR,6854.86,Paid,Sales,Retail
ACCOUNTS_RECEIVABLE_00001681,duplicate_exact,HIGH,Full record is byte-identical to another record in the file,2026-09-14T18:02:42.816798+00:00,ACCOUNTS_RECEIVABLE_00001681,1680,ARINV_00001681,CUST_0071,ENT_EU,2023-10-08,2023-12-07,2023-12-29,EUR,709.22,Paid,Marketing,Enterprise
ACCOUNTS_RECEIVABLE_00001768,duplicate_exact,HIGH,Full record is byte-identical to another record in the file,2026-09-14T18:02:42.816798+00:00,ACCOUNTS_RECEIVABLE_00001768,1767,ARINV_00001768,CUST_0098,ENT_EU,2023-11-30,2023-12-15,2023-12-16,EUR,1331.97,Paid,Sales,Retail
ACCOUNTS_RECEIVABLE_00001973,duplicate_exact,HIGH,Full record is byte-identical to another record in the file,2026-09-14T18:02:42.816798+00:00,ACCOUNTS_RECEIVABLE_00001973,1972,ARINV_00001973,CUST_0119,ENT_EU,2023-12-26,2024-01-10,2024-01-04,EUR,3077.39,Paid,Sales,Retail
ACCOUNTS_RECEIVABLE_00002018,duplicate_exact,HIGH,Full record is byte-identical to another record in the file,2026-09-14T18:02:42.816798+00:00,ACCOUNTS_RECEIVABLE_00002018,2017,ARINV_00002018,CUST_0163,ENT_EU,2023-12-17,2024-02-15,2024-02-19,EUR,2235.31,Paid,Operations,Enterprise
ACCOUNTS_RECEIVABLE_00002057,duplicate_exact,HIGH,Full record is byte-identical to another record in the file,2026-09-14T18:02:42.816798+00:00,ACCOUNTS_RECEIVABLE_00002057,2056,ARINV_00002057,CUST_0116,ENT_EU,2023-12-12,2024-01-11,2023-12-30,EUR,565.31,Paid,Marketing,SMB
ACCOUNTS_RECEIVABLE_00002325,duplicate_exact,HIGH,Full record is byte-identical to another record in the file,2026-09-14T18:02:42.816798+00:00,ACCOUNTS_RECEIVABLE_00002325,2324,ARINV_00002325,CUST_0038,ENT_EU,2024-02-02,2024-03-03,2024-03-08,EUR,4359.69,Paid,Operations,SMB
ACCOUNTS_RECEIVABLE_00002736,duplicate_exact,HIGH,Full record is byte-identical to another record in the file,2026-09-14T18:02:42.816798+00:00,ACCOUNTS_RECEIVABLE_00002736,2735,ARINV_00002736,CUST_0048,ENT_EU,2024-04-06,2024-04-21,2024-04-13,EUR,1777.17,Paid,Marketing,Retail
ACCOUNTS_RECEIVABLE_00002765,duplicate_exact,HIGH,Full record is byte-identical to another record in the file,2026-09-14T18:02:42.816798+00:00,ACCOUNTS_RECEIVABLE_00002765,2764,ARINV_00002765,CUST_0044,ENT_EU,2024-05-08,2024-06-07,2024-07-17,EUR,4457.31,Paid,Sales,SMB
ACCOUNTS_RECEIVABLE_00002948,duplicate_exact,HIGH,Full record is byte-identical to another record in the file,2026-09-14T18:02:42.816798+00:00,ACCOUNTS_RECEIVABLE_00002948,2947,ARINV_00002948,CUST_0037,ENT_EU,2024-06-28,2024-08-27,2024-08-13,EUR,1759.14,Paid,Sales,Enterprise
ACCOUNTS_RECEIVABLE_00002958,duplicate_exact,HIGH,Full record is byte-identical to another record in the file,2026-09-14T18:02:42.816798+00:00,ACCOUNTS_RECEIVABLE_00002958,2957,ARINV_00002958,CUST_0093,ENT_EU,2024-06-03,2024-07-03,2024-07-23,EUR,4399.4,Paid,Sales,SMB
ACCOUNTS_RECEIVABLE_00003065,duplicate_exact,HIGH,Full record is byte-identical to another record in the file,2026-09-14T18:02:42.816798+00:00,ACCOUNTS_RECEIVABLE_00003065,3064,ARINV_00003065,CUST_0104,ENT_EU,2024-06-17,2024-07-17,2024-07-16,EUR,384.4,Paid,Marketing,SMB
ACCOUNTS_RECEIVABLE_00003114,duplicate_exact,HIGH,Full record is byte-identical to another record in the file,2026-09-14T18:02:42.816798+00:00,ACCOUNTS_RECEIVABLE_00003114,3113,ARINV_00003114,CUST_0119,ENT_EU,2024-07-23,2024-08-07,2024-08-22,EUR,5791.06,Paid,Sales,Retail
ACCOUNTS_RECEIVABLE_00003448,duplicate_exact,HIGH,Full record is byte-identical to another record in the file,2026-09-14T18:02:42.816798+00:00,ACCOUNTS_RECEIVABLE_00003448,3447,ARINV_00003448,CUST_0034,ENT_EU,2024-09-20,2024-11-19,2024-11-24,EUR,3399.69,Paid,Operations,Enterprise
ACCOUNTS_RECEIVABLE_00003472,duplicate_exact,HIGH,Full record is byte-identical to another record in the file,2026-09-14T18:02:42.816798+00:00,ACCOUNTS_RECEIVABLE_00003472,3471,ARINV_00003472,CUST_0165,ENT_EU,2024-09-20,2024-11-19,2024-11-05,EUR,1450.52,Paid,Operations,Enterprise
ACCOUNTS_RECEIVABLE_00003510,duplicate_exact,HIGH,Full record is byte-identical to another record in the file,2026-09-14T18:02:42.816798+00:00,ACCOUNTS_RECEIVABLE_00003510,3509,ARINV_00003510,CUST_0147,ENT_EU,2024-09-18,2024-10-18,2024-11-17,GBP,162.27,Paid,Operations,SMB
ACCOUNTS_RECEIVABLE_00003729,duplicate_exact,HIGH,Full record is byte-identical to another record in the file,2026-09-14T18:02:42.816798+00:00,ACCOUNTS_RECEIVABLE_00003729,3728,ARINV_00003729,CUST_0097,ENT_EU,2024-10-24,2024-11-23,2024-12-01,EUR,339.29,Paid,Marketing,SMB
ACCOUNTS_RECEIVABLE_00004086,duplicate_exact,HIGH,Full record is byte-identical to another record in the file,2026-09-14T18:02:42.816798+00:00,ACCOUNTS_RECEIVABLE_00004086,4085,ARINV_00004086,CUST_0096,ENT_EU,2024-12-19,2025-01-03,2025-01-02,EUR,1174.39,Paid,Marketing,Retail
ACCOUNTS_RECEIVABLE_00004217,duplicate_exact,HIGH,Full record is byte-identical to another record in the file,2026-09-14T18:02:42.816798+00:00,ACCOUNTS_RECEIVABLE_00004217,4216,ARINV_00004217,CUST_0097,ENT_EU,2025-01-14,2025-02-13,2025-02-04,EUR,1250.62,Paid,Marketing,SMB
ACCOUNTS_RECEIVABLE_00004289,duplicate_exact,HIGH,Full record is byte-identical to another record in the file,2026-09-14T18:02:42.816798+00:00,ACCOUNTS_RECEIVABLE_00004289,4288,ARINV_00004289,CUST_0071,ENT_EU,2025-02-01,2025-04-02,2025-03-31,EUR,7168.72,Paid,Operations,Enterprise
ACCOUNTS_RECEIVABLE_00004370,duplicate_exact,HIGH,Full record is byte-identical to another record in the file,2026-09-14T18:02:42.816798+00:00,ACCOUNTS_RECEIVABLE_00004370,4369,ARINV_00004370,CUST_0088,ENT_EU,2025-02-02,2025-02-17,2025-01-30,EUR,3651.49,Paid,Marketing,Retail
ACCOUNTS_RECEIVABLE_00004476,duplicate_exact,HIGH,Full record is byte-identical to another record in the file,2026-09-14T18:02:42.816798+00:00,ACCOUNTS_RECEIVABLE_00004476,4475,ARINV_00004476,CUST_0111,ENT_EU,2025-03-28,2025-04-27,2025-05-28,EUR,465.31,Paid,Marketing,SMB
ACCOUNTS_RECEIVABLE_00004492,duplicate_exact,HIGH,Full record is byte-identical to another record in the file,2026-09-14T18:02:42.816798+00:00,ACCOUNTS_RECEIVABLE_00004492,4491,ARINV_00004492,CUST_0023,ENT_EU,2025-03-15,2025-03-30,2025-04-05,GBP,546.52,Paid,Marketing,Retail
ACCOUNTS_RECEIVABLE_00004565,duplicate_exact,HIGH,Full record is byte-identical to another record in the file,2026-09-14T18:02:42.816798+00:00,ACCOUNTS_RECEIVABLE_00004565,4564,ARINV_00004565,CUST_0042,ENT_EU,2025-04-20,2025-05-20,2025-05-25,EUR,2310.1,Paid,Sales,SMB
ACCOUNTS_RECEIVABLE_00004583,duplicate_exact,HIGH,Full record is byte-identical to another record in the file,2026-09-14T18:02:42.816798+00:00,ACCOUNTS_RECEIVABLE_00004583,4582,ARINV_00004583,CUST_0083,ENT_EU,2025-04-22,2025-05-22,2025-06-07,EUR,1139.11,Paid,Sales,SMB
ACCOUNTS_RECEIVABLE_00004696,duplicate_exact,HIGH,Full record is byte-identical to another record in the file,2026-09-14T18:02:42.816798+00:00,ACCOUNTS_RECEIVABLE_00004696,4695,ARINV_00004696,CUST_0066,ENT_EU,2025-04-04,2025-05-04,2025-05-15,EUR,4505.44,Paid,Marketing,SMB
ACCOUNTS_RECEIVABLE_00005114,duplicate_exact,HIGH,Full record is byte-identical to another record in the file,2026-09-14T18:02:42.816798+00:00,ACCOUNTS_RECEIVABLE_00005114,5113,ARINV_00005114,CUST_0104,ENT_EU,2025-07-15,2025-08-14,2025-09-06,EUR,16739.81,Paid,Operations,SMB
ACCOUNTS_RECEIVABLE_00005195,duplicate_exact,HIGH,Full record is byte-identical to another record in the file,2026-09-14T18:02:42.816798+00:00,ACCOUNTS_RECEIVABLE_00005195,5194,ARINV_00005195,CUST_0100,ENT_EU,2025-08-06,2025-09-05,2025-09-22,EUR,4423.86,Paid,Sales,SMB
ACCOUNTS_RECEIVABLE_00005251,duplicate_exact,HIGH,Full record is byte-identical to another record in the file,2026-09-14T18:02:42.816798+00:00,ACCOUNTS_RECEIVABLE_00005251,5250,ARINV_00005251,CUST_0037,ENT_EU,2025-08-16,2025-10-15,2025-10-04,EUR,7292.63,Paid,Operations,Enterprise
ACCOUNTS_RECEIVABLE_00005341,duplicate_exact,HIGH,Full record is byte-identical to another record in the file,2026-09-14T18:02:42.816798+00:00,ACCOUNTS_RECEIVABLE_00005341,5340,ARINV_00005341,CUST_0018,ENT_EU,2025-09-24,2025-10-24,2025-11-24,EUR,3721.85,Paid,Sales,SMB
ACCOUNTS_RECEIVABLE_00006507,duplicate_exact,HIGH,Full record is byte-identical to another record in the file,2026-09-14T18:02:42.816798+00:00,ACCOUNTS_RECEIVABLE_00006507,6506,ARINV_00006507,CUST_0172,ENT_US,2023-03-13,2023-04-12,2023-04-07,USD,1346.57,Paid,Marketing,SMB
ACCOUNTS_RECEIVABLE_00006643,duplicate_exact,HIGH,Full record is byte-identical to another record in the file,2026-09-14T18:02:42.816798+00:00,ACCOUNTS_RECEIVABLE_00006643,6642,ARINV_00006643,CUST_0057,ENT_US,2023-04-01,2023-04-16,2023-04-20,USD,3492.89,Paid,Marketing,Retail
ACCOUNTS_RECEIVABLE_00006679,duplicate_exact,HIGH,Full record is byte-identical to another record in the file,2026-09-14T18:02:42.816798+00:00,ACCOUNTS_RECEIVABLE_00006679,6678,ARINV_00006679,CUST_0105,ENT_US,2023-04-08,2023-04-23,2023-04-20,USD,6972.05,Paid,Marketing,Retail
ACCOUNTS_RECEIVABLE_00006684,duplicate_exact,HIGH,Full record is byte-identical to another record in the file,2026-09-14T18:02:42.816798+00:00,ACCOUNTS_RECEIVABLE_00006684,6683,ARINV_00006684,CUST_0078,ENT_US,2023-04-25,2023-05-25,2023-05-27,USD,2975.09,Paid,Marketing,SMB
ACCOUNTS_RECEIVABLE_00006833,duplicate_exact,HIGH,Full record is byte-identical to another record in the file,2026-09-14T18:02:42.816798+00:00,ACCOUNTS_RECEIVABLE_00006833,6832,ARINV_00006833,CUST_0120,ENT_US,2023-05-02,2023-05-17,2023-05-08,USD,2112.87,Paid,Marketing,Retail
ACCOUNTS_RECEIVABLE_00006937,duplicate_exact,HIGH,Full record is byte-identical to another record in the file,2026-09-14T18:02:42.816798+00:00,ACCOUNTS_RECEIVABLE_00006937,6936,ARINV_00006937,CUST_0159,ENT_US,2023-06-18,2023-07-03,2023-06-27,USD,1229.83,Paid,Operations,Retail
ACCOUNTS_RECEIVABLE_00006986,duplicate_exact,HIGH,Full record is byte-identical to another record in the file,2026-09-14T18:02:42.816798+00:00,ACCOUNTS_RECEIVABLE_00006986,6985,ARINV_00006986,CUST_0153,ENT_US,2023-06-22,2023-08-21,2023-08-27,USD,1024.52,Paid,Marketing,Enterprise
ACCOUNTS_RECEIVABLE_00007086,duplicate_exact,HIGH,Full record is byte-identical to another record in the file,2026-09-14T18:02:42.816798+00:00,ACCOUNTS_RECEIVABLE_00007086,7085,ARINV_00007086,CUST_0028,ENT_US,2023-07-04,2023-08-03,2023-08-19,USD,4503.88,Paid,Sales,SMB
ACCOUNTS_RECEIVABLE_00007389,duplicate_exact,HIGH,Full record is byte-identical to another record in the file,2026-09-14T18:02:42.816798+00:00,ACCOUNTS_RECEIVABLE_00007389,7388,ARINV_00007389,CUST_0141,ENT_US,2023-09-05,2023-10-05,2023-10-11,USD,17222.52,Paid,Sales,SMB
ACCOUNTS_RECEIVABLE_00007889,duplicate_exact,HIGH,Full record is byte-identical to another record in the file,2026-09-14T18:02:42.816798+00:00,ACCOUNTS_RECEIVABLE_00007889,7888,ARINV_00007889,CUST_0039,ENT_US,2023-12-13,2024-01-12,2024-01-15,GBP,21048.88,Paid,Sales,SMB
ACCOUNTS_RECEIVABLE_00008403,duplicate_exact,HIGH,Full record is byte-identical to another record in the file,2026-09-14T18:02:42.816798+00:00,ACCOUNTS_RECEIVABLE_00008403,8402,ARINV_00008403,CUST_0173,ENT_US,2024-03-22,2024-04-21,2024-05-22,USD,4958.44,Paid,Operations,SMB
ACCOUNTS_RECEIVABLE_00008709,duplicate_exact,HIGH,Full record is byte-identical to another record in the file,2026-09-14T18:02:42.816798+00:00,ACCOUNTS_RECEIVABLE_00008709,8708,ARINV_00008709,CUST_0059,ENT_US,2024-05-20,2024-06-04,2024-06-02,USD,3013.61,Paid,Sales,Retail
ACCOUNTS_RECEIVABLE_00008773,duplicate_exact,HIGH,Full record is byte-identical to another record in the file,2026-09-14T18:02:42.816798+00:00,ACCOUNTS_RECEIVABLE_00008773,8772,ARINV_00008773,CUST_0143,ENT_US,2024-05-26,2024-06-25,2024-07-16,USD,399.99,Paid,Marketing,SMB
ACCOUNTS_RECEIVABLE_00009203,duplicate_exact,HIGH,Full record is byte-identical to another record in the file,2026-09-14T18:02:42.816798+00:00,ACCOUNTS_RECEIVABLE_00009203,9202,ARINV_00009203,CUST_0129,ENT_US,2024-08-19,2024-10-18,2024-10-07,USD,3478.3,Paid,Operations,Enterprise
ACCOUNTS_RECEIVABLE_00009338,duplicate_exact,HIGH,Full record is byte-identical to another record in the file,2026-09-14T18:02:42.816798+00:00,ACCOUNTS_RECEIVABLE_00009338,9337,ARINV_00009338,CUST_0110,ENT_US,2024-09-15,2024-11-14,2024-11-17,USD,9557.96,Paid,Operations,Enterprise
ACCOUNTS_RECEIVABLE_00009899,duplicate_exact,HIGH,Full record is byte-identical to another record in the file,2026-09-14T18:02:42.816798+00:00,ACCOUNTS_RECEIVABLE_00009899,9898,ARINV_00009899,CUST_0052,ENT_US,2025-01-18,2025-02-17,2025-02-21,USD,8344.26,Paid,Sales,SMB
ACCOUNTS_RECEIVABLE_00010024,duplicate_exact,HIGH,Full record is byte-identical to another record in the file,2026-09-14T18:02:42.816798+00:00,ACCOUNTS_RECEIVABLE_00010024,10023,ARINV_00010024,CUST_0051,ENT_US,2025-01-19,2025-02-18,2025-02-13,USD,209.12,Paid,Marketing,SMB
ACCOUNTS_RECEIVABLE_00010196,duplicate_exact,HIGH,Full record is byte-identical to another record in the file,2026-09-14T18:02:42.816798+00:00,ACCOUNTS_RECEIVABLE_00010196,10195,ARINV_00010196,CUST_0158,ENT_US,2025-02-19,2025-03-21,2025-04-02,USD,800.7,Paid,Operations,SMB
ACCOUNTS_RECEIVABLE_00010198,duplicate_exact,HIGH,Full record is byte-identical to another record in the file,2026-09-14T18:02:42.816798+00:00,ACCOUNTS_RECEIVABLE_00010198,10197,ARINV_00010198,CUST_0028,ENT_US,2025-02-02,2025-03-04,2025-03-09,USD,4490.98,Paid,Operations,SMB
ACCOUNTS_RECEIVABLE_00010216,duplicate_exact,HIGH,Full record is byte-identical to another record in the file,2026-09-14T18:02:42.816798+00:00,ACCOUNTS_RECEIVABLE_00010216,10215,ARINV_00010216,CUST_0078,ENT_US,2025-02-01,2025-03-03,2025-03-22,USD,869.17,Paid,Marketing,SMB
ACCOUNTS_RECEIVABLE_00010345,duplicate_exact,HIGH,Full record is byte-identical to another record in the file,2026-09-14T18:02:42.816798+00:00,ACCOUNTS_RECEIVABLE_00010345,10344,ARINV_00010345,CUST_0091,ENT_US,2025-03-02,2025-03-17,2025-02-28,EUR,7004.77,Paid,Operations,Retail
ACCOUNTS_RECEIVABLE_00010367,duplicate_exact,HIGH,Full record is byte-identical to another record in the file,2026-09-14T18:02:42.816798+00:00,ACCOUNTS_RECEIVABLE_00010367,10366,ARINV_00010367,CUST_0017,ENT_US,2025-03-01,2025-04-30,2025-05-15,USD,1610.28,Paid,Operations,Enterprise
ACCOUNTS_RECEIVABLE_00010403,duplicate_exact,HIGH,Full record is byte-identical to another record in the file,2026-09-14T18:02:42.816798+00:00,ACCOUNTS_RECEIVABLE_00010403,10402,ARINV_00010403,CUST_0158,ENT_US,2025-03-18,2025-04-17,2025-04-17,USD,2711.83,Paid,Marketing,SMB
ACCOUNTS_RECEIVABLE_00010572,duplicate_exact,HIGH,Full record is byte-identical to another record in the file,2026-09-14T18:02:42.816798+00:00,ACCOUNTS_RECEIVABLE_00010572,10571,ARINV_00010572,CUST_0122,ENT_US,2025-04-08,2025-04-23,2025-04-20,USD,1611.5,Paid,Marketing,Retail
ACCOUNTS_RECEIVABLE_00010694,duplicate_exact,HIGH,Full record is byte-identical to another record in the file,2026-09-14T18:02:42.816798+00:00,ACCOUNTS_RECEIVABLE_00010694,10693,ARINV_00010694,CUST_0064,ENT_US,2025-05-21,2025-06-20,2025-06-11,USD,446.37,Paid,Operations,SMB
ACCOUNTS_RECEIVABLE_00010727,duplicate_exact,HIGH,Full record is byte-identical to another record in the file,2026-09-14T18:02:42.816798+00:00,ACCOUNTS_RECEIVABLE_00010727,10726,ARINV_00010727,CUST_0020,ENT_US,2025-05-28,2025-07-27,2025-07-25,USD,787.58,Paid,Marketing,Enterprise
ACCOUNTS_RECEIVABLE_00011178,duplicate_exact,HIGH,Full record is byte-identical to another record in the file,2026-09-14T18:02:42.816798+00:00,ACCOUNTS_RECEIVABLE_00011178,11177,ARINV_00011178,CUST_0020,ENT_US,2025-08-10,2025-10-09,2025-10-21,USD,4271.28,Paid,Sales,Enterprise
ACCOUNTS_RECEIVABLE_00011194,duplicate_exact,HIGH,Full record is byte-identical to another record in the file,2026-09-14T18:02:42.816798+00:00,ACCOUNTS_RECEIVABLE_00011194,11193,ARINV_00011194,CUST_0058,ENT_US,2025-08-30,2025-09-29,2025-09-22,USD,1858.19,Paid,Operations,SMB
ACCOUNTS_RECEIVABLE_00011325,duplicate_exact,HIGH,Full record is byte-identical to another record in the file,2026-09-14T18:02:42.816798+00:00,ACCOUNTS_RECEIVABLE_00011325,11324,ARINV_00011325,CUST_0105,ENT_US,2025-09-08,2025-09-23,2025-09-23,USD,1533.21,Paid,Operations,Retail
ACCOUNTS_RECEIVABLE_00011447,duplicate_exact,HIGH,Full record is byte-identical to another record in the file,2026-09-14T18:02:42.816798+00:00,ACCOUNTS_RECEIVABLE_00011447,11446,ARINV_00011447,CUST_0028,ENT_US,2025-10-17,2025-11-16,2025-11-10,USD,5532.5,Paid,Sales,SMB
ACCOUNTS_RECEIVABLE_00011902,duplicate_exact,HIGH,Full record is byte-identical to another record in the file,2026-09-14T18:02:42.816798+00:00,ACCOUNTS_RECEIVABLE_00011902,11901,ARINV_00011902,CUST_0051,ENT_US,2025-12-26,2026-01-25,,USD,10963.26,Open,Operations,SMB
ACCOUNTS_RECEIVABLE_00012137,duplicate_exact,HIGH,Full record is byte-identical to another record in the file,2026-09-14T18:02:42.816798+00:00,ACCOUNTS_RECEIVABLE_00012137,12136,ARINV_00012137,CUST_0146,ENT_UK,2023-01-03,2023-03-04,2023-02-25,GBP,294.46,Paid,Marketing,Enterprise
ACCOUNTS_RECEIVABLE_00012387,duplicate_exact,HIGH,Full record is byte-identical to another record in the file,2026-09-14T18:02:42.816798+00:00,ACCOUNTS_RECEIVABLE_00012387,12386,ARINV_00012387,CUST_0022,ENT_UK,2023-03-14,2023-03-29,2023-03-19,USD,1514.83,Paid,Sales,Retail
ACCOUNTS_RECEIVABLE_00012406,duplicate_exact,HIGH,Full record is byte-identical to another record in the file,2026-09-14T18:02:42.816798+00:00,ACCOUNTS_RECEIVABLE_00012406,12405,ARINV_00012406,CUST_0118,ENT_UK,2023-03-15,2023-05-14,2023-05-25,GBP,3267.95,Paid,Operations,Enterprise
ACCOUNTS_RECEIVABLE_00012470,duplicate_exact,HIGH,Full record is byte-identical to another record in the file,2026-09-14T18:02:42.816798+00:00,ACCOUNTS_RECEIVABLE_00012470,12469,ARINV_00012470,CUST_0148,ENT_UK,2023-03-05,2023-03-20,2023-03-09,GBP,799.57,Paid,Marketing,Retail
ACCOUNTS_RECEIVABLE_00012636,duplicate_exact,HIGH,Full record is byte-identical to another record in the file,2026-09-14T18:02:42.816798+00:00,ACCOUNTS_RECEIVABLE_00012636,12635,ARINV_00012636,CUST_0019,ENT_UK,2023-04-25,2023-05-25,2023-06-17,GBP,1147.92,Paid,Marketing,SMB
ACCOUNTS_RECEIVABLE_00012659,duplicate_exact,HIGH,Full record is byte-identical to another record in the file,2026-09-14T18:02:42.816798+00:00,ACCOUNTS_RECEIVABLE_00012659,12658,ARINV_00012659,CUST_0025,ENT_UK,2023-04-15,2023-04-30,2023-04-21,USD,2538.37,Paid,Marketing,Retail
ACCOUNTS_RECEIVABLE_00012684,duplicate_exact,HIGH,Full record is byte-identical to another record in the file,2026-09-14T18:02:42.816798+00:00,ACCOUNTS_RECEIVABLE_00012684,12683,ARINV_00012684,CUST_0010,ENT_UK,2023-05-22,2023-06-06,2023-06-05,GBP,10312.65,Paid,Sales,Retail
ACCOUNTS_RECEIVABLE_00013011,duplicate_exact,HIGH,Full record is byte-identical to another record in the file,2026-09-14T18:02:42.816798+00:00,ACCOUNTS_RECEIVABLE_00013011,13010,ARINV_00013011,CUST_0076,ENT_UK,2023-06-12,2023-07-12,2023-07-31,GBP,1327.94,Paid,Marketing,SMB
ACCOUNTS_RECEIVABLE_00013239,duplicate_exact,HIGH,Full record is byte-identical to another record in the file,2026-09-14T18:02:42.816798+00:00,ACCOUNTS_RECEIVABLE_00013239,13238,ARINV_00013239,CUST_0156,ENT_UK,2023-08-10,2023-08-25,2023-08-30,GBP,663.81,Paid,Operations,Retail
ACCOUNTS_RECEIVABLE_00013330,duplicate_exact,HIGH,Full record is byte-identical to another record in the file,2026-09-14T18:02:42.816798+00:00,ACCOUNTS_RECEIVABLE_00013330,13329,ARINV_00013330,CUST_0174,ENT_UK,2023-08-29,2023-09-13,2023-09-15,USD,136.89,Paid,Marketing,Retail
ACCOUNTS_RECEIVABLE_00013383,duplicate_exact,HIGH,Full record is byte-identical to another record in the file,2026-09-14T18:02:42.816798+00:00,ACCOUNTS_RECEIVABLE_00013383,13382,ARINV_00013383,CUST_0177,ENT_UK,2023-09-07,2023-09-22,2023-09-24,GBP,10323.84,Paid,Operations,Retail
ACCOUNTS_RECEIVABLE_00013472,duplicate_exact,HIGH,Full record is byte-identical to another record in the file,2026-09-14T18:02:42.816798+00:00,ACCOUNTS_RECEIVABLE_00013472,13471,ARINV_00013472,CUST_0117,ENT_UK,2023-09-02,2023-11-01,2023-11-16,GBP,807.16,Paid,Marketing,Enterprise
ACCOUNTS_RECEIVABLE_00013593,duplicate_exact,HIGH,Full record is byte-identical to another record in the file,2026-09-14T18:02:42.816798+00:00,ACCOUNTS_RECEIVABLE_00013593,13592,ARINV_00013593,CUST_0003,ENT_UK,2023-10-06,2023-10-21,2023-10-22,GBP,146.81,Paid,Operations,Retail
ACCOUNTS_RECEIVABLE_00013746,duplicate_exact,HIGH,Full record is byte-identical to another record in the file,2026-09-14T18:02:42.816798+00:00,ACCOUNTS_RECEIVABLE_00013746,13745,ARINV_00013746,CUST_0045,ENT_UK,2023-11-21,2023-12-06,2023-11-24,GBP,7102.36,Paid,Operations,Retail
ACCOUNTS_RECEIVABLE_00013796,duplicate_exact,HIGH,Full record is byte-identical to another record in the file,2026-09-14T18:02:42.816798+00:00,ACCOUNTS_RECEIVABLE_00013796,13795,ARINV_00013796,CUST_0073,ENT_UK,2023-11-29,2023-12-14,2023-12-10,GBP,435.88,Paid,Operations,Retail
ACCOUNTS_RECEIVABLE_00013829,duplicate_exact,HIGH,Full record is byte-identical to another record in the file,2026-09-14T18:02:42.816798+00:00,ACCOUNTS_RECEIVABLE_00013829,13828,ARINV_00013829,CUST_0047,ENT_UK,2023-11-07,2023-12-07,2023-12-13,GBP,966.65,Paid,Marketing,SMB
ACCOUNTS_RECEIVABLE_00014367,duplicate_exact,HIGH,Full record is byte-identical to another record in the file,2026-09-14T18:02:42.816798+00:00,ACCOUNTS_RECEIVABLE_00014367,14366,ARINV_00014367,CUST_0108,ENT_UK,2024-02-03,2024-03-04,2024-03-20,GBP,984.99,Paid,Marketing,SMB
ACCOUNTS_RECEIVABLE_00014450,duplicate_exact,HIGH,Full record is byte-identical to another record in the file,2026-09-14T18:02:42.816798+00:00,ACCOUNTS_RECEIVABLE_00014450,14449,ARINV_00014450,CUST_0068,ENT_UK,2024-03-02,2024-04-01,2024-04-13,GBP,820.42,Paid,Sales,SMB
ACCOUNTS_RECEIVABLE_00014776,duplicate_exact,HIGH,Full record is byte-identical to another record in the file,2026-09-14T18:02:42.816798+00:00,ACCOUNTS_RECEIVABLE_00014776,14775,ARINV_00014776,CUST_0003,ENT_UK,2024-05-13,2024-05-28,2024-06-03,GBP,2615.08,Paid,Sales,Retail
ACCOUNTS_RECEIVABLE_00014873,duplicate_exact,HIGH,Full record is byte-identical to another record in the file,2026-09-14T18:02:42.816798+00:00,ACCOUNTS_RECEIVABLE_00014873,14872,ARINV_00014873,CUST_0043,ENT_UK,2024-06-21,2024-08-20,2024-08-16,GBP,10518.74,Paid,Sales,Enterprise
ACCOUNTS_RECEIVABLE_00015082,duplicate_exact,HIGH,Full record is byte-identical to another record in the file,2026-09-14T18:02:42.816798+00:00,ACCOUNTS_RECEIVABLE_00015082,15081,ARINV_00015082,CUST_0112,ENT_UK,2024-07-26,2024-08-10,2024-08-02,GBP,2827.36,Paid,Operations,Retail
ACCOUNTS_RECEIVABLE_00015112,duplicate_exact,HIGH,Full record is byte-identical to another record in the file,2026-09-14T18:02:42.816798+00:00,ACCOUNTS_RECEIVABLE_00015112,15111,ARINV_00015112,CUST_0055,ENT_UK,2024-07-20,2024-08-19,2024-08-25,GBP,493.38,Paid,Marketing,SMB
ACCOUNTS_RECEIVABLE_00015621,duplicate_exact,HIGH,Full record is byte-identical to another record in the file,2026-09-14T18:02:42.816798+00:00,ACCOUNTS_RECEIVABLE_00015621,15620,ARINV_00015621,CUST_0063,ENT_UK,2024-10-11,2024-11-10,2024-11-20,GBP,680.08,Paid,Marketing,SMB
ACCOUNTS_RECEIVABLE_00015773,duplicate_exact,HIGH,Full record is byte-identical to another record in the file,2026-09-14T18:02:42.816798+00:00,ACCOUNTS_RECEIVABLE_00015773,15772,ARINV_00015773,CUST_0086,ENT_UK,2024-11-21,2024-12-06,2024-12-19,GBP,878.98,Paid,Operations,Retail
ACCOUNTS_RECEIVABLE_00015779,duplicate_exact,HIGH,Full record is byte-identical to another record in the file,2026-09-14T18:02:42.816798+00:00,ACCOUNTS_RECEIVABLE_00015779,15778,ARINV_00015779,CUST_0081,ENT_UK,2024-11-28,2024-12-13,2024-12-23,GBP,306.99,Paid,Operations,Retail
ACCOUNTS_RECEIVABLE_00015909,duplicate_exact,HIGH,Full record is byte-identical to another record in the file,2026-09-14T18:02:42.816798+00:00,ACCOUNTS_RECEIVABLE_00015909,15908,ARINV_00015909,CUST_0005,ENT_UK,2024-12-29,2025-02-27,2025-03-16,GBP,2539.61,Paid,Operations,Enterprise
ACCOUNTS_RECEIVABLE_00016194,duplicate_exact,HIGH,Full record is byte-identical to another record in the file,2026-09-14T18:02:42.816798+00:00,ACCOUNTS_RECEIVABLE_00016194,16193,ARINV_00016194,CUST_0178,ENT_UK,2025-02-10,2025-03-12,2025-04-02,GBP,2996.64,Paid,Sales,SMB
ACCOUNTS_RECEIVABLE_00016765,duplicate_exact,HIGH,Full record is byte-identical to another record in the file,2026-09-14T18:02:42.816798+00:00,ACCOUNTS_RECEIVABLE_00016765,16764,ARINV_00016765,CUST_0022,ENT_UK,2025-05-18,2025-06-02,2025-05-25,USD,2681.24,Paid,Operations,Retail
ACCOUNTS_RECEIVABLE_00016791,duplicate_exact,HIGH,Full record is byte-identical to another record in the file,2026-09-14T18:02:42.816798+00:00,ACCOUNTS_RECEIVABLE_00016791,16790,ARINV_00016791,CUST_0073,ENT_UK,2025-05-29,2025-06-13,2025-06-10,GBP,1764.01,Paid,Operations,Retail
ACCOUNTS_RECEIVABLE_00016811,duplicate_exact,HIGH,Full record is byte-identical to another record in the file,2026-09-14T18:02:42.816798+00:00,ACCOUNTS_RECEIVABLE_00016811,16810,ARINV_00016811,CUST_0118,ENT_UK,2025-05-23,2025-07-22,2025-07-09,GBP,968.25,Paid,Marketing,Enterprise
ACCOUNTS_RECEIVABLE_00017044,duplicate_exact,HIGH,Full record is byte-identical to another record in the file,2026-09-14T18:02:42.816798+00:00,ACCOUNTS_RECEIVABLE_00017044,17043,ARINV_00017044,CUST_0137,ENT_UK,2025-07-26,2025-08-10,2025-08-15,GBP,5019.7,Paid,Sales,Retail
ACCOUNTS_RECEIVABLE_00017142,duplicate_exact,HIGH,Full record is byte-identical to another record in the file,2026-09-14T18:02:42.816798+00:00,ACCOUNTS_RECEIVABLE_00017142,17141,ARINV_00017142,CUST_0021,ENT_UK,2025-07-16,2025-09-14,2025-09-15,GBP,638.39,Paid,Marketing,Enterprise
ACCOUNTS_RECEIVABLE_00017231,duplicate_exact,HIGH,Full record is byte-identical to another record in the file,2026-09-14T18:02:42.816798+00:00,ACCOUNTS_RECEIVABLE_00017231,17230,ARINV_00017231,CUST_0161,ENT_UK,2025-08-04,2025-10-03,2025-10-21,GBP,5036.2,Paid,Sales,Enterprise
ACCOUNTS_RECEIVABLE_00017332,duplicate_exact,HIGH,Full record is byte-identical to another record in the file,2026-09-14T18:02:42.816798+00:00,ACCOUNTS_RECEIVABLE_00017332,17331,ARINV_00017332,CUST_0041,ENT_UK,2025-08-20,2025-09-19,2025-09-15,GBP,265.69,Paid,Marketing,SMB
ACCOUNTS_RECEIVABLE_00017408,duplicate_exact,HIGH,Full record is byte-identical to another record in the file,2026-09-14T18:02:42.816798+00:00,ACCOUNTS_RECEIVABLE_00017408,17407,ARINV_00017408,CUST_0161,ENT_UK,2025-09-04,2025-11-03,2025-11-04,GBP,12607.04,Paid,Sales,Enterprise
ACCOUNTS_RECEIVABLE_00017565,duplicate_exact,HIGH,Full record is byte-identical to another record in the file,2026-09-14T18:02:42.816798+00:00,ACCOUNTS_RECEIVABLE_00017565,17564,ARINV_00017565,CUST_0167,ENT_UK,2025-10-19,2025-11-18,2025-10-18,EUR,1687.58,Paid,Sales,SMB
ACCOUNTS_RECEIVABLE_00017572,duplicate_exact,HIGH,Full record is byte-identical to another record in the file,2026-09-14T18:02:42.816798+00:00,ACCOUNTS_RECEIVABLE_00017572,17571,ARINV_00017572,CUST_0156,ENT_UK,2025-10-31,2025-11-15,2025-11-05,GBP,8938.41,Paid,Sales,Retail
ACCOUNTS_RECEIVABLE_00017578,duplicate_exact,HIGH,Full record is byte-identical to another record in the file,2026-09-14T18:02:42.816798+00:00,ACCOUNTS_RECEIVABLE_00017578,17577,ARINV_00017578,CUST_0178,ENT_UK,2025-10-26,2025-11-25,2025-11-08,GBP,2740.62,Paid,Sales,SMB
ACCOUNTS_RECEIVABLE_00017705,duplicate_exact,HIGH,Full record is byte-identical to another record in the file,2026-09-14T18:02:42.816798+00:00,ACCOUNTS_RECEIVABLE_00017705,17704,ARINV_00017705,CUST_0067,ENT_UK,2025-10-21,2025-11-05,2025-11-11,GBP,1823.98,Paid,Marketing,Retail
ACCOUNTS_RECEIVABLE_00018045,duplicate_exact,HIGH,Full record is byte-identical to another record in the file,2026-09-14T18:02:42.816798+00:00,ACCOUNTS_RECEIVABLE_00018045,18044,ARINV_00001460,CUST_0050,ENT_EU,2023-09-30,2023-11-29,2023-11-14,EUR,11029.41,Paid,Operations,Enterprise
ACCOUNTS_RECEIVABLE_00018047,duplicate_exact,HIGH,Full record is byte-identical to another record in the file,2026-09-14T18:02:42.816798+00:00,ACCOUNTS_RECEIVABLE_00018047,18046,ARINV_00004583,CUST_0083,ENT_EU,2025-04-22,2025-05-22,2025-06-07,EUR,1139.11,Paid,Sales,SMB
ACCOUNTS_RECEIVABLE_00018048,duplicate_exact,HIGH,Full record is byte-identical to another record in the file,2026-09-14T18:02:42.816798+00:00,ACCOUNTS_RECEIVABLE_00018048,18047,ARINV_00017705,CUST_0067,ENT_UK,2025-10-21,2025-11-05,2025-11-11,GBP,1823.98,Paid,Marketing,Retail
ACCOUNTS_RECEIVABLE_00018052,duplicate_exact,HIGH,Full record is byte-identical to another record in the file,2026-09-14T18:02:42.816798+00:00,ACCOUNTS_RECEIVABLE_00018052,18051,ARINV_00011902,CUST_0051,ENT_US,2025-12-26,2026-01-25,,USD,10963.26,Open,Operations,SMB
ACCOUNTS_RECEIVABLE_00018053,duplicate_exact,HIGH,Full record is byte-identical to another record in the file,2026-09-14T18:02:42.816798+00:00,ACCOUNTS_RECEIVABLE_00018053,18052,ARINV_00015082,CUST_0112,ENT_UK,2024-07-26,2024-08-10,2024-08-02,GBP,2827.36,Paid,Operations,Retail
ACCOUNTS_RECEIVABLE_00018054,duplicate_exact,HIGH,Full record is byte-identical to another record in the file,2026-09-14T18:02:42.816798+00:00,ACCOUNTS_RECEIVABLE_00018054,18053,ARINV_00013011,CUST_0076,ENT_UK,2023-06-12,2023-07-12,2023-07-31,GBP,1327.94,Paid,Marketing,SMB
ACCOUNTS_RECEIVABLE_00018055,duplicate_exact,HIGH,Full record is byte-identical to another record in the file,2026-09-14T18:02:42.816798+00:00,ACCOUNTS_RECEIVABLE_00018055,18054,ARINV_00001096,CUST_0011,ENT_EU,2023-07-27,2023-08-11,2023-08-23,GBP,2356.48,Paid,Operations,Retail
ACCOUNTS_RECEIVABLE_00018056,duplicate_exact,HIGH,Full record is byte-identical to another record in the file,2026-09-14T18:02:42.816798+00:00,ACCOUNTS_RECEIVABLE_00018056,18055,ARINV_00002765,CUST_0044,ENT_EU,2024-05-08,2024-06-07,2024-07-17,EUR,4457.31,Paid,Sales,SMB
ACCOUNTS_RECEIVABLE_00018057,duplicate_exact,HIGH,Full record is byte-identical to another record in the file,2026-09-14T18:02:42.816798+00:00,ACCOUNTS_RECEIVABLE_00018057,18056,ARINV_00017142,CUST_0021,ENT_UK,2025-07-16,2025-09-14,2025-09-15,GBP,638.39,Paid,Marketing,Enterprise
ACCOUNTS_RECEIVABLE_00018058,duplicate_exact,HIGH,Full record is byte-identical to another record in the file,2026-09-14T18:02:42.816798+00:00,ACCOUNTS_RECEIVABLE_00018058,18057,ARINV_00001308,CUST_0128,ENT_EU,2023-08-11,2023-08-26,2023-08-11,EUR,2642.99,Paid,Operations,Retail
ACCOUNTS_RECEIVABLE_00018062,duplicate_exact,HIGH,Full record is byte-identical to another record in the file,2026-09-14T18:02:42.816798+00:00,ACCOUNTS_RECEIVABLE_00018062,18061,ARINV_00001973,CUST_0119,ENT_EU,2023-12-26,2024-01-10,2024-01-04,EUR,3077.39,Paid,Sales,Retail
ACCOUNTS_RECEIVABLE_00018063,duplicate_exact,HIGH,Full record is byte-identical to another record in the file,2026-09-14T18:02:42.816798+00:00,ACCOUNTS_RECEIVABLE_00018063,18062,ARINV_00001576,CUST_0121,ENT_EU,2023-10-01,2023-10-16,2023-10-09,EUR,6854.86,Paid,Sales,Retail
ACCOUNTS_RECEIVABLE_00018064,duplicate_exact,HIGH,Full record is byte-identical to another record in the file,2026-09-14T18:02:42.816798+00:00,ACCOUNTS_RECEIVABLE_00018064,18063,ARINV_00010198,CUST_0028,ENT_US,2025-02-02,2025-03-04,2025-03-09,USD,4490.98,Paid,Operations,SMB
ACCOUNTS_RECEIVABLE_00018065,duplicate_exact,HIGH,Full record is byte-identical to another record in the file,2026-09-14T18:02:42.816798+00:00,ACCOUNTS_RECEIVABLE_00018065,18064,ARINV_00015621,CUST_0063,ENT_UK,2024-10-11,2024-11-10,2024-11-20,GBP,680.08,Paid,Marketing,SMB
ACCOUNTS_RECEIVABLE_00018066,duplicate_exact,HIGH,Full record is byte-identical to another record in the file,2026-09-14T18:02:42.816798+00:00,ACCOUNTS_RECEIVABLE_00018066,18065,ARINV_00005195,CUST_0100,ENT_EU,2025-08-06,2025-09-05,2025-09-22,EUR,4423.86,Paid,Sales,SMB
ACCOUNTS_RECEIVABLE_00018067,duplicate_exact,HIGH,Full record is byte-identical to another record in the file,2026-09-14T18:02:42.816798+00:00,ACCOUNTS_RECEIVABLE_00018067,18066,ARINV_00004289,CUST_0071,ENT_EU,2025-02-01,2025-04-02,2025-03-31,EUR,7168.72,Paid,Operations,Enterprise
ACCOUNTS_RECEIVABLE_00018068,duplicate_exact,HIGH,Full record is byte-identical to another record in the file,2026-09-14T18:02:42.816798+00:00,ACCOUNTS_RECEIVABLE_00018068,18067,ARINV_00001564,CUST_0095,ENT_EU,2023-09-15,2023-09-30,2023-10-01,EUR,6035.15,Paid,Marketing,Retail
ACCOUNTS_RECEIVABLE_00018069,duplicate_exact,HIGH,Full record is byte-identical to another record in the file,2026-09-14T18:02:42.816798+00:00,ACCOUNTS_RECEIVABLE_00018069,18068,ARINV_00006507,CUST_0172,ENT_US,2023-03-13,2023-04-12,2023-04-07,USD,1346.57,Paid,Marketing,SMB
ACCOUNTS_RECEIVABLE_00018071,duplicate_exact,HIGH,Full record is byte-identical to another record in the file,2026-09-14T18:02:42.816798+00:00,ACCOUNTS_RECEIVABLE_00018071,18070,ARINV_00002736,CUST_0048,ENT_EU,2024-04-06,2024-04-21,2024-04-13,EUR,1777.17,Paid,Marketing,Retail
ACCOUNTS_RECEIVABLE_00018074,duplicate_exact,HIGH,Full record is byte-identical to another record in the file,2026-09-14T18:02:42.816798+00:00,ACCOUNTS_RECEIVABLE_00018074,18073,ARINV_00017408,CUST_0161,ENT_UK,2025-09-04,2025-11-03,2025-11-04,GBP,12607.04,Paid,Sales,Enterprise
ACCOUNTS_RECEIVABLE_00018075,duplicate_exact,HIGH,Full record is byte-identical to another record in the file,2026-09-14T18:02:42.816798+00:00,ACCOUNTS_RECEIVABLE_00018075,18074,ARINV_00012137,CUST_0146,ENT_UK,2023-01-03,2023-03-04,2023-02-25,GBP,294.46,Paid,Marketing,Enterprise
ACCOUNTS_RECEIVABLE_00018076,duplicate_exact,HIGH,Full record is byte-identical to another record in the file,2026-09-14T18:02:42.816798+00:00,ACCOUNTS_RECEIVABLE_00018076,18075,ARINV_00012406,CUST_0118,ENT_UK,2023-03-15,2023-05-14,2023-05-25,GBP,3267.95,Paid,Operations,Enterprise
ACCOUNTS_RECEIVABLE_00018077,duplicate_exact,HIGH,Full record is byte-identical to another record in the file,2026-09-14T18:02:42.816798+00:00,ACCOUNTS_RECEIVABLE_00018077,18076,ARINV_00017565,CUST_0167,ENT_UK,2025-10-19,2025-11-18,2025-10-18,EUR,1687.58,Paid,Sales,SMB
ACCOUNTS_RECEIVABLE_00018078,duplicate_exact,HIGH,Full record is byte-identical to another record in the file,2026-09-14T18:02:42.816798+00:00,ACCOUNTS_RECEIVABLE_00018078,18077,ARINV_00009338,CUST_0110,ENT_US,2024-09-15,2024-11-14,2024-11-17,USD,9557.96,Paid,Operations,Enterprise
ACCOUNTS_RECEIVABLE_00018082,duplicate_exact,HIGH,Full record is byte-identical to another record in the file,2026-09-14T18:02:42.816798+00:00,ACCOUNTS_RECEIVABLE_00018082,18081,ARINV_00009899,CUST_0052,ENT_US,2025-01-18,2025-02-17,2025-02-21,USD,8344.26,Paid,Sales,SMB
ACCOUNTS_RECEIVABLE_00018084,duplicate_exact,HIGH,Full record is byte-identical to another record in the file,2026-09-14T18:02:42.816798+00:00,ACCOUNTS_RECEIVABLE_00018084,18083,ARINV_00002325,CUST_0038,ENT_EU,2024-02-02,2024-03-03,2024-03-08,EUR,4359.69,Paid,Operations,SMB
ACCOUNTS_RECEIVABLE_00018085,duplicate_exact,HIGH,Full record is byte-identical to another record in the file,2026-09-14T18:02:42.816798+00:00,ACCOUNTS_RECEIVABLE_00018085,18084,ARINV_00004086,CUST_0096,ENT_EU,2024-12-19,2025-01-03,2025-01-02,EUR,1174.39,Paid,Marketing,Retail
ACCOUNTS_RECEIVABLE_00018086,duplicate_exact,HIGH,Full record is byte-identical to another record in the file,2026-09-14T18:02:42.816798+00:00,ACCOUNTS_RECEIVABLE_00018086,18085,ARINV_00008403,CUST_0173,ENT_US,2024-03-22,2024-04-21,2024-05-22,USD,4958.44,Paid,Operations,SMB
ACCOUNTS_RECEIVABLE_00018087,duplicate_exact,HIGH,Full record is byte-identical to another record in the file,2026-09-14T18:02:42.816798+00:00,ACCOUNTS_RECEIVABLE_00018087,18086,ARINV_00000907,CUST_0150,ENT_EU,2023-06-28,2023-07-13,2023-07-15,EUR,676.49,Paid,Sales,Retail
ACCOUNTS_RECEIVABLE_00018088,duplicate_exact,HIGH,Full record is byte-identical to another record in the file,2026-09-14T18:02:42.816798+00:00,ACCOUNTS_RECEIVABLE_00018088,18087,ARINV_00008773,CUST_0143,ENT_US,2024-05-26,2024-06-25,2024-07-16,USD,399.99,Paid,Marketing,SMB
ACCOUNTS_RECEIVABLE_00018089,duplicate_exact,HIGH,Full record is byte-identical to another record in the file,2026-09-14T18:02:42.816798+00:00,ACCOUNTS_RECEIVABLE_00018089,18088,ARINV_00017231,CUST_0161,ENT_UK,2025-08-04,2025-10-03,2025-10-21,GBP,5036.2,Paid,Sales,Enterprise
ACCOUNTS_RECEIVABLE_00018090,duplicate_exact,HIGH,Full record is byte-identical to another record in the file,2026-09-14T18:02:42.816798+00:00,ACCOUNTS_RECEIVABLE_00018090,18089,ARINV_00013746,CUST_0045,ENT_UK,2023-11-21,2023-12-06,2023-11-24,GBP,7102.36,Paid,Operations,Retail
ACCOUNTS_RECEIVABLE_00018091,duplicate_exact,HIGH,Full record is byte-identical to another record in the file,2026-09-14T18:02:42.816798+00:00,ACCOUNTS_RECEIVABLE_00018091,18090,ARINV_00010345,CUST_0091,ENT_US,2025-03-02,2025-03-17,2025-02-28,EUR,7004.77,Paid,Operations,Retail
ACCOUNTS_RECEIVABLE_00018092,duplicate_exact,HIGH,Full record is byte-identical to another record in the file,2026-09-14T18:02:42.816798+00:00,ACCOUNTS_RECEIVABLE_00018092,18091,ARINV_00013593,CUST_0003,ENT_UK,2023-10-06,2023-10-21,2023-10-22,GBP,146.81,Paid,Operations,Retail
ACCOUNTS_RECEIVABLE_00018094,duplicate_exact,HIGH,Full record is byte-identical to another record in the file,2026-09-14T18:02:42.816798+00:00,ACCOUNTS_RECEIVABLE_00018094,18093,ARINV_00014873,CUST_0043,ENT_UK,2024-06-21,2024-08-20,2024-08-16,GBP,10518.74,Paid,Sales,Enterprise
ACCOUNTS_RECEIVABLE_00018095,duplicate_exact,HIGH,Full record is byte-identical to another record in the file,2026-09-14T18:02:42.816798+00:00,ACCOUNTS_RECEIVABLE_00018095,18094,ARINV_00001312,CUST_0097,ENT_EU,2023-08-24,2023-09-23,2023-09-10,EUR,3501.81,Paid,Operations,SMB
ACCOUNTS_RECEIVABLE_00018096,duplicate_exact,HIGH,Full record is byte-identical to another record in the file,2026-09-14T18:02:42.816798+00:00,ACCOUNTS_RECEIVABLE_00018096,18095,ARINV_00005251,CUST_0037,ENT_EU,2025-08-16,2025-10-15,2025-10-04,EUR,7292.63,Paid,Operations,Enterprise
ACCOUNTS_RECEIVABLE_00018099,duplicate_exact,HIGH,Full record is byte-identical to another record in the file,2026-09-14T18:02:42.816798+00:00,ACCOUNTS_RECEIVABLE_00018099,18098,ARINV_00000749,CUST_0050,ENT_EU,2023-05-11,2023-07-10,2023-07-27,EUR,1931.51,Paid,Sales,Enterprise
ACCOUNTS_RECEIVABLE_00018100,duplicate_exact,HIGH,Full record is byte-identical to another record in the file,2026-09-14T18:02:42.816798+00:00,ACCOUNTS_RECEIVABLE_00018100,18099,ARINV_00010216,CUST_0078,ENT_US,2025-02-01,2025-03-03,2025-03-22,USD,869.17,Paid,Marketing,SMB
ACCOUNTS_RECEIVABLE_00018101,duplicate_exact,HIGH,Full record is byte-identical to another record in the file,2026-09-14T18:02:42.816798+00:00,ACCOUNTS_RECEIVABLE_00018101,18100,ARINV_00013239,CUST_0156,ENT_UK,2023-08-10,2023-08-25,2023-08-30,GBP,663.81,Paid,Operations,Retail
ACCOUNTS_RECEIVABLE_00018102,duplicate_exact,HIGH,Full record is byte-identical to another record in the file,2026-09-14T18:02:42.816798+00:00,ACCOUNTS_RECEIVABLE_00018102,18101,ARINV_00004217,CUST_0097,ENT_EU,2025-01-14,2025-02-13,2025-02-04,EUR,1250.62,Paid,Marketing,SMB
ACCOUNTS_RECEIVABLE_00018104,duplicate_exact,HIGH,Full record is byte-identical to another record in the file,2026-09-14T18:02:42.816798+00:00,ACCOUNTS_RECEIVABLE_00018104,18103,ARINV_00014776,CUST_0003,ENT_UK,2024-05-13,2024-05-28,2024-06-03,GBP,2615.08,Paid,Sales,Retail
ACCOUNTS_RECEIVABLE_00018105,duplicate_exact,HIGH,Full record is byte-identical to another record in the file,2026-09-14T18:02:42.816798+00:00,ACCOUNTS_RECEIVABLE_00018105,18104,ARINV_00015779,CUST_0081,ENT_UK,2024-11-28,2024-12-13,2024-12-23,GBP,306.99,Paid,Operations,Retail
ACCOUNTS_RECEIVABLE_00018106,duplicate_exact,HIGH,Full record is byte-identical to another record in the file,2026-09-14T18:02:42.816798+00:00,ACCOUNTS_RECEIVABLE_00018106,18105,ARINV_00005114,CUST_0104,ENT_EU,2025-07-15,2025-08-14,2025-09-06,EUR,16739.81,Paid,Operations,SMB
ACCOUNTS_RECEIVABLE_00018107,duplicate_exact,HIGH,Full record is byte-identical to another record in the file,2026-09-14T18:02:42.816798+00:00,ACCOUNTS_RECEIVABLE_00018107,18106,ARINV_00002948,CUST_0037,ENT_EU,2024-06-28,2024-08-27,2024-08-13,EUR,1759.14,Paid,Sales,Enterprise
ACCOUNTS_RECEIVABLE_00018108,duplicate_exact,HIGH,Full record is byte-identical to another record in the file,2026-09-14T18:02:42.816798+00:00,ACCOUNTS_RECEIVABLE_00018108,18107,ARINV_00013383,CUST_0177,ENT_UK,2023-09-07,2023-09-22,2023-09-24,GBP,10323.84,Paid,Operations,Retail
ACCOUNTS_RECEIVABLE_00018109,duplicate_exact,HIGH,Full record is byte-identical to another record in the file,2026-09-14T18:02:42.816798+00:00,ACCOUNTS_RECEIVABLE_00018109,18108,ARINV_00003114,CUST_0119,ENT_EU,2024-07-23,2024-08-07,2024-08-22,EUR,5791.06,Paid,Sales,Retail
ACCOUNTS_RECEIVABLE_00018110,duplicate_exact,HIGH,Full record is byte-identical to another record in the file,2026-09-14T18:02:42.816798+00:00,ACCOUNTS_RECEIVABLE_00018110,18109,ARINV_00002018,CUST_0163,ENT_EU,2023-12-17,2024-02-15,2024-02-19,EUR,2235.31,Paid,Operations,Enterprise
ACCOUNTS_RECEIVABLE_00018112,duplicate_exact,HIGH,Full record is byte-identical to another record in the file,2026-09-14T18:02:42.816798+00:00,ACCOUNTS_RECEIVABLE_00018112,18111,ARINV_00015909,CUST_0005,ENT_UK,2024-12-29,2025-02-27,2025-03-16,GBP,2539.61,Paid,Operations,Enterprise
ACCOUNTS_RECEIVABLE_00018113,duplicate_exact,HIGH,Full record is byte-identical to another record in the file,2026-09-14T18:02:42.816798+00:00,ACCOUNTS_RECEIVABLE_00018113,18112,ARINV_00016194,CUST_0178,ENT_UK,2025-02-10,2025-03-12,2025-04-02,GBP,2996.64,Paid,Sales,SMB
ACCOUNTS_RECEIVABLE_00018114,duplicate_exact,HIGH,Full record is byte-identical to another record in the file,2026-09-14T18:02:42.816798+00:00,ACCOUNTS_RECEIVABLE_00018114,18113,ARINV_00011325,CUST_0105,ENT_US,2025-09-08,2025-09-23,2025-09-23,USD,1533.21,Paid,Operations,Retail
ACCOUNTS_RECEIVABLE_00018115,duplicate_exact,HIGH,Full record is byte-identical to another record in the file,2026-09-14T18:02:42.816798+00:00,ACCOUNTS_RECEIVABLE_00018115,18114,ARINV_00000038,CUST_0018,ENT_EU,2023-01-04,2023-02-03,2023-03-14,EUR,7528.43,Paid,Sales,SMB
ACCOUNTS_RECEIVABLE_00018116,duplicate_exact,HIGH,Full record is byte-identical to another record in the file,2026-09-14T18:02:42.816798+00:00,ACCOUNTS_RECEIVABLE_00018116,18115,ARINV_00000282,CUST_0132,ENT_EU,2023-02-09,2023-04-10,2023-04-27,EUR,2505.52,Paid,Operations,Enterprise
ACCOUNTS_RECEIVABLE_00018117,duplicate_exact,HIGH,Full record is byte-identical to another record in the file,2026-09-14T18:02:42.816798+00:00,ACCOUNTS_RECEIVABLE_00018117,18116,ARINV_00014450,CUST_0068,ENT_UK,2024-03-02,2024-04-01,2024-04-13,GBP,820.42,Paid,Sales,SMB
ACCOUNTS_RECEIVABLE_00018119,duplicate_exact,HIGH,Full record is byte-identical to another record in the file,2026-09-14T18:02:42.816798+00:00,ACCOUNTS_RECEIVABLE_00018119,18118,ARINV_00012684,CUST_0010,ENT_UK,2023-05-22,2023-06-06,2023-06-05,GBP,10312.65,Paid,Sales,Retail
ACCOUNTS_RECEIVABLE_00018120,duplicate_exact,HIGH,Full record is byte-identical to another record in the file,2026-09-14T18:02:42.816798+00:00,ACCOUNTS_RECEIVABLE_00018120,18119,ARINV_00010403,CUST_0158,ENT_US,2025-03-18,2025-04-17,2025-04-17,USD,2711.83,Paid,Marketing,SMB
ACCOUNTS_RECEIVABLE_00018123,duplicate_exact,HIGH,Full record is byte-identical to another record in the file,2026-09-14T18:02:42.816798+00:00,ACCOUNTS_RECEIVABLE_00018123,18122,ARINV_00003729,CUST_0097,ENT_EU,2024-10-24,2024-11-23,2024-12-01,EUR,339.29,Paid,Marketing,SMB
ACCOUNTS_RECEIVABLE_00018124,duplicate_exact,HIGH,Full record is byte-identical to another record in the file,2026-09-14T18:02:42.816798+00:00,ACCOUNTS_RECEIVABLE_00018124,18123,ARINV_00002057,CUST_0116,ENT_EU,2023-12-12,2024-01-11,2023-12-30,EUR,565.31,Paid,Marketing,SMB
ACCOUNTS_RECEIVABLE_00018125,duplicate_exact,HIGH,Full record is byte-identical to another record in the file,2026-09-14T18:02:42.816798+00:00,ACCOUNTS_RECEIVABLE_00018125,18124,ARINV_00001388,CUST_0018,ENT_EU,2023-08-22,2023-09-21,2023-10-03,EUR,4020.76,Paid,Marketing,SMB
ACCOUNTS_RECEIVABLE_00018126,duplicate_exact,HIGH,Full record is byte-identical to another record in the file,2026-09-14T18:02:42.816798+00:00,ACCOUNTS_RECEIVABLE_00018126,18125,ARINV_00012387,CUST_0022,ENT_UK,2023-03-14,2023-03-29,2023-03-19,USD,1514.83,Paid,Sales,Retail
ACCOUNTS_RECEIVABLE_00018127,duplicate_exact,HIGH,Full record is byte-identical to another record in the file,2026-09-14T18:02:42.816798+00:00,ACCOUNTS_RECEIVABLE_00018127,18126,ARINV_00012659,CUST_0025,ENT_UK,2023-04-15,2023-04-30,2023-04-21,USD,2538.37,Paid,Marketing,Retail
ACCOUNTS_RECEIVABLE_00018128,duplicate_exact,HIGH,Full record is byte-identical to another record in the file,2026-09-14T18:02:42.816798+00:00,ACCOUNTS_RECEIVABLE_00018128,18127,ARINV_00000690,CUST_0114,ENT_EU,2023-04-11,2023-04-26,2023-05-03,EUR,4067.88,Paid,Marketing,Retail
ACCOUNTS_RECEIVABLE_00018130,duplicate_exact,HIGH,Full record is byte-identical to another record in the file,2026-09-14T18:02:42.816798+00:00,ACCOUNTS_RECEIVABLE_00018130,18129,ARINV_00005341,CUST_0018,ENT_EU,2025-09-24,2025-10-24,2025-11-24,EUR,3721.85,Paid,Sales,SMB
ACCOUNTS_RECEIVABLE_00018131,duplicate_exact,HIGH,Full record is byte-identical to another record in the file,2026-09-14T18:02:42.816798+00:00,ACCOUNTS_RECEIVABLE_00018131,18130,ARINV_00013829,CUST_0047,ENT_UK,2023-11-07,2023-12-07,2023-12-13,GBP,966.65,Paid,Marketing,SMB
ACCOUNTS_RECEIVABLE_00018132,duplicate_exact,HIGH,Full record is byte-identical to another record in the file,2026-09-14T18:02:42.816798+00:00,ACCOUNTS_RECEIVABLE_00018132,18131,ARINV_00013330,CUST_0174,ENT_UK,2023-08-29,2023-09-13,2023-09-15,USD,136.89,Paid,Marketing,Retail
ACCOUNTS_RECEIVABLE_00018133,duplicate_exact,HIGH,Full record is byte-identical to another record in the file,2026-09-14T18:02:42.816798+00:00,ACCOUNTS_RECEIVABLE_00018133,18132,ARINV_00013472,CUST_0117,ENT_UK,2023-09-02,2023-11-01,2023-11-16,GBP,807.16,Paid,Marketing,Enterprise
ACCOUNTS_RECEIVABLE_00018134,duplicate_exact,HIGH,Full record is byte-identical to another record in the file,2026-09-14T18:02:42.816798+00:00,ACCOUNTS_RECEIVABLE_00018134,18133,ARINV_00015773,CUST_0086,ENT_UK,2024-11-21,2024-12-06,2024-12-19,GBP,878.98,Paid,Operations,Retail
ACCOUNTS_RECEIVABLE_00018135,duplicate_exact,HIGH,Full record is byte-identical to another record in the file,2026-09-14T18:02:42.816798+00:00,ACCOUNTS_RECEIVABLE_00018135,18134,ARINV_00002958,CUST_0093,ENT_EU,2024-06-03,2024-07-03,2024-07-23,EUR,4399.4,Paid,Sales,SMB
ACCOUNTS_RECEIVABLE_00018136,duplicate_exact,HIGH,Full record is byte-identical to another record in the file,2026-09-14T18:02:42.816798+00:00,ACCOUNTS_RECEIVABLE_00018136,18135,ARINV_00017572,CUST_0156,ENT_UK,2025-10-31,2025-11-15,2025-11-05,GBP,8938.41,Paid,Sales,Retail
ACCOUNTS_RECEIVABLE_00018138,duplicate_exact,HIGH,Full record is byte-identical to another record in the file,2026-09-14T18:02:42.816798+00:00,ACCOUNTS_RECEIVABLE_00018138,18137,ARINV_00016765,CUST_0022,ENT_UK,2025-05-18,2025-06-02,2025-05-25,USD,2681.24,Paid,Operations,Retail
ACCOUNTS_RECEIVABLE_00018139,duplicate_exact,HIGH,Full record is byte-identical to another record in the file,2026-09-14T18:02:42.816798+00:00,ACCOUNTS_RECEIVABLE_00018139,18138,ARINV_00010367,CUST_0017,ENT_US,2025-03-01,2025-04-30,2025-05-15,USD,1610.28,Paid,Operations,Enterprise
ACCOUNTS_RECEIVABLE_00018140,duplicate_exact,HIGH,Full record is byte-identical to another record in the file,2026-09-14T18:02:42.816798+00:00,ACCOUNTS_RECEIVABLE_00018140,18139,ARINV_00006643,CUST_0057,ENT_US,2023-04-01,2023-04-16,2023-04-20,USD,3492.89,Paid,Marketing,Retail
ACCOUNTS_RECEIVABLE_00018141,duplicate_exact,HIGH,Full record is byte-identical to another record in the file,2026-09-14T18:02:42.816798+00:00,ACCOUNTS_RECEIVABLE_00018141,18140,ARINV_00009203,CUST_0129,ENT_US,2024-08-19,2024-10-18,2024-10-07,USD,3478.3,Paid,Operations,Enterprise
ACCOUNTS_RECEIVABLE_00018142,duplicate_exact,HIGH,Full record is byte-identical to another record in the file,2026-09-14T18:02:42.816798+00:00,ACCOUNTS_RECEIVABLE_00018142,18141,ARINV_00015112,CUST_0055,ENT_UK,2024-07-20,2024-08-19,2024-08-25,GBP,493.38,Paid,Marketing,SMB
ACCOUNTS_RECEIVABLE_00018143,duplicate_exact,HIGH,Full record is byte-identical to another record in the file,2026-09-14T18:02:42.816798+00:00,ACCOUNTS_RECEIVABLE_00018143,18142,ARINV_00016811,CUST_0118,ENT_UK,2025-05-23,2025-07-22,2025-07-09,GBP,968.25,Paid,Marketing,Enterprise
ACCOUNTS_RECEIVABLE_00018144,duplicate_exact,HIGH,Full record is byte-identical to another record in the file,2026-09-14T18:02:42.816798+00:00,ACCOUNTS_RECEIVABLE_00018144,18143,ARINV_00017578,CUST_0178,ENT_UK,2025-10-26,2025-11-25,2025-11-08,GBP,2740.62,Paid,Sales,SMB
ACCOUNTS_RECEIVABLE_00018145,duplicate_exact,HIGH,Full record is byte-identical to another record in the file,2026-09-14T18:02:42.816798+00:00,ACCOUNTS_RECEIVABLE_00018145,18144,ARINV_00014367,CUST_0108,ENT_UK,2024-02-03,2024-03-04,2024-03-20,GBP,984.99,Paid,Marketing,SMB
ACCOUNTS_RECEIVABLE_00018146,duplicate_exact,HIGH,Full record is byte-identical to another record in the file,2026-09-14T18:02:42.816798+00:00,ACCOUNTS_RECEIVABLE_00018146,18145,ARINV_00006986,CUST_0153,ENT_US,2023-06-22,2023-08-21,2023-08-27,USD,1024.52,Paid,Marketing,Enterprise
ACCOUNTS_RECEIVABLE_00018147,duplicate_exact,HIGH,Full record is byte-identical to another record in the file,2026-09-14T18:02:42.816798+00:00,ACCOUNTS_RECEIVABLE_00018147,18146,ARINV_00003510,CUST_0147,ENT_EU,2024-09-18,2024-10-18,2024-11-17,GBP,162.27,Paid,Operations,SMB
ACCOUNTS_RECEIVABLE_00018148,duplicate_exact,HIGH,Full record is byte-identical to another record in the file,2026-09-14T18:02:42.816798+00:00,ACCOUNTS_RECEIVABLE_00018148,18147,ARINV_00010694,CUST_0064,ENT_US,2025-05-21,2025-06-20,2025-06-11,USD,446.37,Paid,Operations,SMB
ACCOUNTS_RECEIVABLE_00018149,duplicate_exact,HIGH,Full record is byte-identical to another record in the file,2026-09-14T18:02:42.816798+00:00,ACCOUNTS_RECEIVABLE_00018149,18148,ARINV_00001768,CUST_0098,ENT_EU,2023-11-30,2023-12-15,2023-12-16,EUR,1331.97,Paid,Sales,Retail
ACCOUNTS_RECEIVABLE_00018150,duplicate_exact,HIGH,Full record is byte-identical to another record in the file,2026-09-14T18:02:42.816798+00:00,ACCOUNTS_RECEIVABLE_00018150,18149,ARINV_00006679,CUST_0105,ENT_US,2023-04-08,2023-04-23,2023-04-20,USD,6972.05,Paid,Marketing,Retail
ACCOUNTS_RECEIVABLE_00018151,duplicate_exact,HIGH,Full record is byte-identical to another record in the file,2026-09-14T18:02:42.816798+00:00,ACCOUNTS_RECEIVABLE_00018151,18150,ARINV_00007889,CUST_0039,ENT_US,2023-12-13,2024-01-12,2024-01-15,GBP,21048.88,Paid,Sales,SMB
ACCOUNTS_RECEIVABLE_00018152,duplicate_exact,HIGH,Full record is byte-identical to another record in the file,2026-09-14T18:02:42.816798+00:00,ACCOUNTS_RECEIVABLE_00018152,18151,ARINV_00000357,CUST_0114,ENT_EU,2023-03-15,2023-03-30,2023-03-20,EUR,3810.32,Paid,Sales,Retail
ACCOUNTS_RECEIVABLE_00018153,duplicate_exact,HIGH,Full record is byte-identical to another record in the file,2026-09-14T18:02:42.816798+00:00,ACCOUNTS_RECEIVABLE_00018153,18152,ARINV_00000167,CUST_0035,ENT_EU,2023-01-17,2023-03-18,2023-03-23,EUR,2989.53,Paid,Marketing,Enterprise
ACCOUNTS_RECEIVABLE_00018154,duplicate_exact,HIGH,Full record is byte-identical to another record in the file,2026-09-14T18:02:42.816798+00:00,ACCOUNTS_RECEIVABLE_00018154,18153,ARINV_00017044,CUST_0137,ENT_UK,2025-07-26,2025-08-10,2025-08-15,GBP,5019.7,Paid,Sales,Retail
ACCOUNTS_RECEIVABLE_00018155,duplicate_exact,HIGH,Full record is byte-identical to another record in the file,2026-09-14T18:02:42.816798+00:00,ACCOUNTS_RECEIVABLE_00018155,18154,ARINV_00004696,CUST_0066,ENT_EU,2025-04-04,2025-05-04,2025-05-15,EUR,4505.44,Paid,Marketing,SMB
ACCOUNTS_RECEIVABLE_00018157,duplicate_exact,HIGH,Full record is byte-identical to another record in the file,2026-09-14T18:02:42.816798+00:00,ACCOUNTS_RECEIVABLE_00018157,18156,ARINV_00004492,CUST_0023,ENT_EU,2025-03-15,2025-03-30,2025-04-05,GBP,546.52,Paid,Marketing,Retail
ACCOUNTS_RECEIVABLE_00018158,duplicate_exact,HIGH,Full record is byte-identical to another record in the file,2026-09-14T18:02:42.816798+00:00,ACCOUNTS_RECEIVABLE_00018158,18157,ARINV_00003065,CUST_0104,ENT_EU,2024-06-17,2024-07-17,2024-07-16,EUR,384.4,Paid,Marketing,SMB
ACCOUNTS_RECEIVABLE_00018159,duplicate_exact,HIGH,Full record is byte-identical to another record in the file,2026-09-14T18:02:42.816798+00:00,ACCOUNTS_RECEIVABLE_00018159,18158,ARINV_00006833,CUST_0120,ENT_US,2023-05-02,2023-05-17,2023-05-08,USD,2112.87,Paid,Marketing,Retail
ACCOUNTS_RECEIVABLE_00018160,duplicate_exact,HIGH,Full record is byte-identical to another record in the file,2026-09-14T18:02:42.816798+00:00,ACCOUNTS_RECEIVABLE_00018160,18159,ARINV_00004370,CUST_0088,ENT_EU,2025-02-02,2025-02-17,2025-01-30,EUR,3651.49,Paid,Marketing,Retail
ACCOUNTS_RECEIVABLE_00018162,duplicate_exact,HIGH,Full record is byte-identical to another record in the file,2026-09-14T18:02:42.816798+00:00,ACCOUNTS_RECEIVABLE_00018162,18161,ARINV_00003472,CUST_0165,ENT_EU,2024-09-20,2024-11-19,2024-11-05,EUR,1450.52,Paid,Operations,Enterprise
ACCOUNTS_RECEIVABLE_00018163,duplicate_exact,HIGH,Full record is byte-identical to another record in the file,2026-09-14T18:02:42.816798+00:00,ACCOUNTS_RECEIVABLE_00018163,18162,ARINV_00010196,CUST_0158,ENT_US,2025-02-19,2025-03-21,2025-04-02,USD,800.7,Paid,Operations,SMB
ACCOUNTS_RECEIVABLE_00018164,duplicate_exact,HIGH,Full record is byte-identical to another record in the file,2026-09-14T18:02:42.816798+00:00,ACCOUNTS_RECEIVABLE_00018164,18163,ARINV_00012636,CUST_0019,ENT_UK,2023-04-25,2023-05-25,2023-06-17,GBP,1147.92,Paid,Marketing,SMB
ACCOUNTS_RECEIVABLE_00018165,duplicate_exact,HIGH,Full record is byte-identical to another record in the file,2026-09-14T18:02:42.816798+00:00,ACCOUNTS_RECEIVABLE_00018165,18164,ARINV_00003448,CUST_0034,ENT_EU,2024-09-20,2024-11-19,2024-11-24,EUR,3399.69,Paid,Operations,Enterprise
ACCOUNTS_RECEIVABLE_00018166,duplicate_exact,HIGH,Full record is byte-identical to another record in the file,2026-09-14T18:02:42.816798+00:00,ACCOUNTS_RECEIVABLE_00018166,18165,ARINV_00006937,CUST_0159,ENT_US,2023-06-18,2023-07-03,2023-06-27,USD,1229.83,Paid,Operations,Retail
ACCOUNTS_RECEIVABLE_00018167,duplicate_exact,HIGH,Full record is byte-identical to another record in the file,2026-09-14T18:02:42.816798+00:00,ACCOUNTS_RECEIVABLE_00018167,18166,ARINV_00007389,CUST_0141,ENT_US,2023-09-05,2023-10-05,2023-10-11,USD,17222.52,Paid,Sales,SMB
ACCOUNTS_RECEIVABLE_00018168,duplicate_exact,HIGH,Full record is byte-identical to another record in the file,2026-09-14T18:02:42.816798+00:00,ACCOUNTS_RECEIVABLE_00018168,18167,ARINV_00000343,CUST_0027,ENT_EU,2023-02-20,2023-04-21,2023-04-23,EUR,1149.22,Paid,Marketing,Enterprise
ACCOUNTS_RECEIVABLE_00018169,duplicate_exact,HIGH,Full record is byte-identical to another record in the file,2026-09-14T18:02:42.816798+00:00,ACCOUNTS_RECEIVABLE_00018169,18168,ARINV_00001681,CUST_0071,ENT_EU,2023-10-08,2023-12-07,2023-12-29,EUR,709.22,Paid,Marketing,Enterprise
ACCOUNTS_RECEIVABLE_00018170,duplicate_exact,HIGH,Full record is byte-identical to another record in the file,2026-09-14T18:02:42.816798+00:00,ACCOUNTS_RECEIVABLE_00018170,18169,ARINV_00011194,CUST_0058,ENT_US,2025-08-30,2025-09-29,2025-09-22,USD,1858.19,Paid,Operations,SMB
ACCOUNTS_RECEIVABLE_00018171,duplicate_exact,HIGH,Full record is byte-identical to another record in the file,2026-09-14T18:02:42.816798+00:00,ACCOUNTS_RECEIVABLE_00018171,18170,ARINV_00010024,CUST_0051,ENT_US,2025-01-19,2025-02-18,2025-02-13,USD,209.12,Paid,Marketing,SMB
ACCOUNTS_RECEIVABLE_00018172,duplicate_exact,HIGH,Full record is byte-identical to another record in the file,2026-09-14T18:02:42.816798+00:00,ACCOUNTS_RECEIVABLE_00018172,18171,ARINV_00006684,CUST_0078,ENT_US,2023-04-25,2023-05-25,2023-05-27,USD,2975.09,Paid,Marketing,SMB
ACCOUNTS_RECEIVABLE_00018173,duplicate_exact,HIGH,Full record is byte-identical to another record in the file,2026-09-14T18:02:42.816798+00:00,ACCOUNTS_RECEIVABLE_00018173,18172,ARINV_00010727,CUST_0020,ENT_US,2025-05-28,2025-07-27,2025-07-25,USD,787.58,Paid,Marketing,Enterprise
ACCOUNTS_RECEIVABLE_00018174,duplicate_exact,HIGH,Full record is byte-identical to another record in the file,2026-09-14T18:02:42.816798+00:00,ACCOUNTS_RECEIVABLE_00018174,18173,ARINV_00012470,CUST_0148,ENT_UK,2023-03-05,2023-03-20,2023-03-09,GBP,799.57,Paid,Marketing,Retail
ACCOUNTS_RECEIVABLE_00018175,duplicate_exact,HIGH,Full record is byte-identical to another record in the file,2026-09-14T18:02:42.816798+00:00,ACCOUNTS_RECEIVABLE_00018175,18174,ARINV_00004476,CUST_0111,ENT_EU,2025-03-28,2025-04-27,2025-05-28,EUR,465.31,Paid,Marketing,SMB
ACCOUNTS_RECEIVABLE_00018177,duplicate_exact,HIGH,Full record is byte-identical to another record in the file,2026-09-14T18:02:42.816798+00:00,ACCOUNTS_RECEIVABLE_00018177,18176,ARINV_00007086,CUST_0028,ENT_US,2023-07-04,2023-08-03,2023-08-19,USD,4503.88,Paid,Sales,SMB
ACCOUNTS_RECEIVABLE_00018178,duplicate_exact,HIGH,Full record is byte-identical to another record in the file,2026-09-14T18:02:42.816798+00:00,ACCOUNTS_RECEIVABLE_00018178,18177,ARINV_00016791,CUST_0073,ENT_UK,2025-05-29,2025-06-13,2025-06-10,GBP,1764.01,Paid,Operations,Retail
ACCOUNTS_RECEIVABLE_00018179,duplicate_exact,HIGH,Full record is byte-identical to another record in the file,2026-09-14T18:02:42.816798+00:00,ACCOUNTS_RECEIVABLE_00018179,18178,ARINV_00000402,CUST_0103,ENT_EU,2023-03-28,2023-04-12,2023-03-29,EUR,3735.5,Paid,Sales,Retail
ACCOUNTS_RECEIVABLE_00018180,duplicate_exact,HIGH,Full record is byte-identical to another record in the file,2026-09-14T18:02:42.816798+00:00,ACCOUNTS_RECEIVABLE_00018180,18179,ARINV_00004565,CUST_0042,ENT_EU,2025-04-20,2025-05-20,2025-05-25,EUR,2310.1,Paid,Sales,SMB
ACCOUNTS_RECEIVABLE_00018182,duplicate_exact,HIGH,Full record is byte-identical to another record in the file,2026-09-14T18:02:42.816798+00:00,ACCOUNTS_RECEIVABLE_00018182,18181,ARINV_00013796,CUST_0073,ENT_UK,2023-11-29,2023-12-14,2023-12-10,GBP,435.88,Paid,Operations,Retail
ACCOUNTS_RECEIVABLE_00018183,duplicate_exact,HIGH,Full record is byte-identical to another record in the file,2026-09-14T18:02:42.816798+00:00,ACCOUNTS_RECEIVABLE_00018183,18182,ARINV_00010572,CUST_0122,ENT_US,2025-04-08,2025-04-23,2025-04-20,USD,1611.5,Paid,Marketing,Retail
ACCOUNTS_RECEIVABLE_00018184,duplicate_exact,HIGH,Full record is byte-identical to another record in the file,2026-09-14T18:02:42.816798+00:00,ACCOUNTS_RECEIVABLE_00018184,18183,ARINV_00011447,CUST_0028,ENT_US,2025-10-17,2025-11-16,2025-11-10,USD,5532.5,Paid,Sales,SMB
ACCOUNTS_RECEIVABLE_00018186,duplicate_exact,HIGH,Full record is byte-identical to another record in the file,2026-09-14T18:02:42.816798+00:00,ACCOUNTS_RECEIVABLE_00018186,18185,ARINV_00008709,CUST_0059,ENT_US,2024-05-20,2024-06-04,2024-06-02,USD,3013.61,Paid,Sales,Retail
ACCOUNTS_RECEIVABLE_00018187,duplicate_exact,HIGH,Full record is byte-identical to another record in the file,2026-09-14T18:02:42.816798+00:00,ACCOUNTS_RECEIVABLE_00018187,18186,ARINV_00017332,CUST_0041,ENT_UK,2025-08-20,2025-09-19,2025-09-15,GBP,265.69,Paid,Marketing,SMB
ACCOUNTS_RECEIVABLE_00018188,duplicate_exact,HIGH,Full record is byte-identical to another record in the file,2026-09-14T18:02:42.816798+00:00,ACCOUNTS_RECEIVABLE_00018188,18187,ARINV_00011178,CUST_0020,ENT_US,2025-08-10,2025-10-09,2025-10-21,USD,4271.28,Paid,Sales,Enterprise
ACCOUNTS_RECEIVABLE_00000038,duplicate_invoice,HIGH,invoice_id appears on more than one record,2026-09-14T18:02:42.816798+00:00,ACCOUNTS_RECEIVABLE_00000038,37,ARINV_00000038,CUST_0018,ENT_EU,2023-01-04,2023-02-03,2023-03-14,EUR,7528.43,Paid,Sales,SMB
ACCOUNTS_RECEIVABLE_00000067,duplicate_invoice,HIGH,invoice_id appears on more than one record,2026-09-14T18:02:42.816798+00:00,ACCOUNTS_RECEIVABLE_00000067,66,ARINV_00000067,CUST_0088,ENT_EU,2023-01-26,2023-02-10,2023-01-14,EUR,1948.78,Paid,Sales,Retail
ACCOUNTS_RECEIVABLE_00000100,duplicate_invoice,HIGH,invoice_id appears on more than one record,2026-09-14T18:02:42.816798+00:00,ACCOUNTS_RECEIVABLE_00000100,99,ARINV_00000100,CUST_0100,ENT_EU,2023-01-03,2023-02-02,2023-02-13,EUR,2438.05,Paid,Operations,
ACCOUNTS_RECEIVABLE_00000167,duplicate_invoice,HIGH,invoice_id appears on more than one record,2026-09-14T18:02:42.816798+00:00,ACCOUNTS_RECEIVABLE_00000167,166,ARINV_00000167,CUST_0035,ENT_EU,2023-01-17,2023-03-18,2023-03-23,EUR,2989.53,Paid,Marketing,Enterprise
ACCOUNTS_RECEIVABLE_00000282,duplicate_invoice,HIGH,invoice_id appears on more than one record,2026-09-14T18:02:42.816798+00:00,ACCOUNTS_RECEIVABLE_00000282,281,ARINV_00000282,CUST_0132,ENT_EU,2023-02-09,2023-04-10,2023-04-27,EUR,2505.52,Paid,Operations,Enterprise
ACCOUNTS_RECEIVABLE_00000343,duplicate_invoice,HIGH,invoice_id appears on more than one record,2026-09-14T18:02:42.816798+00:00,ACCOUNTS_RECEIVABLE_00000343,342,ARINV_00000343,CUST_0027,ENT_EU,2023-02-20,2023-04-21,2023-04-23,EUR,1149.22,Paid,Marketing,Enterprise
ACCOUNTS_RECEIVABLE_00000357,duplicate_invoice,HIGH,invoice_id appears on more than one record,2026-09-14T18:02:42.816798+00:00,ACCOUNTS_RECEIVABLE_00000357,356,ARINV_00000357,CUST_0114,ENT_EU,2023-03-15,2023-03-30,2023-03-20,EUR,3810.32,Paid,Sales,Retail
ACCOUNTS_RECEIVABLE_00000402,duplicate_invoice,HIGH,invoice_id appears on more than one record,2026-09-14T18:02:42.816798+00:00,ACCOUNTS_RECEIVABLE_00000402,401,ARINV_00000402,CUST_0103,ENT_EU,2023-03-28,2023-04-12,2023-03-29,EUR,3735.5,Paid,Sales,Retail
ACCOUNTS_RECEIVABLE_00000690,duplicate_invoice,HIGH,invoice_id appears on more than one record,2026-09-14T18:02:42.816798+00:00,ACCOUNTS_RECEIVABLE_00000690,689,ARINV_00000690,CUST_0114,ENT_EU,2023-04-11,2023-04-26,2023-05-03,EUR,4067.88,Paid,Marketing,Retail
ACCOUNTS_RECEIVABLE_00000749,duplicate_invoice,HIGH,invoice_id appears on more than one record,2026-09-14T18:02:42.816798+00:00,ACCOUNTS_RECEIVABLE_00000749,748,ARINV_00000749,CUST_0050,ENT_EU,2023-05-11,2023-07-10,2023-07-27,EUR,1931.51,Paid,Sales,Enterprise
ACCOUNTS_RECEIVABLE_00000907,duplicate_invoice,HIGH,invoice_id appears on more than one record,2026-09-14T18:02:42.816798+00:00,ACCOUNTS_RECEIVABLE_00000907,906,ARINV_00000907,CUST_0150,ENT_EU,2023-06-28,2023-07-13,2023-07-15,EUR,676.49,Paid,Sales,Retail
ACCOUNTS_RECEIVABLE_00001096,duplicate_invoice,HIGH,invoice_id appears on more than one record,2026-09-14T18:02:42.816798+00:00,ACCOUNTS_RECEIVABLE_00001096,1095,ARINV_00001096,CUST_0011,ENT_EU,2023-07-27,2023-08-11,2023-08-23,GBP,2356.48,Paid,Operations,Retail
ACCOUNTS_RECEIVABLE_00001308,duplicate_invoice,HIGH,invoice_id appears on more than one record,2026-09-14T18:02:42.816798+00:00,ACCOUNTS_RECEIVABLE_00001308,1307,ARINV_00001308,CUST_0128,ENT_EU,2023-08-11,2023-08-26,2023-08-11,EUR,2642.99,Paid,Operations,Retail
ACCOUNTS_RECEIVABLE_00001312,duplicate_invoice,HIGH,invoice_id appears on more than one record,2026-09-14T18:02:42.816798+00:00,ACCOUNTS_RECEIVABLE_00001312,1311,ARINV_00001312,CUST_0097,ENT_EU,2023-08-24,2023-09-23,2023-09-10,EUR,3501.81,Paid,Operations,SMB
ACCOUNTS_RECEIVABLE_00001388,duplicate_invoice,HIGH,invoice_id appears on more than one record,2026-09-14T18:02:42.816798+00:00,ACCOUNTS_RECEIVABLE_00001388,1387,ARINV_00001388,CUST_0018,ENT_EU,2023-08-22,2023-09-21,2023-10-03,EUR,4020.76,Paid,Marketing,SMB
ACCOUNTS_RECEIVABLE_00001460,duplicate_invoice,HIGH,invoice_id appears on more than one record,2026-09-14T18:02:42.816798+00:00,ACCOUNTS_RECEIVABLE_00001460,1459,ARINV_00001460,CUST_0050,ENT_EU,2023-09-30,2023-11-29,2023-11-14,EUR,11029.41,Paid,Operations,Enterprise
ACCOUNTS_RECEIVABLE_00001564,duplicate_invoice,HIGH,invoice_id appears on more than one record,2026-09-14T18:02:42.816798+00:00,ACCOUNTS_RECEIVABLE_00001564,1563,ARINV_00001564,CUST_0095,ENT_EU,2023-09-15,2023-09-30,2023-10-01,EUR,6035.15,Paid,Marketing,Retail
ACCOUNTS_RECEIVABLE_00001576,duplicate_invoice,HIGH,invoice_id appears on more than one record,2026-09-14T18:02:42.816798+00:00,ACCOUNTS_RECEIVABLE_00001576,1575,ARINV_00001576,CUST_0121,ENT_EU,2023-10-01,2023-10-16,2023-10-09,EUR,6854.86,Paid,Sales,Retail
ACCOUNTS_RECEIVABLE_00001681,duplicate_invoice,HIGH,invoice_id appears on more than one record,2026-09-14T18:02:42.816798+00:00,ACCOUNTS_RECEIVABLE_00001681,1680,ARINV_00001681,CUST_0071,ENT_EU,2023-10-08,2023-12-07,2023-12-29,EUR,709.22,Paid,Marketing,Enterprise
ACCOUNTS_RECEIVABLE_00001755,duplicate_invoice,HIGH,invoice_id appears on more than one record,2026-09-14T18:02:42.816798+00:00,ACCOUNTS_RECEIVABLE_00001755,1754,ARINV_00001755,CUST_0077,ENT_EU,2023-11-27,2024-01-26,2024-02-12,EUR,4963.18,Paid,Sales,Enterprise
ACCOUNTS_RECEIVABLE_00001768,duplicate_invoice,HIGH,invoice_id appears on more than one record,2026-09-14T18:02:42.816798+00:00,ACCOUNTS_RECEIVABLE_00001768,1767,ARINV_00001768,CUST_0098,ENT_EU,2023-11-30,2023-12-15,2023-12-16,EUR,1331.97,Paid,Sales,Retail
ACCOUNTS_RECEIVABLE_00001862,duplicate_invoice,HIGH,invoice_id appears on more than one record,2026-09-14T18:02:42.816798+00:00,ACCOUNTS_RECEIVABLE_00001862,1861,ARINV_00001862,CUST_0007,ENT_EU,2023-11-04,2024-01-03,2023-12-14,EUR,321.89,Paid,,Enterprise
ACCOUNTS_RECEIVABLE_00001973,duplicate_invoice,HIGH,invoice_id appears on more than one record,2026-09-14T18:02:42.816798+00:00,ACCOUNTS_RECEIVABLE_00001973,1972,ARINV_00001973,CUST_0119,ENT_EU,2023-12-26,2024-01-10,2024-01-04,EUR,3077.39,Paid,Sales,Retail
ACCOUNTS_RECEIVABLE_00002018,duplicate_invoice,HIGH,invoice_id appears on more than one record,2026-09-14T18:02:42.816798+00:00,ACCOUNTS_RECEIVABLE_00002018,2017,ARINV_00002018,CUST_0163,ENT_EU,2023-12-17,2024-02-15,2024-02-19,EUR,2235.31,Paid,Operations,Enterprise
ACCOUNTS_RECEIVABLE_00002057,duplicate_invoice,HIGH,invoice_id appears on more than one record,2026-09-14T18:02:42.816798+00:00,ACCOUNTS_RECEIVABLE_00002057,2056,ARINV_00002057,CUST_0116,ENT_EU,2023-12-12,2024-01-11,2023-12-30,EUR,565.31,Paid,Marketing,SMB
ACCOUNTS_RECEIVABLE_00002325,duplicate_invoice,HIGH,invoice_id appears on more than one record,2026-09-14T18:02:42.816798+00:00,ACCOUNTS_RECEIVABLE_00002325,2324,ARINV_00002325,CUST_0038,ENT_EU,2024-02-02,2024-03-03,2024-03-08,EUR,4359.69,Paid,Operations,SMB
ACCOUNTS_RECEIVABLE_00002736,duplicate_invoice,HIGH,invoice_id appears on more than one record,2026-09-14T18:02:42.816798+00:00,ACCOUNTS_RECEIVABLE_00002736,2735,ARINV_00002736,CUST_0048,ENT_EU,2024-04-06,2024-04-21,2024-04-13,EUR,1777.17,Paid,Marketing,Retail
ACCOUNTS_RECEIVABLE_00002765,duplicate_invoice,HIGH,invoice_id appears on more than one record,2026-09-14T18:02:42.816798+00:00,ACCOUNTS_RECEIVABLE_00002765,2764,ARINV_00002765,CUST_0044,ENT_EU,2024-05-08,2024-06-07,2024-07-17,EUR,4457.31,Paid,Sales,SMB
ACCOUNTS_RECEIVABLE_00002814,duplicate_invoice,HIGH,invoice_id appears on more than one record,2026-09-14T18:02:42.816798+00:00,ACCOUNTS_RECEIVABLE_00002814,2813,ARINV_00002814,CUST_0166,ENT_EU,2024-05-21,2024-06-20,2024-06-10,EUR,4724.32,Paid,Operations,SMB
ACCOUNTS_RECEIVABLE_00002875,duplicate_invoice,HIGH,invoice_id appears on more than one record,2026-09-14T18:02:42.816798+00:00,ACCOUNTS_RECEIVABLE_00002875,2874,ARINV_00002875,CUST_0088,ENT_EU,2024-05-13,2024-05-28,2024-05-26,EUR,1718.54,Paid,Marketing,Retail
ACCOUNTS_RECEIVABLE_00002948,duplicate_invoice,HIGH,invoice_id appears on more than one record,2026-09-14T18:02:42.816798+00:00,ACCOUNTS_RECEIVABLE_00002948,2947,ARINV_00002948,CUST_0037,ENT_EU,2024-06-28,2024-08-27,2024-08-13,EUR,1759.14,Paid,Sales,Enterprise
ACCOUNTS_RECEIVABLE_00002958,duplicate_invoice,HIGH,invoice_id appears on more than one record,2026-09-14T18:02:42.816798+00:00,ACCOUNTS_RECEIVABLE_00002958,2957,ARINV_00002958,CUST_0093,ENT_EU,2024-06-03,2024-07-03,2024-07-23,EUR,4399.4,Paid,Sales,SMB
ACCOUNTS_RECEIVABLE_00003065,duplicate_invoice,HIGH,invoice_id appears on more than one record,2026-09-14T18:02:42.816798+00:00,ACCOUNTS_RECEIVABLE_00003065,3064,ARINV_00003065,CUST_0104,ENT_EU,2024-06-17,2024-07-17,2024-07-16,EUR,384.4,Paid,Marketing,SMB
ACCOUNTS_RECEIVABLE_00003114,duplicate_invoice,HIGH,invoice_id appears on more than one record,2026-09-14T18:02:42.816798+00:00,ACCOUNTS_RECEIVABLE_00003114,3113,ARINV_00003114,CUST_0119,ENT_EU,2024-07-23,2024-08-07,2024-08-22,EUR,5791.06,Paid,Sales,Retail
ACCOUNTS_RECEIVABLE_00003448,duplicate_invoice,HIGH,invoice_id appears on more than one record,2026-09-14T18:02:42.816798+00:00,ACCOUNTS_RECEIVABLE_00003448,3447,ARINV_00003448,CUST_0034,ENT_EU,2024-09-20,2024-11-19,2024-11-24,EUR,3399.69,Paid,Operations,Enterprise
ACCOUNTS_RECEIVABLE_00003472,duplicate_invoice,HIGH,invoice_id appears on more than one record,2026-09-14T18:02:42.816798+00:00,ACCOUNTS_RECEIVABLE_00003472,3471,ARINV_00003472,CUST_0165,ENT_EU,2024-09-20,2024-11-19,2024-11-05,EUR,1450.52,Paid,Operations,Enterprise
ACCOUNTS_RECEIVABLE_00003510,duplicate_invoice,HIGH,invoice_id appears on more than one record,2026-09-14T18:02:42.816798+00:00,ACCOUNTS_RECEIVABLE_00003510,3509,ARINV_00003510,CUST_0147,ENT_EU,2024-09-18,2024-10-18,2024-11-17,GBP,162.27,Paid,Operations,SMB
ACCOUNTS_RECEIVABLE_00003729,duplicate_invoice,HIGH,invoice_id appears on more than one record,2026-09-14T18:02:42.816798+00:00,ACCOUNTS_RECEIVABLE_00003729,3728,ARINV_00003729,CUST_0097,ENT_EU,2024-10-24,2024-11-23,2024-12-01,EUR,339.29,Paid,Marketing,SMB
ACCOUNTS_RECEIVABLE_00003749,duplicate_invoice,HIGH,invoice_id appears on more than one record,2026-09-14T18:02:42.816798+00:00,ACCOUNTS_RECEIVABLE_00003749,3748,ARINV_00003749,CUST_0006,ENT_EU,2024-10-16,2024-11-15,2024-11-16,EUR,1078.0,Paid,,SMB
ACCOUNTS_RECEIVABLE_00004086,duplicate_invoice,HIGH,invoice_id appears on more than one record,2026-09-14T18:02:42.816798+00:00,ACCOUNTS_RECEIVABLE_00004086,4085,ARINV_00004086,CUST_0096,ENT_EU,2024-12-19,2025-01-03,2025-01-02,EUR,1174.39,Paid,Marketing,Retail
ACCOUNTS_RECEIVABLE_00004217,duplicate_invoice,HIGH,invoice_id appears on more than one record,2026-09-14T18:02:42.816798+00:00,ACCOUNTS_RECEIVABLE_00004217,4216,ARINV_00004217,CUST_0097,ENT_EU,2025-01-14,2025-02-13,2025-02-04,EUR,1250.62,Paid,Marketing,SMB
ACCOUNTS_RECEIVABLE_00004289,duplicate_invoice,HIGH,invoice_id appears on more than one record,2026-09-14T18:02:42.816798+00:00,ACCOUNTS_RECEIVABLE_00004289,4288,ARINV_00004289,CUST_0071,ENT_EU,2025-02-01,2025-04-02,2025-03-31,EUR,7168.72,Paid,Operations,Enterprise
ACCOUNTS_RECEIVABLE_00004370,duplicate_invoice,HIGH,invoice_id appears on more than one record,2026-09-14T18:02:42.816798+00:00,ACCOUNTS_RECEIVABLE_00004370,4369,ARINV_00004370,CUST_0088,ENT_EU,2025-02-02,2025-02-17,2025-01-30,EUR,3651.49,Paid,Marketing,Retail
ACCOUNTS_RECEIVABLE_00004476,duplicate_invoice,HIGH,invoice_id appears on more than one record,2026-09-14T18:02:42.816798+00:00,ACCOUNTS_RECEIVABLE_00004476,4475,ARINV_00004476,CUST_0111,ENT_EU,2025-03-28,2025-04-27,2025-05-28,EUR,465.31,Paid,Marketing,SMB
ACCOUNTS_RECEIVABLE_00004492,duplicate_invoice,HIGH,invoice_id appears on more than one record,2026-09-14T18:02:42.816798+00:00,ACCOUNTS_RECEIVABLE_00004492,4491,ARINV_00004492,CUST_0023,ENT_EU,2025-03-15,2025-03-30,2025-04-05,GBP,546.52,Paid,Marketing,Retail
ACCOUNTS_RECEIVABLE_00004565,duplicate_invoice,HIGH,invoice_id appears on more than one record,2026-09-14T18:02:42.816798+00:00,ACCOUNTS_RECEIVABLE_00004565,4564,ARINV_00004565,CUST_0042,ENT_EU,2025-04-20,2025-05-20,2025-05-25,EUR,2310.1,Paid,Sales,SMB
ACCOUNTS_RECEIVABLE_00004583,duplicate_invoice,HIGH,invoice_id appears on more than one record,2026-09-14T18:02:42.816798+00:00,ACCOUNTS_RECEIVABLE_00004583,4582,ARINV_00004583,CUST_0083,ENT_EU,2025-04-22,2025-05-22,2025-06-07,EUR,1139.11,Paid,Sales,SMB
ACCOUNTS_RECEIVABLE_00004667,duplicate_invoice,HIGH,invoice_id appears on more than one record,2026-09-14T18:02:42.816798+00:00,ACCOUNTS_RECEIVABLE_00004667,4666,ARINV_00004667,CUST_0048,ENT_EU,2025-04-08,2025-04-23,2025-03-29,EUR,1350.3,Paid,Marketing,Retail
ACCOUNTS_RECEIVABLE_00004696,duplicate_invoice,HIGH,invoice_id appears on more than one record,2026-09-14T18:02:42.816798+00:00,ACCOUNTS_RECEIVABLE_00004696,4695,ARINV_00004696,CUST_0066,ENT_EU,2025-04-04,2025-05-04,2025-05-15,EUR,4505.44,Paid,Marketing,SMB
ACCOUNTS_RECEIVABLE_00005048,duplicate_invoice,HIGH,invoice_id appears on more than one record,2026-09-14T18:02:42.816798+00:00,ACCOUNTS_RECEIVABLE_00005048,5047,ARINV_00005048,CUST_0084,ENT_EU,2025-07-18,2025-08-02,,EUR,20249.89,Written Off,Sales,
ACCOUNTS_RECEIVABLE_00005114,duplicate_invoice,HIGH,invoice_id appears on more than one record,2026-09-14T18:02:42.816798+00:00,ACCOUNTS_RECEIVABLE_00005114,5113,ARINV_00005114,CUST_0104,ENT_EU,2025-07-15,2025-08-14,2025-09-06,EUR,16739.81,Paid,Operations,SMB
ACCOUNTS_RECEIVABLE_00005195,duplicate_invoice,HIGH,invoice_id appears on more than one record,2026-09-14T18:02:42.816798+00:00,ACCOUNTS_RECEIVABLE_00005195,5194,ARINV_00005195,CUST_0100,ENT_EU,2025-08-06,2025-09-05,2025-09-22,EUR,4423.86,Paid,Sales,SMB
ACCOUNTS_RECEIVABLE_00005251,duplicate_invoice,HIGH,invoice_id appears on more than one record,2026-09-14T18:02:42.816798+00:00,ACCOUNTS_RECEIVABLE_00005251,5250,ARINV_00005251,CUST_0037,ENT_EU,2025-08-16,2025-10-15,2025-10-04,EUR,7292.63,Paid,Operations,Enterprise
ACCOUNTS_RECEIVABLE_00005341,duplicate_invoice,HIGH,invoice_id appears on more than one record,2026-09-14T18:02:42.816798+00:00,ACCOUNTS_RECEIVABLE_00005341,5340,ARINV_00005341,CUST_0018,ENT_EU,2025-09-24,2025-10-24,2025-11-24,EUR,3721.85,Paid,Sales,SMB
ACCOUNTS_RECEIVABLE_00005533,duplicate_invoice,HIGH,invoice_id appears on more than one record,2026-09-14T18:02:42.816798+00:00,ACCOUNTS_RECEIVABLE_00005533,5532,ARINV_00005533,CUST_0012,ENT_EU,2025-10-10,2025-11-09,2025-11-18,EUR,957.86,Paid,Sales,SMB
ACCOUNTS_RECEIVABLE_00006507,duplicate_invoice,HIGH,invoice_id appears on more than one record,2026-09-14T18:02:42.816798+00:00,ACCOUNTS_RECEIVABLE_00006507,6506,ARINV_00006507,CUST_0172,ENT_US,2023-03-13,2023-04-12,2023-04-07,USD,1346.57,Paid,Marketing,SMB
ACCOUNTS_RECEIVABLE_00006643,duplicate_invoice,HIGH,invoice_id appears on more than one record,2026-09-14T18:02:42.816798+00:00,ACCOUNTS_RECEIVABLE_00006643,6642,ARINV_00006643,CUST_0057,ENT_US,2023-04-01,2023-04-16,2023-04-20,USD,3492.89,Paid,Marketing,Retail
ACCOUNTS_RECEIVABLE_00006679,duplicate_invoice,HIGH,invoice_id appears on more than one record,2026-09-14T18:02:42.816798+00:00,ACCOUNTS_RECEIVABLE_00006679,6678,ARINV_00006679,CUST_0105,ENT_US,2023-04-08,2023-04-23,2023-04-20,USD,6972.05,Paid,Marketing,Retail
ACCOUNTS_RECEIVABLE_00006684,duplicate_invoice,HIGH,invoice_id appears on more than one record,2026-09-14T18:02:42.816798+00:00,ACCOUNTS_RECEIVABLE_00006684,6683,ARINV_00006684,CUST_0078,ENT_US,2023-04-25,2023-05-25,2023-05-27,USD,2975.09,Paid,Marketing,SMB
ACCOUNTS_RECEIVABLE_00006833,duplicate_invoice,HIGH,invoice_id appears on more than one record,2026-09-14T18:02:42.816798+00:00,ACCOUNTS_RECEIVABLE_00006833,6832,ARINV_00006833,CUST_0120,ENT_US,2023-05-02,2023-05-17,2023-05-08,USD,2112.87,Paid,Marketing,Retail
ACCOUNTS_RECEIVABLE_00006899,duplicate_invoice,HIGH,invoice_id appears on more than one record,2026-09-14T18:02:42.816798+00:00,ACCOUNTS_RECEIVABLE_00006899,6898,ARINV_00006899,CUST_0131,ENT_US,2023-06-11,2023-06-26,2023-06-24,USD,1942.4,Paid,Sales,
ACCOUNTS_RECEIVABLE_00006937,duplicate_invoice,HIGH,invoice_id appears on more than one record,2026-09-14T18:02:42.816798+00:00,ACCOUNTS_RECEIVABLE_00006937,6936,ARINV_00006937,CUST_0159,ENT_US,2023-06-18,2023-07-03,2023-06-27,USD,1229.83,Paid,Operations,Retail
ACCOUNTS_RECEIVABLE_00006963,duplicate_invoice,HIGH,invoice_id appears on more than one record,2026-09-14T18:02:42.816798+00:00,ACCOUNTS_RECEIVABLE_00006963,6962,ARINV_00006963,CUST_0020,ENT_US,2023-06-28,2023-08-27,2023-08-25,USD,993.92,Paid,,Enterprise
ACCOUNTS_RECEIVABLE_00006986,duplicate_invoice,HIGH,invoice_id appears on more than one record,2026-09-14T18:02:42.816798+00:00,ACCOUNTS_RECEIVABLE_00006986,6985,ARINV_00006986,CUST_0153,ENT_US,2023-06-22,2023-08-21,2023-08-27,USD,1024.52,Paid,Marketing,Enterprise
ACCOUNTS_RECEIVABLE_00007015,duplicate_invoice,HIGH,invoice_id appears on more than one record,2026-09-14T18:02:42.816798+00:00,ACCOUNTS_RECEIVABLE_00007015,7014,ARINV_00007015,CUST_0110,ENT_US,2023-06-16,2023-08-15,,USD,793.94,Written Off,,Enterprise
ACCOUNTS_RECEIVABLE_00007086,duplicate_invoice,HIGH,invoice_id appears on more than one record,2026-09-14T18:02:42.816798+00:00,ACCOUNTS_RECEIVABLE_00007086,7085,ARINV_00007086,CUST_0028,ENT_US,2023-07-04,2023-08-03,2023-08-19,USD,4503.88,Paid,Sales,SMB
ACCOUNTS_RECEIVABLE_00007389,duplicate_invoice,HIGH,invoice_id appears on more than one record,2026-09-14T18:02:42.816798+00:00,ACCOUNTS_RECEIVABLE_00007389,7388,ARINV_00007389,CUST_0141,ENT_US,2023-09-05,2023-10-05,2023-10-11,USD,17222.52,Paid,Sales,SMB
ACCOUNTS_RECEIVABLE_00007889,duplicate_invoice,HIGH,invoice_id appears on more than one record,2026-09-14T18:02:42.816798+00:00,ACCOUNTS_RECEIVABLE_00007889,7888,ARINV_00007889,CUST_0039,ENT_US,2023-12-13,2024-01-12,2024-01-15,GBP,21048.88,Paid,Sales,SMB
ACCOUNTS_RECEIVABLE_00008403,duplicate_invoice,HIGH,invoice_id appears on more than one record,2026-09-14T18:02:42.816798+00:00,ACCOUNTS_RECEIVABLE_00008403,8402,ARINV_00008403,CUST_0173,ENT_US,2024-03-22,2024-04-21,2024-05-22,USD,4958.44,Paid,Operations,SMB
ACCOUNTS_RECEIVABLE_00008709,duplicate_invoice,HIGH,invoice_id appears on more than one record,2026-09-14T18:02:42.816798+00:00,ACCOUNTS_RECEIVABLE_00008709,8708,ARINV_00008709,CUST_0059,ENT_US,2024-05-20,2024-06-04,2024-06-02,USD,3013.61,Paid,Sales,Retail
ACCOUNTS_RECEIVABLE_00008735,duplicate_invoice,HIGH,invoice_id appears on more than one record,2026-09-14T18:02:42.816798+00:00,ACCOUNTS_RECEIVABLE_00008735,8734,ARINV_00008735,CUST_0138,ENT_US,2024-05-30,2024-06-29,2024-06-19,USD,10121.34,Paid,Operations,
ACCOUNTS_RECEIVABLE_00008773,duplicate_invoice,HIGH,invoice_id appears on more than one record,2026-09-14T18:02:42.816798+00:00,ACCOUNTS_RECEIVABLE_00008773,8772,ARINV_00008773,CUST_0143,ENT_US,2024-05-26,2024-06-25,2024-07-16,USD,399.99,Paid,Marketing,SMB
ACCOUNTS_RECEIVABLE_00009105,duplicate_invoice,HIGH,invoice_id appears on more than one record,2026-09-14T18:02:42.816798+00:00,ACCOUNTS_RECEIVABLE_00009105,9104,ARINV_00009105,CUST_0026,ENT_US,2024-07-27,2024-08-11,2024-07-29,USD,1569.34,Paid,,Retail
ACCOUNTS_RECEIVABLE_00009203,duplicate_invoice,HIGH,invoice_id appears on more than one record,2026-09-14T18:02:42.816798+00:00,ACCOUNTS_RECEIVABLE_00009203,9202,ARINV_00009203,CUST_0129,ENT_US,2024-08-19,2024-10-18,2024-10-07,USD,3478.3,Paid,Operations,Enterprise
ACCOUNTS_RECEIVABLE_00009338,duplicate_invoice,HIGH,invoice_id appears on more than one record,2026-09-14T18:02:42.816798+00:00,ACCOUNTS_RECEIVABLE_00009338,9337,ARINV_00009338,CUST_0110,ENT_US,2024-09-15,2024-11-14,2024-11-17,USD,9557.96,Paid,Operations,Enterprise
ACCOUNTS_RECEIVABLE_00009629,duplicate_invoice,HIGH,invoice_id appears on more than one record,2026-09-14T18:02:42.816798+00:00,ACCOUNTS_RECEIVABLE_00009629,9628,ARINV_00009629,CUST_0017,ENT_US,2024-11-21,2025-01-20,2025-01-31,USD,6076.78,Paid,Sales,Enterprise
ACCOUNTS_RECEIVABLE_00009831,duplicate_invoice,HIGH,invoice_id appears on more than one record,2026-09-14T18:02:42.816798+00:00,ACCOUNTS_RECEIVABLE_00009831,9830,ARINV_00009831,CUST_0138,ENT_US,2024-12-27,2025-01-26,2025-01-16,USD,1205.14,Paid,Operations,SMB
ACCOUNTS_RECEIVABLE_00009899,duplicate_invoice,HIGH,invoice_id appears on more than one record,2026-09-14T18:02:42.816798+00:00,ACCOUNTS_RECEIVABLE_00009899,9898,ARINV_00009899,CUST_0052,ENT_US,2025-01-18,2025-02-17,2025-02-21,USD,8344.26,Paid,Sales,SMB
ACCOUNTS_RECEIVABLE_00009923,duplicate_invoice,HIGH,invoice_id appears on more than one record,2026-09-14T18:02:42.816798+00:00,ACCOUNTS_RECEIVABLE_00009923,9922,ARINV_00009923,CUST_0020,ENT_US,2025-01-22,2025-03-23,2025-04-04,USD,16122.23,Paid,Sales,Enterprise
ACCOUNTS_RECEIVABLE_00010024,duplicate_invoice,HIGH,invoice_id appears on more than one record,2026-09-14T18:02:42.816798+00:00,ACCOUNTS_RECEIVABLE_00010024,10023,ARINV_00010024,CUST_0051,ENT_US,2025-01-19,2025-02-18,2025-02-13,USD,209.12,Paid,Marketing,SMB
ACCOUNTS_RECEIVABLE_00010169,duplicate_invoice,HIGH,invoice_id appears on more than one record,2026-09-14T18:02:42.816798+00:00,ACCOUNTS_RECEIVABLE_00010169,10168,ARINV_00010169,CUST_0008,ENT_US,2025-02-05,2025-03-07,2025-03-17,USD,3551.35,Paid,Operations,SMB
ACCOUNTS_RECEIVABLE_00010196,duplicate_invoice,HIGH,invoice_id appears on more than one record,2026-09-14T18:02:42.816798+00:00,ACCOUNTS_RECEIVABLE_00010196,10195,ARINV_00010196,CUST_0158,ENT_US,2025-02-19,2025-03-21,2025-04-02,USD,800.7,Paid,Operations,SMB
ACCOUNTS_RECEIVABLE_00010198,duplicate_invoice,HIGH,invoice_id appears on more than one record,2026-09-14T18:02:42.816798+00:00,ACCOUNTS_RECEIVABLE_00010198,10197,ARINV_00010198,CUST_0028,ENT_US,2025-02-02,2025-03-04,2025-03-09,USD,4490.98,Paid,Operations,SMB
ACCOUNTS_RECEIVABLE_00010216,duplicate_invoice,HIGH,invoice_id appears on more than one record,2026-09-14T18:02:42.816798+00:00,ACCOUNTS_RECEIVABLE_00010216,10215,ARINV_00010216,CUST_0078,ENT_US,2025-02-01,2025-03-03,2025-03-22,USD,869.17,Paid,Marketing,SMB
ACCOUNTS_RECEIVABLE_00010345,duplicate_invoice,HIGH,invoice_id appears on more than one record,2026-09-14T18:02:42.816798+00:00,ACCOUNTS_RECEIVABLE_00010345,10344,ARINV_00010345,CUST_0091,ENT_US,2025-03-02,2025-03-17,2025-02-28,EUR,7004.77,Paid,Operations,Retail
ACCOUNTS_RECEIVABLE_00010367,duplicate_invoice,HIGH,invoice_id appears on more than one record,2026-09-14T18:02:42.816798+00:00,ACCOUNTS_RECEIVABLE_00010367,10366,ARINV_00010367,CUST_0017,ENT_US,2025-03-01,2025-04-30,2025-05-15,USD,1610.28,Paid,Operations,Enterprise
ACCOUNTS_RECEIVABLE_00010403,duplicate_invoice,HIGH,invoice_id appears on more than one record,2026-09-14T18:02:42.816798+00:00,ACCOUNTS_RECEIVABLE_00010403,10402,ARINV_00010403,CUST_0158,ENT_US,2025-03-18,2025-04-17,2025-04-17,USD,2711.83,Paid,Marketing,SMB
ACCOUNTS_RECEIVABLE_00010452,duplicate_invoice,HIGH,invoice_id appears on more than one record,2026-09-14T18:02:42.816798+00:00,ACCOUNTS_RECEIVABLE_00010452,10451,ARINV_00010452,CUST_0091,ENT_US,2025-04-11,2025-04-26,2025-04-25,EUR,2958.51,Paid,Sales,Retail
ACCOUNTS_RECEIVABLE_00010572,duplicate_invoice,HIGH,invoice_id appears on more than one record,2026-09-14T18:02:42.816798+00:00,ACCOUNTS_RECEIVABLE_00010572,10571,ARINV_00010572,CUST_0122,ENT_US,2025-04-08,2025-04-23,2025-04-20,USD,1611.5,Paid,Marketing,Retail
ACCOUNTS_RECEIVABLE_00010694,duplicate_invoice,HIGH,invoice_id appears on more than one record,2026-09-14T18:02:42.816798+00:00,ACCOUNTS_RECEIVABLE_00010694,10693,ARINV_00010694,CUST_0064,ENT_US,2025-05-21,2025-06-20,2025-06-11,USD,446.37,Paid,Operations,SMB
ACCOUNTS_RECEIVABLE_00010727,duplicate_invoice,HIGH,invoice_id appears on more than one record,2026-09-14T18:02:42.816798+00:00,ACCOUNTS_RECEIVABLE_00010727,10726,ARINV_00010727,CUST_0020,ENT_US,2025-05-28,2025-07-27,2025-07-25,USD,787.58,Paid,Marketing,Enterprise
ACCOUNTS_RECEIVABLE_00011064,duplicate_invoice,HIGH,invoice_id appears on more than one record,2026-09-14T18:02:42.816798+00:00,ACCOUNTS_RECEIVABLE_00011064,11063,ARINV_00011064,CUST_0090,ENT_US,2025-07-22,2025-09-20,2025-09-10,USD,1297.24,Paid,Marketing,
ACCOUNTS_RECEIVABLE_00011178,duplicate_invoice,HIGH,invoice_id appears on more than one record,2026-09-14T18:02:42.816798+00:00,ACCOUNTS_RECEIVABLE_00011178,11177,ARINV_00011178,CUST_0020,ENT_US,2025-08-10,2025-10-09,2025-10-21,USD,4271.28,Paid,Sales,Enterprise
ACCOUNTS_RECEIVABLE_00011194,duplicate_invoice,HIGH,invoice_id appears on more than one record,2026-09-14T18:02:42.816798+00:00,ACCOUNTS_RECEIVABLE_00011194,11193,ARINV_00011194,CUST_0058,ENT_US,2025-08-30,2025-09-29,2025-09-22,USD,1858.19,Paid,Operations,SMB
ACCOUNTS_RECEIVABLE_00011325,duplicate_invoice,HIGH,invoice_id appears on more than one record,2026-09-14T18:02:42.816798+00:00,ACCOUNTS_RECEIVABLE_00011325,11324,ARINV_00011325,CUST_0105,ENT_US,2025-09-08,2025-09-23,2025-09-23,USD,1533.21,Paid,Operations,Retail
ACCOUNTS_RECEIVABLE_00011447,duplicate_invoice,HIGH,invoice_id appears on more than one record,2026-09-14T18:02:42.816798+00:00,ACCOUNTS_RECEIVABLE_00011447,11446,ARINV_00011447,CUST_0028,ENT_US,2025-10-17,2025-11-16,2025-11-10,USD,5532.5,Paid,Sales,SMB
ACCOUNTS_RECEIVABLE_00011902,duplicate_invoice,HIGH,invoice_id appears on more than one record,2026-09-14T18:02:42.816798+00:00,ACCOUNTS_RECEIVABLE_00011902,11901,ARINV_00011902,CUST_0051,ENT_US,2025-12-26,2026-01-25,,USD,10963.26,Open,Operations,SMB
ACCOUNTS_RECEIVABLE_00012137,duplicate_invoice,HIGH,invoice_id appears on more than one record,2026-09-14T18:02:42.816798+00:00,ACCOUNTS_RECEIVABLE_00012137,12136,ARINV_00012137,CUST_0146,ENT_UK,2023-01-03,2023-03-04,2023-02-25,GBP,294.46,Paid,Marketing,Enterprise
ACCOUNTS_RECEIVABLE_00012149,duplicate_invoice,HIGH,invoice_id appears on more than one record,2026-09-14T18:02:42.816798+00:00,ACCOUNTS_RECEIVABLE_00012149,12148,ARINV_00012149,CUST_0047,ENT_UK,2023-01-01,2023-01-31,2023-02-03,GBP,331.1,Paid,Marketing,SMB
ACCOUNTS_RECEIVABLE_00012387,duplicate_invoice,HIGH,invoice_id appears on more than one record,2026-09-14T18:02:42.816798+00:00,ACCOUNTS_RECEIVABLE_00012387,12386,ARINV_00012387,CUST_0022,ENT_UK,2023-03-14,2023-03-29,2023-03-19,USD,1514.83,Paid,Sales,Retail
ACCOUNTS_RECEIVABLE_00012406,duplicate_invoice,HIGH,invoice_id appears on more than one record,2026-09-14T18:02:42.816798+00:00,ACCOUNTS_RECEIVABLE_00012406,12405,ARINV_00012406,CUST_0118,ENT_UK,2023-03-15,2023-05-14,2023-05-25,GBP,3267.95,Paid,Operations,Enterprise
ACCOUNTS_RECEIVABLE_00012470,duplicate_invoice,HIGH,invoice_id appears on more than one record,2026-09-14T18:02:42.816798+00:00,ACCOUNTS_RECEIVABLE_00012470,12469,ARINV_00012470,CUST_0148,ENT_UK,2023-03-05,2023-03-20,2023-03-09,GBP,799.57,Paid,Marketing,Retail
ACCOUNTS_RECEIVABLE_00012636,duplicate_invoice,HIGH,invoice_id appears on more than one record,2026-09-14T18:02:42.816798+00:00,ACCOUNTS_RECEIVABLE_00012636,12635,ARINV_00012636,CUST_0019,ENT_UK,2023-04-25,2023-05-25,2023-06-17,GBP,1147.92,Paid,Marketing,SMB
ACCOUNTS_RECEIVABLE_00012659,duplicate_invoice,HIGH,invoice_id appears on more than one record,2026-09-14T18:02:42.816798+00:00,ACCOUNTS_RECEIVABLE_00012659,12658,ARINV_00012659,CUST_0025,ENT_UK,2023-04-15,2023-04-30,2023-04-21,USD,2538.37,Paid,Marketing,Retail
ACCOUNTS_RECEIVABLE_00012684,duplicate_invoice,HIGH,invoice_id appears on more than one record,2026-09-14T18:02:42.816798+00:00,ACCOUNTS_RECEIVABLE_00012684,12683,ARINV_00012684,CUST_0010,ENT_UK,2023-05-22,2023-06-06,2023-06-05,GBP,10312.65,Paid,Sales,Retail
ACCOUNTS_RECEIVABLE_00012935,duplicate_invoice,HIGH,invoice_id appears on more than one record,2026-09-14T18:02:42.816798+00:00,ACCOUNTS_RECEIVABLE_00012935,12934,ARINV_00012935,CUST_0115,ENT_UK,2023-06-12,2023-08-11,2023-08-17,GBP,1559.61,Paid,,Enterprise
ACCOUNTS_RECEIVABLE_00013011,duplicate_invoice,HIGH,invoice_id appears on more than one record,2026-09-14T18:02:42.816798+00:00,ACCOUNTS_RECEIVABLE_00013011,13010,ARINV_00013011,CUST_0076,ENT_UK,2023-06-12,2023-07-12,2023-07-31,GBP,1327.94,Paid,Marketing,SMB
ACCOUNTS_RECEIVABLE_00013239,duplicate_invoice,HIGH,invoice_id appears on more than one record,2026-09-14T18:02:42.816798+00:00,ACCOUNTS_RECEIVABLE_00013239,13238,ARINV_00013239,CUST_0156,ENT_UK,2023-08-10,2023-08-25,2023-08-30,GBP,663.81,Paid,Operations,Retail
ACCOUNTS_RECEIVABLE_00013330,duplicate_invoice,HIGH,invoice_id appears on more than one record,2026-09-14T18:02:42.816798+00:00,ACCOUNTS_RECEIVABLE_00013330,13329,ARINV_00013330,CUST_0174,ENT_UK,2023-08-29,2023-09-13,2023-09-15,USD,136.89,Paid,Marketing,Retail
ACCOUNTS_RECEIVABLE_00013383,duplicate_invoice,HIGH,invoice_id appears on more than one record,2026-09-14T18:02:42.816798+00:00,ACCOUNTS_RECEIVABLE_00013383,13382,ARINV_00013383,CUST_0177,ENT_UK,2023-09-07,2023-09-22,2023-09-24,GBP,10323.84,Paid,Operations,Retail
ACCOUNTS_RECEIVABLE_00013472,duplicate_invoice,HIGH,invoice_id appears on more than one record,2026-09-14T18:02:42.816798+00:00,ACCOUNTS_RECEIVABLE_00013472,13471,ARINV_00013472,CUST_0117,ENT_UK,2023-09-02,2023-11-01,2023-11-16,GBP,807.16,Paid,Marketing,Enterprise
ACCOUNTS_RECEIVABLE_00013573,duplicate_invoice,HIGH,invoice_id appears on more than one record,2026-09-14T18:02:42.816798+00:00,ACCOUNTS_RECEIVABLE_00013573,13572,ARINV_00013573,CUST_0167,ENT_UK,2023-10-03,2023-11-02,2023-11-14,EUR,4939.62,Paid,,SMB
ACCOUNTS_RECEIVABLE_00013593,duplicate_invoice,HIGH,invoice_id appears on more than one record,2026-09-14T18:02:42.816798+00:00,ACCOUNTS_RECEIVABLE_00013593,13592,ARINV_00013593,CUST_0003,ENT_UK,2023-10-06,2023-10-21,2023-10-22,GBP,146.81,Paid,Operations,Retail
ACCOUNTS_RECEIVABLE_00013710,duplicate_invoice,HIGH,invoice_id appears on more than one record,2026-09-14T18:02:42.816798+00:00,ACCOUNTS_RECEIVABLE_00013710,13709,ARINV_00013710,CUST_0118,ENT_UK,2023-11-24,2024-01-23,2024-01-19,GBP,1245.86,Paid,Sales,Enterprise
ACCOUNTS_RECEIVABLE_00013746,duplicate_invoice,HIGH,invoice_id appears on more than one record,2026-09-14T18:02:42.816798+00:00,ACCOUNTS_RECEIVABLE_00013746,13745,ARINV_00013746,CUST_0045,ENT_UK,2023-11-21,2023-12-06,2023-11-24,GBP,7102.36,Paid,Operations,Retail
ACCOUNTS_RECEIVABLE_00013796,duplicate_invoice,HIGH,invoice_id appears on more than one record,2026-09-14T18:02:42.816798+00:00,ACCOUNTS_RECEIVABLE_00013796,13795,ARINV_00013796,CUST_0073,ENT_UK,2023-11-29,2023-12-14,2023-12-10,GBP,435.88,Paid,Operations,Retail
ACCOUNTS_RECEIVABLE_00013829,duplicate_invoice,HIGH,invoice_id appears on more than one record,2026-09-14T18:02:42.816798+00:00,ACCOUNTS_RECEIVABLE_00013829,13828,ARINV_00013829,CUST_0047,ENT_UK,2023-11-07,2023-12-07,2023-12-13,GBP,966.65,Paid,Marketing,SMB
ACCOUNTS_RECEIVABLE_00014367,duplicate_invoice,HIGH,invoice_id appears on more than one record,2026-09-14T18:02:42.816798+00:00,ACCOUNTS_RECEIVABLE_00014367,14366,ARINV_00014367,CUST_0108,ENT_UK,2024-02-03,2024-03-04,2024-03-20,GBP,984.99,Paid,Marketing,SMB
ACCOUNTS_RECEIVABLE_00014450,duplicate_invoice,HIGH,invoice_id appears on more than one record,2026-09-14T18:02:42.816798+00:00,ACCOUNTS_RECEIVABLE_00014450,14449,ARINV_00014450,CUST_0068,ENT_UK,2024-03-02,2024-04-01,2024-04-13,GBP,820.42,Paid,Sales,SMB
ACCOUNTS_RECEIVABLE_00014759,duplicate_invoice,HIGH,invoice_id appears on more than one record,2026-09-14T18:02:42.816798+00:00,ACCOUNTS_RECEIVABLE_00014759,14758,ARINV_00014759,CUST_0102,ENT_UK,2024-05-17,2024-07-16,,USD,285.57,Written Off,Sales,
ACCOUNTS_RECEIVABLE_00014776,duplicate_invoice,HIGH,invoice_id appears on more than one record,2026-09-14T18:02:42.816798+00:00,ACCOUNTS_RECEIVABLE_00014776,14775,ARINV_00014776,CUST_0003,ENT_UK,2024-05-13,2024-05-28,2024-06-03,GBP,2615.08,Paid,Sales,Retail
ACCOUNTS_RECEIVABLE_00014873,duplicate_invoice,HIGH,invoice_id appears on more than one record,2026-09-14T18:02:42.816798+00:00,ACCOUNTS_RECEIVABLE_00014873,14872,ARINV_00014873,CUST_0043,ENT_UK,2024-06-21,2024-08-20,2024-08-16,GBP,10518.74,Paid,Sales,Enterprise
ACCOUNTS_RECEIVABLE_00015082,duplicate_invoice,HIGH,invoice_id appears on more than one record,2026-09-14T18:02:42.816798+00:00,ACCOUNTS_RECEIVABLE_00015082,15081,ARINV_00015082,CUST_0112,ENT_UK,2024-07-26,2024-08-10,2024-08-02,GBP,2827.36,Paid,Operations,Retail
ACCOUNTS_RECEIVABLE_00015112,duplicate_invoice,HIGH,invoice_id appears on more than one record,2026-09-14T18:02:42.816798+00:00,ACCOUNTS_RECEIVABLE_00015112,15111,ARINV_00015112,CUST_0055,ENT_UK,2024-07-20,2024-08-19,2024-08-25,GBP,493.38,Paid,Marketing,SMB
ACCOUNTS_RECEIVABLE_00015570,duplicate_invoice,HIGH,invoice_id appears on more than one record,2026-09-14T18:02:42.816798+00:00,ACCOUNTS_RECEIVABLE_00015570,15569,ARINV_00015570,CUST_0106,ENT_UK,2024-10-12,2024-11-11,2024-11-27,GBP,2952.71,Paid,,SMB
ACCOUNTS_RECEIVABLE_00015621,duplicate_invoice,HIGH,invoice_id appears on more than one record,2026-09-14T18:02:42.816798+00:00,ACCOUNTS_RECEIVABLE_00015621,15620,ARINV_00015621,CUST_0063,ENT_UK,2024-10-11,2024-11-10,2024-11-20,GBP,680.08,Paid,Marketing,SMB
ACCOUNTS_RECEIVABLE_00015773,duplicate_invoice,HIGH,invoice_id appears on more than one record,2026-09-14T18:02:42.816798+00:00,ACCOUNTS_RECEIVABLE_00015773,15772,ARINV_00015773,CUST_0086,ENT_UK,2024-11-21,2024-12-06,2024-12-19,GBP,878.98,Paid,Operations,Retail
ACCOUNTS_RECEIVABLE_00015779,duplicate_invoice,HIGH,invoice_id appears on more than one record,2026-09-14T18:02:42.816798+00:00,ACCOUNTS_RECEIVABLE_00015779,15778,ARINV_00015779,CUST_0081,ENT_UK,2024-11-28,2024-12-13,2024-12-23,GBP,306.99,Paid,Operations,Retail
ACCOUNTS_RECEIVABLE_00015909,duplicate_invoice,HIGH,invoice_id appears on more than one record,2026-09-14T18:02:42.816798+00:00,ACCOUNTS_RECEIVABLE_00015909,15908,ARINV_00015909,CUST_0005,ENT_UK,2024-12-29,2025-02-27,2025-03-16,GBP,2539.61,Paid,Operations,Enterprise
ACCOUNTS_RECEIVABLE_00016194,duplicate_invoice,HIGH,invoice_id appears on more than one record,2026-09-14T18:02:42.816798+00:00,ACCOUNTS_RECEIVABLE_00016194,16193,ARINV_00016194,CUST_0178,ENT_UK,2025-02-10,2025-03-12,2025-04-02,GBP,2996.64,Paid,Sales,SMB
ACCOUNTS_RECEIVABLE_00016765,duplicate_invoice,HIGH,invoice_id appears on more than one record,2026-09-14T18:02:42.816798+00:00,ACCOUNTS_RECEIVABLE_00016765,16764,ARINV_00016765,CUST_0022,ENT_UK,2025-05-18,2025-06-02,2025-05-25,USD,2681.24,Paid,Operations,Retail
ACCOUNTS_RECEIVABLE_00016791,duplicate_invoice,HIGH,invoice_id appears on more than one record,2026-09-14T18:02:42.816798+00:00,ACCOUNTS_RECEIVABLE_00016791,16790,ARINV_00016791,CUST_0073,ENT_UK,2025-05-29,2025-06-13,2025-06-10,GBP,1764.01,Paid,Operations,Retail
ACCOUNTS_RECEIVABLE_00016811,duplicate_invoice,HIGH,invoice_id appears on more than one record,2026-09-14T18:02:42.816798+00:00,ACCOUNTS_RECEIVABLE_00016811,16810,ARINV_00016811,CUST_0118,ENT_UK,2025-05-23,2025-07-22,2025-07-09,GBP,968.25,Paid,Marketing,Enterprise
ACCOUNTS_RECEIVABLE_00017044,duplicate_invoice,HIGH,invoice_id appears on more than one record,2026-09-14T18:02:42.816798+00:00,ACCOUNTS_RECEIVABLE_00017044,17043,ARINV_00017044,CUST_0137,ENT_UK,2025-07-26,2025-08-10,2025-08-15,GBP,5019.7,Paid,Sales,Retail
ACCOUNTS_RECEIVABLE_00017142,duplicate_invoice,HIGH,invoice_id appears on more than one record,2026-09-14T18:02:42.816798+00:00,ACCOUNTS_RECEIVABLE_00017142,17141,ARINV_00017142,CUST_0021,ENT_UK,2025-07-16,2025-09-14,2025-09-15,GBP,638.39,Paid,Marketing,Enterprise
ACCOUNTS_RECEIVABLE_00017231,duplicate_invoice,HIGH,invoice_id appears on more than one record,2026-09-14T18:02:42.816798+00:00,ACCOUNTS_RECEIVABLE_00017231,17230,ARINV_00017231,CUST_0161,ENT_UK,2025-08-04,2025-10-03,2025-10-21,GBP,5036.2,Paid,Sales,Enterprise
ACCOUNTS_RECEIVABLE_00017332,duplicate_invoice,HIGH,invoice_id appears on more than one record,2026-09-14T18:02:42.816798+00:00,ACCOUNTS_RECEIVABLE_00017332,17331,ARINV_00017332,CUST_0041,ENT_UK,2025-08-20,2025-09-19,2025-09-15,GBP,265.69,Paid,Marketing,SMB
ACCOUNTS_RECEIVABLE_00017408,duplicate_invoice,HIGH,invoice_id appears on more than one record,2026-09-14T18:02:42.816798+00:00,ACCOUNTS_RECEIVABLE_00017408,17407,ARINV_00017408,CUST_0161,ENT_UK,2025-09-04,2025-11-03,2025-11-04,GBP,12607.04,Paid,Sales,Enterprise
ACCOUNTS_RECEIVABLE_00017565,duplicate_invoice,HIGH,invoice_id appears on more than one record,2026-09-14T18:02:42.816798+00:00,ACCOUNTS_RECEIVABLE_00017565,17564,ARINV_00017565,CUST_0167,ENT_UK,2025-10-19,2025-11-18,2025-10-18,EUR,1687.58,Paid,Sales,SMB
ACCOUNTS_RECEIVABLE_00017572,duplicate_invoice,HIGH,invoice_id appears on more than one record,2026-09-14T18:02:42.816798+00:00,ACCOUNTS_RECEIVABLE_00017572,17571,ARINV_00017572,CUST_0156,ENT_UK,2025-10-31,2025-11-15,2025-11-05,GBP,8938.41,Paid,Sales,Retail
ACCOUNTS_RECEIVABLE_00017578,duplicate_invoice,HIGH,invoice_id appears on more than one record,2026-09-14T18:02:42.816798+00:00,ACCOUNTS_RECEIVABLE_00017578,17577,ARINV_00017578,CUST_0178,ENT_UK,2025-10-26,2025-11-25,2025-11-08,GBP,2740.62,Paid,Sales,SMB
ACCOUNTS_RECEIVABLE_00017659,duplicate_invoice,HIGH,invoice_id appears on more than one record,2026-09-14T18:02:42.816798+00:00,ACCOUNTS_RECEIVABLE_00017659,17658,ARINV_00017659,CUST_0174,ENT_UK,2025-10-01,2025-10-16,2025-10-02,USD,1302.53,Paid,Operations,Retail
ACCOUNTS_RECEIVABLE_00017705,duplicate_invoice,HIGH,invoice_id appears on more than one record,2026-09-14T18:02:42.816798+00:00,ACCOUNTS_RECEIVABLE_00017705,17704,ARINV_00017705,CUST_0067,ENT_UK,2025-10-21,2025-11-05,2025-11-11,GBP,1823.98,Paid,Marketing,Retail
ACCOUNTS_RECEIVABLE_00017852,duplicate_invoice,HIGH,invoice_id appears on more than one record,2026-09-14T18:02:42.816798+00:00,ACCOUNTS_RECEIVABLE_00017852,17851,ARINV_00017852,CUST_0126,ENT_UK,2025-11-18,2025-12-18,2025-12-25,GBP,838.29,Paid,Marketing,
ACCOUNTS_RECEIVABLE_00018045,duplicate_invoice,HIGH,invoice_id appears on more than one record,2026-09-14T18:02:42.816798+00:00,ACCOUNTS_RECEIVABLE_00018045,18044,ARINV_00001460,CUST_0050,ENT_EU,2023-09-30,2023-11-29,2023-11-14,EUR,11029.41,Paid,Operations,Enterprise
ACCOUNTS_RECEIVABLE_00018046,duplicate_invoice,HIGH,invoice_id appears on more than one record,2026-09-14T18:02:42.816798+00:00,ACCOUNTS_RECEIVABLE_00018046,18045,ARINV_00013573,CUST_0167,ENT_UK,2023-10-03,2023-11-02,2023-11-14,EUR,4939.62,Paid,Operations,SMB
ACCOUNTS_RECEIVABLE_00018047,duplicate_invoice,HIGH,invoice_id appears on more than one record,2026-09-14T18:02:42.816798+00:00,ACCOUNTS_RECEIVABLE_00018047,18046,ARINV_00004583,CUST_0083,ENT_EU,2025-04-22,2025-05-22,2025-06-07,EUR,1139.11,Paid,Sales,SMB
ACCOUNTS_RECEIVABLE_00018048,duplicate_invoice,HIGH,invoice_id appears on more than one record,2026-09-14T18:02:42.816798+00:00,ACCOUNTS_RECEIVABLE_00018048,18047,ARINV_00017705,CUST_0067,ENT_UK,2025-10-21,2025-11-05,2025-11-11,GBP,1823.98,Paid,Marketing,Retail
ACCOUNTS_RECEIVABLE_00018049,duplicate_invoice,HIGH,invoice_id appears on more than one record,2026-09-14T18:02:42.816798+00:00,ACCOUNTS_RECEIVABLE_00018049,18048,ARINV_00005048,CUST_0084,ENT_EU,2025-07-18,2025-08-02,,EUR,20249.89,Written Off,Sales,Retail
ACCOUNTS_RECEIVABLE_00018050,duplicate_invoice,HIGH,invoice_id appears on more than one record,2026-09-14T18:02:42.816798+00:00,ACCOUNTS_RECEIVABLE_00018050,18049,ARINV_00005533,CUST_0012,ENT_EU,2025-10-10,2025-11-09,2025-11-18,EUR,957.86,Paid,,SMB
ACCOUNTS_RECEIVABLE_00018051,duplicate_invoice,HIGH,invoice_id appears on more than one record,2026-09-14T18:02:42.816798+00:00,ACCOUNTS_RECEIVABLE_00018051,18050,ARINV_00013710,CUST_0118,ENT_UK,2023-11-24,2024-01-23,2024-01-19,GBP,1245.86,Paid,Sales,
ACCOUNTS_RECEIVABLE_00018052,duplicate_invoice,HIGH,invoice_id appears on more than one record,2026-09-14T18:02:42.816798+00:00,ACCOUNTS_RECEIVABLE_00018052,18051,ARINV_00011902,CUST_0051,ENT_US,2025-12-26,2026-01-25,,USD,10963.26,Open,Operations,SMB
ACCOUNTS_RECEIVABLE_00018053,duplicate_invoice,HIGH,invoice_id appears on more than one record,2026-09-14T18:02:42.816798+00:00,ACCOUNTS_RECEIVABLE_00018053,18052,ARINV_00015082,CUST_0112,ENT_UK,2024-07-26,2024-08-10,2024-08-02,GBP,2827.36,Paid,Operations,Retail
ACCOUNTS_RECEIVABLE_00018054,duplicate_invoice,HIGH,invoice_id appears on more than one record,2026-09-14T18:02:42.816798+00:00,ACCOUNTS_RECEIVABLE_00018054,18053,ARINV_00013011,CUST_0076,ENT_UK,2023-06-12,2023-07-12,2023-07-31,GBP,1327.94,Paid,Marketing,SMB
ACCOUNTS_RECEIVABLE_00018055,duplicate_invoice,HIGH,invoice_id appears on more than one record,2026-09-14T18:02:42.816798+00:00,ACCOUNTS_RECEIVABLE_00018055,18054,ARINV_00001096,CUST_0011,ENT_EU,2023-07-27,2023-08-11,2023-08-23,GBP,2356.48,Paid,Operations,Retail
ACCOUNTS_RECEIVABLE_00018056,duplicate_invoice,HIGH,invoice_id appears on more than one record,2026-09-14T18:02:42.816798+00:00,ACCOUNTS_RECEIVABLE_00018056,18055,ARINV_00002765,CUST_0044,ENT_EU,2024-05-08,2024-06-07,2024-07-17,EUR,4457.31,Paid,Sales,SMB
ACCOUNTS_RECEIVABLE_00018057,duplicate_invoice,HIGH,invoice_id appears on more than one record,2026-09-14T18:02:42.816798+00:00,ACCOUNTS_RECEIVABLE_00018057,18056,ARINV_00017142,CUST_0021,ENT_UK,2025-07-16,2025-09-14,2025-09-15,GBP,638.39,Paid,Marketing,Enterprise
ACCOUNTS_RECEIVABLE_00018058,duplicate_invoice,HIGH,invoice_id appears on more than one record,2026-09-14T18:02:42.816798+00:00,ACCOUNTS_RECEIVABLE_00018058,18057,ARINV_00001308,CUST_0128,ENT_EU,2023-08-11,2023-08-26,2023-08-11,EUR,2642.99,Paid,Operations,Retail
ACCOUNTS_RECEIVABLE_00018059,duplicate_invoice,HIGH,invoice_id appears on more than one record,2026-09-14T18:02:42.816798+00:00,ACCOUNTS_RECEIVABLE_00018059,18058,ARINV_00003749,CUST_0006,ENT_EU,2024-10-16,2024-11-15,2024-11-16,EUR,1078.0,Paid,Marketing,SMB
ACCOUNTS_RECEIVABLE_00018060,duplicate_invoice,HIGH,invoice_id appears on more than one record,2026-09-14T18:02:42.816798+00:00,ACCOUNTS_RECEIVABLE_00018060,18059,ARINV_00009105,CUST_0026,ENT_US,2024-07-27,2024-08-11,2024-07-29,USD,1569.34,Paid,Marketing,Retail
ACCOUNTS_RECEIVABLE_00018061,duplicate_invoice,HIGH,invoice_id appears on more than one record,2026-09-14T18:02:42.816798+00:00,ACCOUNTS_RECEIVABLE_00018061,18060,ARINV_00014759,CUST_0102,ENT_UK,2024-05-17,2024-07-16,,USD,285.57,Written Off,Sales,Enterprise
ACCOUNTS_RECEIVABLE_00018062,duplicate_invoice,HIGH,invoice_id appears on more than one record,2026-09-14T18:02:42.816798+00:00,ACCOUNTS_RECEIVABLE_00018062,18061,ARINV_00001973,CUST_0119,ENT_EU,2023-12-26,2024-01-10,2024-01-04,EUR,3077.39,Paid,Sales,Retail
ACCOUNTS_RECEIVABLE_00018063,duplicate_invoice,HIGH,invoice_id appears on more than one record,2026-09-14T18:02:42.816798+00:00,ACCOUNTS_RECEIVABLE_00018063,18062,ARINV_00001576,CUST_0121,ENT_EU,2023-10-01,2023-10-16,2023-10-09,EUR,6854.86,Paid,Sales,Retail
ACCOUNTS_RECEIVABLE_00018064,duplicate_invoice,HIGH,invoice_id appears on more than one record,2026-09-14T18:02:42.816798+00:00,ACCOUNTS_RECEIVABLE_00018064,18063,ARINV_00010198,CUST_0028,ENT_US,2025-02-02,2025-03-04,2025-03-09,USD,4490.98,Paid,Operations,SMB
ACCOUNTS_RECEIVABLE_00018065,duplicate_invoice,HIGH,invoice_id appears on more than one record,2026-09-14T18:02:42.816798+00:00,ACCOUNTS_RECEIVABLE_00018065,18064,ARINV_00015621,CUST_0063,ENT_UK,2024-10-11,2024-11-10,2024-11-20,GBP,680.08,Paid,Marketing,SMB
ACCOUNTS_RECEIVABLE_00018066,duplicate_invoice,HIGH,invoice_id appears on more than one record,2026-09-14T18:02:42.816798+00:00,ACCOUNTS_RECEIVABLE_00018066,18065,ARINV_00005195,CUST_0100,ENT_EU,2025-08-06,2025-09-05,2025-09-22,EUR,4423.86,Paid,Sales,SMB
ACCOUNTS_RECEIVABLE_00018067,duplicate_invoice,HIGH,invoice_id appears on more than one record,2026-09-14T18:02:42.816798+00:00,ACCOUNTS_RECEIVABLE_00018067,18066,ARINV_00004289,CUST_0071,ENT_EU,2025-02-01,2025-04-02,2025-03-31,EUR,7168.72,Paid,Operations,Enterprise
ACCOUNTS_RECEIVABLE_00018068,duplicate_invoice,HIGH,invoice_id appears on more than one record,2026-09-14T18:02:42.816798+00:00,ACCOUNTS_RECEIVABLE_00018068,18067,ARINV_00001564,CUST_0095,ENT_EU,2023-09-15,2023-09-30,2023-10-01,EUR,6035.15,Paid,Marketing,Retail
ACCOUNTS_RECEIVABLE_00018069,duplicate_invoice,HIGH,invoice_id appears on more than one record,2026-09-14T18:02:42.816798+00:00,ACCOUNTS_RECEIVABLE_00018069,18068,ARINV_00006507,CUST_0172,ENT_US,2023-03-13,2023-04-12,2023-04-07,USD,1346.57,Paid,Marketing,SMB
ACCOUNTS_RECEIVABLE_00018070,duplicate_invoice,HIGH,invoice_id appears on more than one record,2026-09-14T18:02:42.816798+00:00,ACCOUNTS_RECEIVABLE_00018070,18069,ARINV_00009831,CUST_0138,ENT_US,2024-12-27,2025-01-26,2025-01-16,USD,1205.14,Paid,Operations,
ACCOUNTS_RECEIVABLE_00018071,duplicate_invoice,HIGH,invoice_id appears on more than one record,2026-09-14T18:02:42.816798+00:00,ACCOUNTS_RECEIVABLE_00018071,18070,ARINV_00002736,CUST_0048,ENT_EU,2024-04-06,2024-04-21,2024-04-13,EUR,1777.17,Paid,Marketing,Retail
ACCOUNTS_RECEIVABLE_00018072,duplicate_invoice,HIGH,invoice_id appears on more than one record,2026-09-14T18:02:42.816798+00:00,ACCOUNTS_RECEIVABLE_00018072,18071,ARINV_00006963,CUST_0020,ENT_US,2023-06-28,2023-08-27,2023-08-25,USD,993.92,Paid,Operations,Enterprise
ACCOUNTS_RECEIVABLE_00018073,duplicate_invoice,HIGH,invoice_id appears on more than one record,2026-09-14T18:02:42.816798+00:00,ACCOUNTS_RECEIVABLE_00018073,18072,ARINV_00008735,CUST_0138,ENT_US,2024-05-30,2024-06-29,2024-06-19,USD,10121.34,Paid,Operations,SMB
ACCOUNTS_RECEIVABLE_00018074,duplicate_invoice,HIGH,invoice_id appears on more than one record,2026-09-14T18:02:42.816798+00:00,ACCOUNTS_RECEIVABLE_00018074,18073,ARINV_00017408,CUST_0161,ENT_UK,2025-09-04,2025-11-03,2025-11-04,GBP,12607.04,Paid,Sales,Enterprise
ACCOUNTS_RECEIVABLE_00018075,duplicate_invoice,HIGH,invoice_id appears on more than one record,2026-09-14T18:02:42.816798+00:00,ACCOUNTS_RECEIVABLE_00018075,18074,ARINV_00012137,CUST_0146,ENT_UK,2023-01-03,2023-03-04,2023-02-25,GBP,294.46,Paid,Marketing,Enterprise
ACCOUNTS_RECEIVABLE_00018076,duplicate_invoice,HIGH,invoice_id appears on more than one record,2026-09-14T18:02:42.816798+00:00,ACCOUNTS_RECEIVABLE_00018076,18075,ARINV_00012406,CUST_0118,ENT_UK,2023-03-15,2023-05-14,2023-05-25,GBP,3267.95,Paid,Operations,Enterprise
ACCOUNTS_RECEIVABLE_00018077,duplicate_invoice,HIGH,invoice_id appears on more than one record,2026-09-14T18:02:42.816798+00:00,ACCOUNTS_RECEIVABLE_00018077,18076,ARINV_00017565,CUST_0167,ENT_UK,2025-10-19,2025-11-18,2025-10-18,EUR,1687.58,Paid,Sales,SMB
ACCOUNTS_RECEIVABLE_00018078,duplicate_invoice,HIGH,invoice_id appears on more than one record,2026-09-14T18:02:42.816798+00:00,ACCOUNTS_RECEIVABLE_00018078,18077,ARINV_00009338,CUST_0110,ENT_US,2024-09-15,2024-11-14,2024-11-17,USD,9557.96,Paid,Operations,Enterprise
ACCOUNTS_RECEIVABLE_00018079,duplicate_invoice,HIGH,invoice_id appears on more than one record,2026-09-14T18:02:42.816798+00:00,ACCOUNTS_RECEIVABLE_00018079,18078,ARINV_00001755,CUST_0077,ENT_EU,2023-11-27,2024-01-26,2024-02-12,EUR,4963.18,Paid,,Enterprise
ACCOUNTS_RECEIVABLE_00018080,duplicate_invoice,HIGH,invoice_id appears on more than one record,2026-09-14T18:02:42.816798+00:00,ACCOUNTS_RECEIVABLE_00018080,18079,ARINV_00010452,CUST_0091,ENT_US,2025-04-11,2025-04-26,2025-04-25,,2958.51,Paid,Sales,Retail
ACCOUNTS_RECEIVABLE_00018081,duplicate_invoice,HIGH,invoice_id appears on more than one record,2026-09-14T18:02:42.816798+00:00,ACCOUNTS_RECEIVABLE_00018081,18080,ARINV_00012149,CUST_0047,ENT_UK,2023-01-01,2023-01-31,2023-02-03,GBP,331.1,Paid,,SMB
ACCOUNTS_RECEIVABLE_00018082,duplicate_invoice,HIGH,invoice_id appears on more than one record,2026-09-14T18:02:42.816798+00:00,ACCOUNTS_RECEIVABLE_00018082,18081,ARINV_00009899,CUST_0052,ENT_US,2025-01-18,2025-02-17,2025-02-21,USD,8344.26,Paid,Sales,SMB
ACCOUNTS_RECEIVABLE_00018083,duplicate_invoice,HIGH,invoice_id appears on more than one record,2026-09-14T18:02:42.816798+00:00,ACCOUNTS_RECEIVABLE_00018083,18082,ARINV_00009923,CUST_0020,ENT_US,2025-01-22,2025-03-23,2025-04-04,USD,16122.23,Paid,,Enterprise
ACCOUNTS_RECEIVABLE_00018084,duplicate_invoice,HIGH,invoice_id appears on more than one record,2026-09-14T18:02:42.816798+00:00,ACCOUNTS_RECEIVABLE_00018084,18083,ARINV_00002325,CUST_0038,ENT_EU,2024-02-02,2024-03-03,2024-03-08,EUR,4359.69,Paid,Operations,SMB
ACCOUNTS_RECEIVABLE_00018085,duplicate_invoice,HIGH,invoice_id appears on more than one record,2026-09-14T18:02:42.816798+00:00,ACCOUNTS_RECEIVABLE_00018085,18084,ARINV_00004086,CUST_0096,ENT_EU,2024-12-19,2025-01-03,2025-01-02,EUR,1174.39,Paid,Marketing,Retail
ACCOUNTS_RECEIVABLE_00018086,duplicate_invoice,HIGH,invoice_id appears on more than one record,2026-09-14T18:02:42.816798+00:00,ACCOUNTS_RECEIVABLE_00018086,18085,ARINV_00008403,CUST_0173,ENT_US,2024-03-22,2024-04-21,2024-05-22,USD,4958.44,Paid,Operations,SMB
ACCOUNTS_RECEIVABLE_00018087,duplicate_invoice,HIGH,invoice_id appears on more than one record,2026-09-14T18:02:42.816798+00:00,ACCOUNTS_RECEIVABLE_00018087,18086,ARINV_00000907,CUST_0150,ENT_EU,2023-06-28,2023-07-13,2023-07-15,EUR,676.49,Paid,Sales,Retail
ACCOUNTS_RECEIVABLE_00018088,duplicate_invoice,HIGH,invoice_id appears on more than one record,2026-09-14T18:02:42.816798+00:00,ACCOUNTS_RECEIVABLE_00018088,18087,ARINV_00008773,CUST_0143,ENT_US,2024-05-26,2024-06-25,2024-07-16,USD,399.99,Paid,Marketing,SMB
ACCOUNTS_RECEIVABLE_00018089,duplicate_invoice,HIGH,invoice_id appears on more than one record,2026-09-14T18:02:42.816798+00:00,ACCOUNTS_RECEIVABLE_00018089,18088,ARINV_00017231,CUST_0161,ENT_UK,2025-08-04,2025-10-03,2025-10-21,GBP,5036.2,Paid,Sales,Enterprise
ACCOUNTS_RECEIVABLE_00018090,duplicate_invoice,HIGH,invoice_id appears on more than one record,2026-09-14T18:02:42.816798+00:00,ACCOUNTS_RECEIVABLE_00018090,18089,ARINV_00013746,CUST_0045,ENT_UK,2023-11-21,2023-12-06,2023-11-24,GBP,7102.36,Paid,Operations,Retail
ACCOUNTS_RECEIVABLE_00018091,duplicate_invoice,HIGH,invoice_id appears on more than one record,2026-09-14T18:02:42.816798+00:00,ACCOUNTS_RECEIVABLE_00018091,18090,ARINV_00010345,CUST_0091,ENT_US,2025-03-02,2025-03-17,2025-02-28,EUR,7004.77,Paid,Operations,Retail
ACCOUNTS_RECEIVABLE_00018092,duplicate_invoice,HIGH,invoice_id appears on more than one record,2026-09-14T18:02:42.816798+00:00,ACCOUNTS_RECEIVABLE_00018092,18091,ARINV_00013593,CUST_0003,ENT_UK,2023-10-06,2023-10-21,2023-10-22,GBP,146.81,Paid,Operations,Retail
ACCOUNTS_RECEIVABLE_00018093,duplicate_invoice,HIGH,invoice_id appears on more than one record,2026-09-14T18:02:42.816798+00:00,ACCOUNTS_RECEIVABLE_00018093,18092,ARINV_00004667,CUST_0048,ENT_EU,2025-04-08,2025-04-23,2025-04-15,EUR,1350.3,Paid,,Retail
ACCOUNTS_RECEIVABLE_00018094,duplicate_invoice,HIGH,invoice_id appears on more than one record,2026-09-14T18:02:42.816798+00:00,ACCOUNTS_RECEIVABLE_00018094,18093,ARINV_00014873,CUST_0043,ENT_UK,2024-06-21,2024-08-20,2024-08-16,GBP,10518.74,Paid,Sales,Enterprise
ACCOUNTS_RECEIVABLE_00018095,duplicate_invoice,HIGH,invoice_id appears on more than one record,2026-09-14T18:02:42.816798+00:00,ACCOUNTS_RECEIVABLE_00018095,18094,ARINV_00001312,CUST_0097,ENT_EU,2023-08-24,2023-09-23,2023-09-10,EUR,3501.81,Paid,Operations,SMB
ACCOUNTS_RECEIVABLE_00018096,duplicate_invoice,HIGH,invoice_id appears on more than one record,2026-09-14T18:02:42.816798+00:00,ACCOUNTS_RECEIVABLE_00018096,18095,ARINV_00005251,CUST_0037,ENT_EU,2025-08-16,2025-10-15,2025-10-04,EUR,7292.63,Paid,Operations,Enterprise
ACCOUNTS_RECEIVABLE_00018097,duplicate_invoice,HIGH,invoice_id appears on more than one record,2026-09-14T18:02:42.816798+00:00,ACCOUNTS_RECEIVABLE_00018097,18096,ARINV_00007015,CUST_0110,ENT_US,2023-06-16,2023-08-15,,USD,793.94,Written Off,Marketing,Enterprise
ACCOUNTS_RECEIVABLE_00018098,duplicate_invoice,HIGH,invoice_id appears on more than one record,2026-09-14T18:02:42.816798+00:00,ACCOUNTS_RECEIVABLE_00018098,18097,ARINV_00002875,CUST_0088,ENT_EU,2024-05-13,2024-05-28,2024-05-26,EUR,1718.54,Paid,,Retail
ACCOUNTS_RECEIVABLE_00018099,duplicate_invoice,HIGH,invoice_id appears on more than one record,2026-09-14T18:02:42.816798+00:00,ACCOUNTS_RECEIVABLE_00018099,18098,ARINV_00000749,CUST_0050,ENT_EU,2023-05-11,2023-07-10,2023-07-27,EUR,1931.51,Paid,Sales,Enterprise
ACCOUNTS_RECEIVABLE_00018100,duplicate_invoice,HIGH,invoice_id appears on more than one record,2026-09-14T18:02:42.816798+00:00,ACCOUNTS_RECEIVABLE_00018100,18099,ARINV_00010216,CUST_0078,ENT_US,2025-02-01,2025-03-03,2025-03-22,USD,869.17,Paid,Marketing,SMB
ACCOUNTS_RECEIVABLE_00018101,duplicate_invoice,HIGH,invoice_id appears on more than one record,2026-09-14T18:02:42.816798+00:00,ACCOUNTS_RECEIVABLE_00018101,18100,ARINV_00013239,CUST_0156,ENT_UK,2023-08-10,2023-08-25,2023-08-30,GBP,663.81,Paid,Operations,Retail
ACCOUNTS_RECEIVABLE_00018102,duplicate_invoice,HIGH,invoice_id appears on more than one record,2026-09-14T18:02:42.816798+00:00,ACCOUNTS_RECEIVABLE_00018102,18101,ARINV_00004217,CUST_0097,ENT_EU,2025-01-14,2025-02-13,2025-02-04,EUR,1250.62,Paid,Marketing,SMB
ACCOUNTS_RECEIVABLE_00018103,duplicate_invoice,HIGH,invoice_id appears on more than one record,2026-09-14T18:02:42.816798+00:00,ACCOUNTS_RECEIVABLE_00018103,18102,ARINV_00017659,CUST_0174,ENT_UK,2025-10-01,2025-10-16,2025-10-02,USD,1302.53,Paid,,Retail
ACCOUNTS_RECEIVABLE_00018104,duplicate_invoice,HIGH,invoice_id appears on more than one record,2026-09-14T18:02:42.816798+00:00,ACCOUNTS_RECEIVABLE_00018104,18103,ARINV_00014776,CUST_0003,ENT_UK,2024-05-13,2024-05-28,2024-06-03,GBP,2615.08,Paid,Sales,Retail
ACCOUNTS_RECEIVABLE_00018105,duplicate_invoice,HIGH,invoice_id appears on more than one record,2026-09-14T18:02:42.816798+00:00,ACCOUNTS_RECEIVABLE_00018105,18104,ARINV_00015779,CUST_0081,ENT_UK,2024-11-28,2024-12-13,2024-12-23,GBP,306.99,Paid,Operations,Retail
ACCOUNTS_RECEIVABLE_00018106,duplicate_invoice,HIGH,invoice_id appears on more than one record,2026-09-14T18:02:42.816798+00:00,ACCOUNTS_RECEIVABLE_00018106,18105,ARINV_00005114,CUST_0104,ENT_EU,2025-07-15,2025-08-14,2025-09-06,EUR,16739.81,Paid,Operations,SMB
ACCOUNTS_RECEIVABLE_00018107,duplicate_invoice,HIGH,invoice_id appears on more than one record,2026-09-14T18:02:42.816798+00:00,ACCOUNTS_RECEIVABLE_00018107,18106,ARINV_00002948,CUST_0037,ENT_EU,2024-06-28,2024-08-27,2024-08-13,EUR,1759.14,Paid,Sales,Enterprise
ACCOUNTS_RECEIVABLE_00018108,duplicate_invoice,HIGH,invoice_id appears on more than one record,2026-09-14T18:02:42.816798+00:00,ACCOUNTS_RECEIVABLE_00018108,18107,ARINV_00013383,CUST_0177,ENT_UK,2023-09-07,2023-09-22,2023-09-24,GBP,10323.84,Paid,Operations,Retail
ACCOUNTS_RECEIVABLE_00018109,duplicate_invoice,HIGH,invoice_id appears on more than one record,2026-09-14T18:02:42.816798+00:00,ACCOUNTS_RECEIVABLE_00018109,18108,ARINV_00003114,CUST_0119,ENT_EU,2024-07-23,2024-08-07,2024-08-22,EUR,5791.06,Paid,Sales,Retail
ACCOUNTS_RECEIVABLE_00018110,duplicate_invoice,HIGH,invoice_id appears on more than one record,2026-09-14T18:02:42.816798+00:00,ACCOUNTS_RECEIVABLE_00018110,18109,ARINV_00002018,CUST_0163,ENT_EU,2023-12-17,2024-02-15,2024-02-19,EUR,2235.31,Paid,Operations,Enterprise
ACCOUNTS_RECEIVABLE_00018111,duplicate_invoice,HIGH,invoice_id appears on more than one record,2026-09-14T18:02:42.816798+00:00,ACCOUNTS_RECEIVABLE_00018111,18110,ARINV_00012935,CUST_0115,ENT_UK,2023-06-12,2023-08-11,2023-08-17,GBP,1559.61,Paid,Operations,Enterprise
ACCOUNTS_RECEIVABLE_00018112,duplicate_invoice,HIGH,invoice_id appears on more than one record,2026-09-14T18:02:42.816798+00:00,ACCOUNTS_RECEIVABLE_00018112,18111,ARINV_00015909,CUST_0005,ENT_UK,2024-12-29,2025-02-27,2025-03-16,GBP,2539.61,Paid,Operations,Enterprise
ACCOUNTS_RECEIVABLE_00018113,duplicate_invoice,HIGH,invoice_id appears on more than one record,2026-09-14T18:02:42.816798+00:00,ACCOUNTS_RECEIVABLE_00018113,18112,ARINV_00016194,CUST_0178,ENT_UK,2025-02-10,2025-03-12,2025-04-02,GBP,2996.64,Paid,Sales,SMB
ACCOUNTS_RECEIVABLE_00018114,duplicate_invoice,HIGH,invoice_id appears on more than one record,2026-09-14T18:02:42.816798+00:00,ACCOUNTS_RECEIVABLE_00018114,18113,ARINV_00011325,CUST_0105,ENT_US,2025-09-08,2025-09-23,2025-09-23,USD,1533.21,Paid,Operations,Retail
ACCOUNTS_RECEIVABLE_00018115,duplicate_invoice,HIGH,invoice_id appears on more than one record,2026-09-14T18:02:42.816798+00:00,ACCOUNTS_RECEIVABLE_00018115,18114,ARINV_00000038,CUST_0018,ENT_EU,2023-01-04,2023-02-03,2023-03-14,EUR,7528.43,Paid,Sales,SMB
ACCOUNTS_RECEIVABLE_00018116,duplicate_invoice,HIGH,invoice_id appears on more than one record,2026-09-14T18:02:42.816798+00:00,ACCOUNTS_RECEIVABLE_00018116,18115,ARINV_00000282,CUST_0132,ENT_EU,2023-02-09,2023-04-10,2023-04-27,EUR,2505.52,Paid,Operations,Enterprise
ACCOUNTS_RECEIVABLE_00018117,duplicate_invoice,HIGH,invoice_id appears on more than one record,2026-09-14T18:02:42.816798+00:00,ACCOUNTS_RECEIVABLE_00018117,18116,ARINV_00014450,CUST_0068,ENT_UK,2024-03-02,2024-04-01,2024-04-13,GBP,820.42,Paid,Sales,SMB
ACCOUNTS_RECEIVABLE_00018118,duplicate_invoice,HIGH,invoice_id appears on more than one record,2026-09-14T18:02:42.816798+00:00,ACCOUNTS_RECEIVABLE_00018118,18117,ARINV_00010169,CUST_0008,ENT_US,2025-02-05,2025-03-07,2025-03-17,USD,3551.35,Paid,,SMB
ACCOUNTS_RECEIVABLE_00018119,duplicate_invoice,HIGH,invoice_id appears on more than one record,2026-09-14T18:02:42.816798+00:00,ACCOUNTS_RECEIVABLE_00018119,18118,ARINV_00012684,CUST_0010,ENT_UK,2023-05-22,2023-06-06,2023-06-05,GBP,10312.65,Paid,Sales,Retail
ACCOUNTS_RECEIVABLE_00018120,duplicate_invoice,HIGH,invoice_id appears on more than one record,2026-09-14T18:02:42.816798+00:00,ACCOUNTS_RECEIVABLE_00018120,18119,ARINV_00010403,CUST_0158,ENT_US,2025-03-18,2025-04-17,2025-04-17,USD,2711.83,Paid,Marketing,SMB
ACCOUNTS_RECEIVABLE_00018121,duplicate_invoice,HIGH,invoice_id appears on more than one record,2026-09-14T18:02:42.816798+00:00,ACCOUNTS_RECEIVABLE_00018121,18120,ARINV_00001862,CUST_0007,ENT_EU,2023-11-04,2024-01-03,2023-12-14,EUR,321.89,Paid,Marketing,Enterprise
ACCOUNTS_RECEIVABLE_00018122,duplicate_invoice,HIGH,invoice_id appears on more than one record,2026-09-14T18:02:42.816798+00:00,ACCOUNTS_RECEIVABLE_00018122,18121,ARINV_00000067,CUST_0088,ENT_EU,2023-01-26,2023-02-10,2023-02-04,EUR,1948.78,Paid,Sales,Retail
ACCOUNTS_RECEIVABLE_00018123,duplicate_invoice,HIGH,invoice_id appears on more than one record,2026-09-14T18:02:42.816798+00:00,ACCOUNTS_RECEIVABLE_00018123,18122,ARINV_00003729,CUST_0097,ENT_EU,2024-10-24,2024-11-23,2024-12-01,EUR,339.29,Paid,Marketing,SMB
ACCOUNTS_RECEIVABLE_00018124,duplicate_invoice,HIGH,invoice_id appears on more than one record,2026-09-14T18:02:42.816798+00:00,ACCOUNTS_RECEIVABLE_00018124,18123,ARINV_00002057,CUST_0116,ENT_EU,2023-12-12,2024-01-11,2023-12-30,EUR,565.31,Paid,Marketing,SMB
ACCOUNTS_RECEIVABLE_00018125,duplicate_invoice,HIGH,invoice_id appears on more than one record,2026-09-14T18:02:42.816798+00:00,ACCOUNTS_RECEIVABLE_00018125,18124,ARINV_00001388,CUST_0018,ENT_EU,2023-08-22,2023-09-21,2023-10-03,EUR,4020.76,Paid,Marketing,SMB
ACCOUNTS_RECEIVABLE_00018126,duplicate_invoice,HIGH,invoice_id appears on more than one record,2026-09-14T18:02:42.816798+00:00,ACCOUNTS_RECEIVABLE_00018126,18125,ARINV_00012387,CUST_0022,ENT_UK,2023-03-14,2023-03-29,2023-03-19,USD,1514.83,Paid,Sales,Retail
ACCOUNTS_RECEIVABLE_00018127,duplicate_invoice,HIGH,invoice_id appears on more than one record,2026-09-14T18:02:42.816798+00:00,ACCOUNTS_RECEIVABLE_00018127,18126,ARINV_00012659,CUST_0025,ENT_UK,2023-04-15,2023-04-30,2023-04-21,USD,2538.37,Paid,Marketing,Retail
ACCOUNTS_RECEIVABLE_00018128,duplicate_invoice,HIGH,invoice_id appears on more than one record,2026-09-14T18:02:42.816798+00:00,ACCOUNTS_RECEIVABLE_00018128,18127,ARINV_00000690,CUST_0114,ENT_EU,2023-04-11,2023-04-26,2023-05-03,EUR,4067.88,Paid,Marketing,Retail
ACCOUNTS_RECEIVABLE_00018129,duplicate_invoice,HIGH,invoice_id appears on more than one record,2026-09-14T18:02:42.816798+00:00,ACCOUNTS_RECEIVABLE_00018129,18128,ARINV_00011064,CUST_0090,ENT_US,2025-07-22,2025-09-20,2025-09-10,USD,1297.24,Paid,Marketing,Enterprise
ACCOUNTS_RECEIVABLE_00018130,duplicate_invoice,HIGH,invoice_id appears on more than one record,2026-09-14T18:02:42.816798+00:00,ACCOUNTS_RECEIVABLE_00018130,18129,ARINV_00005341,CUST_0018,ENT_EU,2025-09-24,2025-10-24,2025-11-24,EUR,3721.85,Paid,Sales,SMB
ACCOUNTS_RECEIVABLE_00018131,duplicate_invoice,HIGH,invoice_id appears on more than one record,2026-09-14T18:02:42.816798+00:00,ACCOUNTS_RECEIVABLE_00018131,18130,ARINV_00013829,CUST_0047,ENT_UK,2023-11-07,2023-12-07,2023-12-13,GBP,966.65,Paid,Marketing,SMB
ACCOUNTS_RECEIVABLE_00018132,duplicate_invoice,HIGH,invoice_id appears on more than one record,2026-09-14T18:02:42.816798+00:00,ACCOUNTS_RECEIVABLE_00018132,18131,ARINV_00013330,CUST_0174,ENT_UK,2023-08-29,2023-09-13,2023-09-15,USD,136.89,Paid,Marketing,Retail
ACCOUNTS_RECEIVABLE_00018133,duplicate_invoice,HIGH,invoice_id appears on more than one record,2026-09-14T18:02:42.816798+00:00,ACCOUNTS_RECEIVABLE_00018133,18132,ARINV_00013472,CUST_0117,ENT_UK,2023-09-02,2023-11-01,2023-11-16,GBP,807.16,Paid,Marketing,Enterprise
ACCOUNTS_RECEIVABLE_00018134,duplicate_invoice,HIGH,invoice_id appears on more than one record,2026-09-14T18:02:42.816798+00:00,ACCOUNTS_RECEIVABLE_00018134,18133,ARINV_00015773,CUST_0086,ENT_UK,2024-11-21,2024-12-06,2024-12-19,GBP,878.98,Paid,Operations,Retail
ACCOUNTS_RECEIVABLE_00018135,duplicate_invoice,HIGH,invoice_id appears on more than one record,2026-09-14T18:02:42.816798+00:00,ACCOUNTS_RECEIVABLE_00018135,18134,ARINV_00002958,CUST_0093,ENT_EU,2024-06-03,2024-07-03,2024-07-23,EUR,4399.4,Paid,Sales,SMB
ACCOUNTS_RECEIVABLE_00018136,duplicate_invoice,HIGH,invoice_id appears on more than one record,2026-09-14T18:02:42.816798+00:00,ACCOUNTS_RECEIVABLE_00018136,18135,ARINV_00017572,CUST_0156,ENT_UK,2025-10-31,2025-11-15,2025-11-05,GBP,8938.41,Paid,Sales,Retail
ACCOUNTS_RECEIVABLE_00018137,duplicate_invoice,HIGH,invoice_id appears on more than one record,2026-09-14T18:02:42.816798+00:00,ACCOUNTS_RECEIVABLE_00018137,18136,ARINV_00000100,CUST_0100,ENT_EU,2023-01-03,2023-02-02,2023-02-13,EUR,2438.05,Paid,Operations,SMB
ACCOUNTS_RECEIVABLE_00018138,duplicate_invoice,HIGH,invoice_id appears on more than one record,2026-09-14T18:02:42.816798+00:00,ACCOUNTS_RECEIVABLE_00018138,18137,ARINV_00016765,CUST_0022,ENT_UK,2025-05-18,2025-06-02,2025-05-25,USD,2681.24,Paid,Operations,Retail
ACCOUNTS_RECEIVABLE_00018139,duplicate_invoice,HIGH,invoice_id appears on more than one record,2026-09-14T18:02:42.816798+00:00,ACCOUNTS_RECEIVABLE_00018139,18138,ARINV_00010367,CUST_0017,ENT_US,2025-03-01,2025-04-30,2025-05-15,USD,1610.28,Paid,Operations,Enterprise
ACCOUNTS_RECEIVABLE_00018140,duplicate_invoice,HIGH,invoice_id appears on more than one record,2026-09-14T18:02:42.816798+00:00,ACCOUNTS_RECEIVABLE_00018140,18139,ARINV_00006643,CUST_0057,ENT_US,2023-04-01,2023-04-16,2023-04-20,USD,3492.89,Paid,Marketing,Retail
ACCOUNTS_RECEIVABLE_00018141,duplicate_invoice,HIGH,invoice_id appears on more than one record,2026-09-14T18:02:42.816798+00:00,ACCOUNTS_RECEIVABLE_00018141,18140,ARINV_00009203,CUST_0129,ENT_US,2024-08-19,2024-10-18,2024-10-07,USD,3478.3,Paid,Operations,Enterprise
ACCOUNTS_RECEIVABLE_00018142,duplicate_invoice,HIGH,invoice_id appears on more than one record,2026-09-14T18:02:42.816798+00:00,ACCOUNTS_RECEIVABLE_00018142,18141,ARINV_00015112,CUST_0055,ENT_UK,2024-07-20,2024-08-19,2024-08-25,GBP,493.38,Paid,Marketing,SMB
ACCOUNTS_RECEIVABLE_00018143,duplicate_invoice,HIGH,invoice_id appears on more than one record,2026-09-14T18:02:42.816798+00:00,ACCOUNTS_RECEIVABLE_00018143,18142,ARINV_00016811,CUST_0118,ENT_UK,2025-05-23,2025-07-22,2025-07-09,GBP,968.25,Paid,Marketing,Enterprise
ACCOUNTS_RECEIVABLE_00018144,duplicate_invoice,HIGH,invoice_id appears on more than one record,2026-09-14T18:02:42.816798+00:00,ACCOUNTS_RECEIVABLE_00018144,18143,ARINV_00017578,CUST_0178,ENT_UK,2025-10-26,2025-11-25,2025-11-08,GBP,2740.62,Paid,Sales,SMB
ACCOUNTS_RECEIVABLE_00018145,duplicate_invoice,HIGH,invoice_id appears on more than one record,2026-09-14T18:02:42.816798+00:00,ACCOUNTS_RECEIVABLE_00018145,18144,ARINV_00014367,CUST_0108,ENT_UK,2024-02-03,2024-03-04,2024-03-20,GBP,984.99,Paid,Marketing,SMB
ACCOUNTS_RECEIVABLE_00018146,duplicate_invoice,HIGH,invoice_id appears on more than one record,2026-09-14T18:02:42.816798+00:00,ACCOUNTS_RECEIVABLE_00018146,18145,ARINV_00006986,CUST_0153,ENT_US,2023-06-22,2023-08-21,2023-08-27,USD,1024.52,Paid,Marketing,Enterprise
ACCOUNTS_RECEIVABLE_00018147,duplicate_invoice,HIGH,invoice_id appears on more than one record,2026-09-14T18:02:42.816798+00:00,ACCOUNTS_RECEIVABLE_00018147,18146,ARINV_00003510,CUST_0147,ENT_EU,2024-09-18,2024-10-18,2024-11-17,GBP,162.27,Paid,Operations,SMB
ACCOUNTS_RECEIVABLE_00018148,duplicate_invoice,HIGH,invoice_id appears on more than one record,2026-09-14T18:02:42.816798+00:00,ACCOUNTS_RECEIVABLE_00018148,18147,ARINV_00010694,CUST_0064,ENT_US,2025-05-21,2025-06-20,2025-06-11,USD,446.37,Paid,Operations,SMB
ACCOUNTS_RECEIVABLE_00018149,duplicate_invoice,HIGH,invoice_id appears on more than one record,2026-09-14T18:02:42.816798+00:00,ACCOUNTS_RECEIVABLE_00018149,18148,ARINV_00001768,CUST_0098,ENT_EU,2023-11-30,2023-12-15,2023-12-16,EUR,1331.97,Paid,Sales,Retail
ACCOUNTS_RECEIVABLE_00018150,duplicate_invoice,HIGH,invoice_id appears on more than one record,2026-09-14T18:02:42.816798+00:00,ACCOUNTS_RECEIVABLE_00018150,18149,ARINV_00006679,CUST_0105,ENT_US,2023-04-08,2023-04-23,2023-04-20,USD,6972.05,Paid,Marketing,Retail
ACCOUNTS_RECEIVABLE_00018151,duplicate_invoice,HIGH,invoice_id appears on more than one record,2026-09-14T18:02:42.816798+00:00,ACCOUNTS_RECEIVABLE_00018151,18150,ARINV_00007889,CUST_0039,ENT_US,2023-12-13,2024-01-12,2024-01-15,GBP,21048.88,Paid,Sales,SMB
ACCOUNTS_RECEIVABLE_00018152,duplicate_invoice,HIGH,invoice_id appears on more than one record,2026-09-14T18:02:42.816798+00:00,ACCOUNTS_RECEIVABLE_00018152,18151,ARINV_00000357,CUST_0114,ENT_EU,2023-03-15,2023-03-30,2023-03-20,EUR,3810.32,Paid,Sales,Retail
ACCOUNTS_RECEIVABLE_00018153,duplicate_invoice,HIGH,invoice_id appears on more than one record,2026-09-14T18:02:42.816798+00:00,ACCOUNTS_RECEIVABLE_00018153,18152,ARINV_00000167,CUST_0035,ENT_EU,2023-01-17,2023-03-18,2023-03-23,EUR,2989.53,Paid,Marketing,Enterprise
ACCOUNTS_RECEIVABLE_00018154,duplicate_invoice,HIGH,invoice_id appears on more than one record,2026-09-14T18:02:42.816798+00:00,ACCOUNTS_RECEIVABLE_00018154,18153,ARINV_00017044,CUST_0137,ENT_UK,2025-07-26,2025-08-10,2025-08-15,GBP,5019.7,Paid,Sales,Retail
ACCOUNTS_RECEIVABLE_00018155,duplicate_invoice,HIGH,invoice_id appears on more than one record,2026-09-14T18:02:42.816798+00:00,ACCOUNTS_RECEIVABLE_00018155,18154,ARINV_00004696,CUST_0066,ENT_EU,2025-04-04,2025-05-04,2025-05-15,EUR,4505.44,Paid,Marketing,SMB
ACCOUNTS_RECEIVABLE_00018156,duplicate_invoice,HIGH,invoice_id appears on more than one record,2026-09-14T18:02:42.816798+00:00,ACCOUNTS_RECEIVABLE_00018156,18155,ARINV_00015570,CUST_0106,ENT_UK,2024-10-12,2024-11-11,2024-11-27,GBP,2952.71,Paid,Operations,SMB
ACCOUNTS_RECEIVABLE_00018157,duplicate_invoice,HIGH,invoice_id appears on more than one record,2026-09-14T18:02:42.816798+00:00,ACCOUNTS_RECEIVABLE_00018157,18156,ARINV_00004492,CUST_0023,ENT_EU,2025-03-15,2025-03-30,2025-04-05,GBP,546.52,Paid,Marketing,Retail
ACCOUNTS_RECEIVABLE_00018158,duplicate_invoice,HIGH,invoice_id appears on more than one record,2026-09-14T18:02:42.816798+00:00,ACCOUNTS_RECEIVABLE_00018158,18157,ARINV_00003065,CUST_0104,ENT_EU,2024-06-17,2024-07-17,2024-07-16,EUR,384.4,Paid,Marketing,SMB
ACCOUNTS_RECEIVABLE_00018159,duplicate_invoice,HIGH,invoice_id appears on more than one record,2026-09-14T18:02:42.816798+00:00,ACCOUNTS_RECEIVABLE_00018159,18158,ARINV_00006833,CUST_0120,ENT_US,2023-05-02,2023-05-17,2023-05-08,USD,2112.87,Paid,Marketing,Retail
ACCOUNTS_RECEIVABLE_00018160,duplicate_invoice,HIGH,invoice_id appears on more than one record,2026-09-14T18:02:42.816798+00:00,ACCOUNTS_RECEIVABLE_00018160,18159,ARINV_00004370,CUST_0088,ENT_EU,2025-02-02,2025-02-17,2025-01-30,EUR,3651.49,Paid,Marketing,Retail
ACCOUNTS_RECEIVABLE_00018161,duplicate_invoice,HIGH,invoice_id appears on more than one record,2026-09-14T18:02:42.816798+00:00,ACCOUNTS_RECEIVABLE_00018161,18160,ARINV_00002814,CUST_0166,ENT_EU,2024-05-21,2024-06-20,2024-06-10,EUR,4724.32,Paid,Operations,
ACCOUNTS_RECEIVABLE_00018162,duplicate_invoice,HIGH,invoice_id appears on more than one record,2026-09-14T18:02:42.816798+00:00,ACCOUNTS_RECEIVABLE_00018162,18161,ARINV_00003472,CUST_0165,ENT_EU,2024-09-20,2024-11-19,2024-11-05,EUR,1450.52,Paid,Operations,Enterprise
ACCOUNTS_RECEIVABLE_00018163,duplicate_invoice,HIGH,invoice_id appears on more than one record,2026-09-14T18:02:42.816798+00:00,ACCOUNTS_RECEIVABLE_00018163,18162,ARINV_00010196,CUST_0158,ENT_US,2025-02-19,2025-03-21,2025-04-02,USD,800.7,Paid,Operations,SMB
ACCOUNTS_RECEIVABLE_00018164,duplicate_invoice,HIGH,invoice_id appears on more than one record,2026-09-14T18:02:42.816798+00:00,ACCOUNTS_RECEIVABLE_00018164,18163,ARINV_00012636,CUST_0019,ENT_UK,2023-04-25,2023-05-25,2023-06-17,GBP,1147.92,Paid,Marketing,SMB
ACCOUNTS_RECEIVABLE_00018165,duplicate_invoice,HIGH,invoice_id appears on more than one record,2026-09-14T18:02:42.816798+00:00,ACCOUNTS_RECEIVABLE_00018165,18164,ARINV_00003448,CUST_0034,ENT_EU,2024-09-20,2024-11-19,2024-11-24,EUR,3399.69,Paid,Operations,Enterprise
ACCOUNTS_RECEIVABLE_00018166,duplicate_invoice,HIGH,invoice_id appears on more than one record,2026-09-14T18:02:42.816798+00:00,ACCOUNTS_RECEIVABLE_00018166,18165,ARINV_00006937,CUST_0159,ENT_US,2023-06-18,2023-07-03,2023-06-27,USD,1229.83,Paid,Operations,Retail
ACCOUNTS_RECEIVABLE_00018167,duplicate_invoice,HIGH,invoice_id appears on more than one record,2026-09-14T18:02:42.816798+00:00,ACCOUNTS_RECEIVABLE_00018167,18166,ARINV_00007389,CUST_0141,ENT_US,2023-09-05,2023-10-05,2023-10-11,USD,17222.52,Paid,Sales,SMB
ACCOUNTS_RECEIVABLE_00018168,duplicate_invoice,HIGH,invoice_id appears on more than one record,2026-09-14T18:02:42.816798+00:00,ACCOUNTS_RECEIVABLE_00018168,18167,ARINV_00000343,CUST_0027,ENT_EU,2023-02-20,2023-04-21,2023-04-23,EUR,1149.22,Paid,Marketing,Enterprise
ACCOUNTS_RECEIVABLE_00018169,duplicate_invoice,HIGH,invoice_id appears on more than one record,2026-09-14T18:02:42.816798+00:00,ACCOUNTS_RECEIVABLE_00018169,18168,ARINV_00001681,CUST_0071,ENT_EU,2023-10-08,2023-12-07,2023-12-29,EUR,709.22,Paid,Marketing,Enterprise
ACCOUNTS_RECEIVABLE_00018170,duplicate_invoice,HIGH,invoice_id appears on more than one record,2026-09-14T18:02:42.816798+00:00,ACCOUNTS_RECEIVABLE_00018170,18169,ARINV_00011194,CUST_0058,ENT_US,2025-08-30,2025-09-29,2025-09-22,USD,1858.19,Paid,Operations,SMB
ACCOUNTS_RECEIVABLE_00018171,duplicate_invoice,HIGH,invoice_id appears on more than one record,2026-09-14T18:02:42.816798+00:00,ACCOUNTS_RECEIVABLE_00018171,18170,ARINV_00010024,CUST_0051,ENT_US,2025-01-19,2025-02-18,2025-02-13,USD,209.12,Paid,Marketing,SMB
ACCOUNTS_RECEIVABLE_00018172,duplicate_invoice,HIGH,invoice_id appears on more than one record,2026-09-14T18:02:42.816798+00:00,ACCOUNTS_RECEIVABLE_00018172,18171,ARINV_00006684,CUST_0078,ENT_US,2023-04-25,2023-05-25,2023-05-27,USD,2975.09,Paid,Marketing,SMB
ACCOUNTS_RECEIVABLE_00018173,duplicate_invoice,HIGH,invoice_id appears on more than one record,2026-09-14T18:02:42.816798+00:00,ACCOUNTS_RECEIVABLE_00018173,18172,ARINV_00010727,CUST_0020,ENT_US,2025-05-28,2025-07-27,2025-07-25,USD,787.58,Paid,Marketing,Enterprise
ACCOUNTS_RECEIVABLE_00018174,duplicate_invoice,HIGH,invoice_id appears on more than one record,2026-09-14T18:02:42.816798+00:00,ACCOUNTS_RECEIVABLE_00018174,18173,ARINV_00012470,CUST_0148,ENT_UK,2023-03-05,2023-03-20,2023-03-09,GBP,799.57,Paid,Marketing,Retail
ACCOUNTS_RECEIVABLE_00018175,duplicate_invoice,HIGH,invoice_id appears on more than one record,2026-09-14T18:02:42.816798+00:00,ACCOUNTS_RECEIVABLE_00018175,18174,ARINV_00004476,CUST_0111,ENT_EU,2025-03-28,2025-04-27,2025-05-28,EUR,465.31,Paid,Marketing,SMB
ACCOUNTS_RECEIVABLE_00018176,duplicate_invoice,HIGH,invoice_id appears on more than one record,2026-09-14T18:02:42.816798+00:00,ACCOUNTS_RECEIVABLE_00018176,18175,ARINV_00006899,CUST_0131,ENT_US,2023-06-11,2023-06-26,2023-06-24,USD,1942.4,Paid,Sales,Retail
ACCOUNTS_RECEIVABLE_00018177,duplicate_invoice,HIGH,invoice_id appears on more than one record,2026-09-14T18:02:42.816798+00:00,ACCOUNTS_RECEIVABLE_00018177,18176,ARINV_00007086,CUST_0028,ENT_US,2023-07-04,2023-08-03,2023-08-19,USD,4503.88,Paid,Sales,SMB
ACCOUNTS_RECEIVABLE_00018178,duplicate_invoice,HIGH,invoice_id appears on more than one record,2026-09-14T18:02:42.816798+00:00,ACCOUNTS_RECEIVABLE_00018178,18177,ARINV_00016791,CUST_0073,ENT_UK,2025-05-29,2025-06-13,2025-06-10,GBP,1764.01,Paid,Operations,Retail
ACCOUNTS_RECEIVABLE_00018179,duplicate_invoice,HIGH,invoice_id appears on more than one record,2026-09-14T18:02:42.816798+00:00,ACCOUNTS_RECEIVABLE_00018179,18178,ARINV_00000402,CUST_0103,ENT_EU,2023-03-28,2023-04-12,2023-03-29,EUR,3735.5,Paid,Sales,Retail
ACCOUNTS_RECEIVABLE_00018180,duplicate_invoice,HIGH,invoice_id appears on more than one record,2026-09-14T18:02:42.816798+00:00,ACCOUNTS_RECEIVABLE_00018180,18179,ARINV_00004565,CUST_0042,ENT_EU,2025-04-20,2025-05-20,2025-05-25,EUR,2310.1,Paid,Sales,SMB
ACCOUNTS_RECEIVABLE_00018181,duplicate_invoice,HIGH,invoice_id appears on more than one record,2026-09-14T18:02:42.816798+00:00,ACCOUNTS_RECEIVABLE_00018181,18180,ARINV_00009629,CUST_0017,ENT_US,2024-11-21,2025-01-20,2025-01-31,USD,6076.78,Paid,,Enterprise
ACCOUNTS_RECEIVABLE_00018182,duplicate_invoice,HIGH,invoice_id appears on more than one record,2026-09-14T18:02:42.816798+00:00,ACCOUNTS_RECEIVABLE_00018182,18181,ARINV_00013796,CUST_0073,ENT_UK,2023-11-29,2023-12-14,2023-12-10,GBP,435.88,Paid,Operations,Retail
ACCOUNTS_RECEIVABLE_00018183,duplicate_invoice,HIGH,invoice_id appears on more than one record,2026-09-14T18:02:42.816798+00:00,ACCOUNTS_RECEIVABLE_00018183,18182,ARINV_00010572,CUST_0122,ENT_US,2025-04-08,2025-04-23,2025-04-20,USD,1611.5,Paid,Marketing,Retail
ACCOUNTS_RECEIVABLE_00018184,duplicate_invoice,HIGH,invoice_id appears on more than one record,2026-09-14T18:02:42.816798+00:00,ACCOUNTS_RECEIVABLE_00018184,18183,ARINV_00011447,CUST_0028,ENT_US,2025-10-17,2025-11-16,2025-11-10,USD,5532.5,Paid,Sales,SMB
ACCOUNTS_RECEIVABLE_00018185,duplicate_invoice,HIGH,invoice_id appears on more than one record,2026-09-14T18:02:42.816798+00:00,ACCOUNTS_RECEIVABLE_00018185,18184,ARINV_00017852,CUST_0126,ENT_UK,2025-11-18,2025-12-18,2025-12-25,GBP,838.29,Paid,,SMB
ACCOUNTS_RECEIVABLE_00018186,duplicate_invoice,HIGH,invoice_id appears on more than one record,2026-09-14T18:02:42.816798+00:00,ACCOUNTS_RECEIVABLE_00018186,18185,ARINV_00008709,CUST_0059,ENT_US,2024-05-20,2024-06-04,2024-06-02,USD,3013.61,Paid,Sales,Retail
ACCOUNTS_RECEIVABLE_00018187,duplicate_invoice,HIGH,invoice_id appears on more than one record,2026-09-14T18:02:42.816798+00:00,ACCOUNTS_RECEIVABLE_00018187,18186,ARINV_00017332,CUST_0041,ENT_UK,2025-08-20,2025-09-19,2025-09-15,GBP,265.69,Paid,Marketing,SMB
ACCOUNTS_RECEIVABLE_00018188,duplicate_invoice,HIGH,invoice_id appears on more than one record,2026-09-14T18:02:42.816798+00:00,ACCOUNTS_RECEIVABLE_00018188,18187,ARINV_00011178,CUST_0020,ENT_US,2025-08-10,2025-10-09,2025-10-21,USD,4271.28,Paid,Sales,Enterprise
ACCOUNTS_RECEIVABLE_00000038,duplicate_business_key,HIGH,"Same customer_id, invoice_date, invoice_amount combination appears on more than one record",2026-09-14T18:02:42.816798+00:00,ACCOUNTS_RECEIVABLE_00000038,37,ARINV_00000038,CUST_0018,ENT_EU,2023-01-04,2023-02-03,2023-03-14,EUR,7528.43,Paid,Sales,SMB
ACCOUNTS_RECEIVABLE_00000067,duplicate_business_key,HIGH,"Same customer_id, invoice_date, invoice_amount combination appears on more than one record",2026-09-14T18:02:42.816798+00:00,ACCOUNTS_RECEIVABLE_00000067,66,ARINV_00000067,CUST_0088,ENT_EU,2023-01-26,2023-02-10,2023-01-14,EUR,1948.78,Paid,Sales,Retail
ACCOUNTS_RECEIVABLE_00000100,duplicate_business_key,HIGH,"Same customer_id, invoice_date, invoice_amount combination appears on more than one record",2026-09-14T18:02:42.816798+00:00,ACCOUNTS_RECEIVABLE_00000100,99,ARINV_00000100,CUST_0100,ENT_EU,2023-01-03,2023-02-02,2023-02-13,EUR,2438.05,Paid,Operations,
ACCOUNTS_RECEIVABLE_00000167,duplicate_business_key,HIGH,"Same customer_id, invoice_date, invoice_amount combination appears on more than one record",2026-09-14T18:02:42.816798+00:00,ACCOUNTS_RECEIVABLE_00000167,166,ARINV_00000167,CUST_0035,ENT_EU,2023-01-17,2023-03-18,2023-03-23,EUR,2989.53,Paid,Marketing,Enterprise
ACCOUNTS_RECEIVABLE_00000282,duplicate_business_key,HIGH,"Same customer_id, invoice_date, invoice_amount combination appears on more than one record",2026-09-14T18:02:42.816798+00:00,ACCOUNTS_RECEIVABLE_00000282,281,ARINV_00000282,CUST_0132,ENT_EU,2023-02-09,2023-04-10,2023-04-27,EUR,2505.52,Paid,Operations,Enterprise
ACCOUNTS_RECEIVABLE_00000343,duplicate_business_key,HIGH,"Same customer_id, invoice_date, invoice_amount combination appears on more than one record",2026-09-14T18:02:42.816798+00:00,ACCOUNTS_RECEIVABLE_00000343,342,ARINV_00000343,CUST_0027,ENT_EU,2023-02-20,2023-04-21,2023-04-23,EUR,1149.22,Paid,Marketing,Enterprise
ACCOUNTS_RECEIVABLE_00000357,duplicate_business_key,HIGH,"Same customer_id, invoice_date, invoice_amount combination appears on more than one record",2026-09-14T18:02:42.816798+00:00,ACCOUNTS_RECEIVABLE_00000357,356,ARINV_00000357,CUST_0114,ENT_EU,2023-03-15,2023-03-30,2023-03-20,EUR,3810.32,Paid,Sales,Retail
ACCOUNTS_RECEIVABLE_00000402,duplicate_business_key,HIGH,"Same customer_id, invoice_date, invoice_amount combination appears on more than one record",2026-09-14T18:02:42.816798+00:00,ACCOUNTS_RECEIVABLE_00000402,401,ARINV_00000402,CUST_0103,ENT_EU,2023-03-28,2023-04-12,2023-03-29,EUR,3735.5,Paid,Sales,Retail
ACCOUNTS_RECEIVABLE_00000690,duplicate_business_key,HIGH,"Same customer_id, invoice_date, invoice_amount combination appears on more than one record",2026-09-14T18:02:42.816798+00:00,ACCOUNTS_RECEIVABLE_00000690,689,ARINV_00000690,CUST_0114,ENT_EU,2023-04-11,2023-04-26,2023-05-03,EUR,4067.88,Paid,Marketing,Retail
ACCOUNTS_RECEIVABLE_00000749,duplicate_business_key,HIGH,"Same customer_id, invoice_date, invoice_amount combination appears on more than one record",2026-09-14T18:02:42.816798+00:00,ACCOUNTS_RECEIVABLE_00000749,748,ARINV_00000749,CUST_0050,ENT_EU,2023-05-11,2023-07-10,2023-07-27,EUR,1931.51,Paid,Sales,Enterprise
ACCOUNTS_RECEIVABLE_00000907,duplicate_business_key,HIGH,"Same customer_id, invoice_date, invoice_amount combination appears on more than one record",2026-09-14T18:02:42.816798+00:00,ACCOUNTS_RECEIVABLE_00000907,906,ARINV_00000907,CUST_0150,ENT_EU,2023-06-28,2023-07-13,2023-07-15,EUR,676.49,Paid,Sales,Retail
ACCOUNTS_RECEIVABLE_00001096,duplicate_business_key,HIGH,"Same customer_id, invoice_date, invoice_amount combination appears on more than one record",2026-09-14T18:02:42.816798+00:00,ACCOUNTS_RECEIVABLE_00001096,1095,ARINV_00001096,CUST_0011,ENT_EU,2023-07-27,2023-08-11,2023-08-23,GBP,2356.48,Paid,Operations,Retail
ACCOUNTS_RECEIVABLE_00001308,duplicate_business_key,HIGH,"Same customer_id, invoice_date, invoice_amount combination appears on more than one record",2026-09-14T18:02:42.816798+00:00,ACCOUNTS_RECEIVABLE_00001308,1307,ARINV_00001308,CUST_0128,ENT_EU,2023-08-11,2023-08-26,2023-08-11,EUR,2642.99,Paid,Operations,Retail
ACCOUNTS_RECEIVABLE_00001312,duplicate_business_key,HIGH,"Same customer_id, invoice_date, invoice_amount combination appears on more than one record",2026-09-14T18:02:42.816798+00:00,ACCOUNTS_RECEIVABLE_00001312,1311,ARINV_00001312,CUST_0097,ENT_EU,2023-08-24,2023-09-23,2023-09-10,EUR,3501.81,Paid,Operations,SMB
ACCOUNTS_RECEIVABLE_00001388,duplicate_business_key,HIGH,"Same customer_id, invoice_date, invoice_amount combination appears on more than one record",2026-09-14T18:02:42.816798+00:00,ACCOUNTS_RECEIVABLE_00001388,1387,ARINV_00001388,CUST_0018,ENT_EU,2023-08-22,2023-09-21,2023-10-03,EUR,4020.76,Paid,Marketing,SMB
ACCOUNTS_RECEIVABLE_00001460,duplicate_business_key,HIGH,"Same customer_id, invoice_date, invoice_amount combination appears on more than one record",2026-09-14T18:02:42.816798+00:00,ACCOUNTS_RECEIVABLE_00001460,1459,ARINV_00001460,CUST_0050,ENT_EU,2023-09-30,2023-11-29,2023-11-14,EUR,11029.41,Paid,Operations,Enterprise
ACCOUNTS_RECEIVABLE_00001564,duplicate_business_key,HIGH,"Same customer_id, invoice_date, invoice_amount combination appears on more than one record",2026-09-14T18:02:42.816798+00:00,ACCOUNTS_RECEIVABLE_00001564,1563,ARINV_00001564,CUST_0095,ENT_EU,2023-09-15,2023-09-30,2023-10-01,EUR,6035.15,Paid,Marketing,Retail
ACCOUNTS_RECEIVABLE_00001576,duplicate_business_key,HIGH,"Same customer_id, invoice_date, invoice_amount combination appears on more than one record",2026-09-14T18:02:42.816798+00:00,ACCOUNTS_RECEIVABLE_00001576,1575,ARINV_00001576,CUST_0121,ENT_EU,2023-10-01,2023-10-16,2023-10-09,EUR,6854.86,Paid,Sales,Retail
ACCOUNTS_RECEIVABLE_00001681,duplicate_business_key,HIGH,"Same customer_id, invoice_date, invoice_amount combination appears on more than one record",2026-09-14T18:02:42.816798+00:00,ACCOUNTS_RECEIVABLE_00001681,1680,ARINV_00001681,CUST_0071,ENT_EU,2023-10-08,2023-12-07,2023-12-29,EUR,709.22,Paid,Marketing,Enterprise
ACCOUNTS_RECEIVABLE_00001755,duplicate_business_key,HIGH,"Same customer_id, invoice_date, invoice_amount combination appears on more than one record",2026-09-14T18:02:42.816798+00:00,ACCOUNTS_RECEIVABLE_00001755,1754,ARINV_00001755,CUST_0077,ENT_EU,2023-11-27,2024-01-26,2024-02-12,EUR,4963.18,Paid,Sales,Enterprise
ACCOUNTS_RECEIVABLE_00001768,duplicate_business_key,HIGH,"Same customer_id, invoice_date, invoice_amount combination appears on more than one record",2026-09-14T18:02:42.816798+00:00,ACCOUNTS_RECEIVABLE_00001768,1767,ARINV_00001768,CUST_0098,ENT_EU,2023-11-30,2023-12-15,2023-12-16,EUR,1331.97,Paid,Sales,Retail
ACCOUNTS_RECEIVABLE_00001862,duplicate_business_key,HIGH,"Same customer_id, invoice_date, invoice_amount combination appears on more than one record",2026-09-14T18:02:42.816798+00:00,ACCOUNTS_RECEIVABLE_00001862,1861,ARINV_00001862,CUST_0007,ENT_EU,2023-11-04,2024-01-03,2023-12-14,EUR,321.89,Paid,,Enterprise
ACCOUNTS_RECEIVABLE_00001973,duplicate_business_key,HIGH,"Same customer_id, invoice_date, invoice_amount combination appears on more than one record",2026-09-14T18:02:42.816798+00:00,ACCOUNTS_RECEIVABLE_00001973,1972,ARINV_00001973,CUST_0119,ENT_EU,2023-12-26,2024-01-10,2024-01-04,EUR,3077.39,Paid,Sales,Retail
ACCOUNTS_RECEIVABLE_00002018,duplicate_business_key,HIGH,"Same customer_id, invoice_date, invoice_amount combination appears on more than one record",2026-09-14T18:02:42.816798+00:00,ACCOUNTS_RECEIVABLE_00002018,2017,ARINV_00002018,CUST_0163,ENT_EU,2023-12-17,2024-02-15,2024-02-19,EUR,2235.31,Paid,Operations,Enterprise
ACCOUNTS_RECEIVABLE_00002057,duplicate_business_key,HIGH,"Same customer_id, invoice_date, invoice_amount combination appears on more than one record",2026-09-14T18:02:42.816798+00:00,ACCOUNTS_RECEIVABLE_00002057,2056,ARINV_00002057,CUST_0116,ENT_EU,2023-12-12,2024-01-11,2023-12-30,EUR,565.31,Paid,Marketing,SMB
ACCOUNTS_RECEIVABLE_00002325,duplicate_business_key,HIGH,"Same customer_id, invoice_date, invoice_amount combination appears on more than one record",2026-09-14T18:02:42.816798+00:00,ACCOUNTS_RECEIVABLE_00002325,2324,ARINV_00002325,CUST_0038,ENT_EU,2024-02-02,2024-03-03,2024-03-08,EUR,4359.69,Paid,Operations,SMB
ACCOUNTS_RECEIVABLE_00002736,duplicate_business_key,HIGH,"Same customer_id, invoice_date, invoice_amount combination appears on more than one record",2026-09-14T18:02:42.816798+00:00,ACCOUNTS_RECEIVABLE_00002736,2735,ARINV_00002736,CUST_0048,ENT_EU,2024-04-06,2024-04-21,2024-04-13,EUR,1777.17,Paid,Marketing,Retail
ACCOUNTS_RECEIVABLE_00002765,duplicate_business_key,HIGH,"Same customer_id, invoice_date, invoice_amount combination appears on more than one record",2026-09-14T18:02:42.816798+00:00,ACCOUNTS_RECEIVABLE_00002765,2764,ARINV_00002765,CUST_0044,ENT_EU,2024-05-08,2024-06-07,2024-07-17,EUR,4457.31,Paid,Sales,SMB
ACCOUNTS_RECEIVABLE_00002814,duplicate_business_key,HIGH,"Same customer_id, invoice_date, invoice_amount combination appears on more than one record",2026-09-14T18:02:42.816798+00:00,ACCOUNTS_RECEIVABLE_00002814,2813,ARINV_00002814,CUST_0166,ENT_EU,2024-05-21,2024-06-20,2024-06-10,EUR,4724.32,Paid,Operations,SMB
ACCOUNTS_RECEIVABLE_00002875,duplicate_business_key,HIGH,"Same customer_id, invoice_date, invoice_amount combination appears on more than one record",2026-09-14T18:02:42.816798+00:00,ACCOUNTS_RECEIVABLE_00002875,2874,ARINV_00002875,CUST_0088,ENT_EU,2024-05-13,2024-05-28,2024-05-26,EUR,1718.54,Paid,Marketing,Retail
ACCOUNTS_RECEIVABLE_00002948,duplicate_business_key,HIGH,"Same customer_id, invoice_date, invoice_amount combination appears on more than one record",2026-09-14T18:02:42.816798+00:00,ACCOUNTS_RECEIVABLE_00002948,2947,ARINV_00002948,CUST_0037,ENT_EU,2024-06-28,2024-08-27,2024-08-13,EUR,1759.14,Paid,Sales,Enterprise
ACCOUNTS_RECEIVABLE_00002958,duplicate_business_key,HIGH,"Same customer_id, invoice_date, invoice_amount combination appears on more than one record",2026-09-14T18:02:42.816798+00:00,ACCOUNTS_RECEIVABLE_00002958,2957,ARINV_00002958,CUST_0093,ENT_EU,2024-06-03,2024-07-03,2024-07-23,EUR,4399.4,Paid,Sales,SMB
ACCOUNTS_RECEIVABLE_00003065,duplicate_business_key,HIGH,"Same customer_id, invoice_date, invoice_amount combination appears on more than one record",2026-09-14T18:02:42.816798+00:00,ACCOUNTS_RECEIVABLE_00003065,3064,ARINV_00003065,CUST_0104,ENT_EU,2024-06-17,2024-07-17,2024-07-16,EUR,384.4,Paid,Marketing,SMB
ACCOUNTS_RECEIVABLE_00003114,duplicate_business_key,HIGH,"Same customer_id, invoice_date, invoice_amount combination appears on more than one record",2026-09-14T18:02:42.816798+00:00,ACCOUNTS_RECEIVABLE_00003114,3113,ARINV_00003114,CUST_0119,ENT_EU,2024-07-23,2024-08-07,2024-08-22,EUR,5791.06,Paid,Sales,Retail
ACCOUNTS_RECEIVABLE_00003448,duplicate_business_key,HIGH,"Same customer_id, invoice_date, invoice_amount combination appears on more than one record",2026-09-14T18:02:42.816798+00:00,ACCOUNTS_RECEIVABLE_00003448,3447,ARINV_00003448,CUST_0034,ENT_EU,2024-09-20,2024-11-19,2024-11-24,EUR,3399.69,Paid,Operations,Enterprise
ACCOUNTS_RECEIVABLE_00003472,duplicate_business_key,HIGH,"Same customer_id, invoice_date, invoice_amount combination appears on more than one record",2026-09-14T18:02:42.816798+00:00,ACCOUNTS_RECEIVABLE_00003472,3471,ARINV_00003472,CUST_0165,ENT_EU,2024-09-20,2024-11-19,2024-11-05,EUR,1450.52,Paid,Operations,Enterprise
ACCOUNTS_RECEIVABLE_00003510,duplicate_business_key,HIGH,"Same customer_id, invoice_date, invoice_amount combination appears on more than one record",2026-09-14T18:02:42.816798+00:00,ACCOUNTS_RECEIVABLE_00003510,3509,ARINV_00003510,CUST_0147,ENT_EU,2024-09-18,2024-10-18,2024-11-17,GBP,162.27,Paid,Operations,SMB
ACCOUNTS_RECEIVABLE_00003729,duplicate_business_key,HIGH,"Same customer_id, invoice_date, invoice_amount combination appears on more than one record",2026-09-14T18:02:42.816798+00:00,ACCOUNTS_RECEIVABLE_00003729,3728,ARINV_00003729,CUST_0097,ENT_EU,2024-10-24,2024-11-23,2024-12-01,EUR,339.29,Paid,Marketing,SMB
ACCOUNTS_RECEIVABLE_00003749,duplicate_business_key,HIGH,"Same customer_id, invoice_date, invoice_amount combination appears on more than one record",2026-09-14T18:02:42.816798+00:00,ACCOUNTS_RECEIVABLE_00003749,3748,ARINV_00003749,CUST_0006,ENT_EU,2024-10-16,2024-11-15,2024-11-16,EUR,1078.0,Paid,,SMB
ACCOUNTS_RECEIVABLE_00004086,duplicate_business_key,HIGH,"Same customer_id, invoice_date, invoice_amount combination appears on more than one record",2026-09-14T18:02:42.816798+00:00,ACCOUNTS_RECEIVABLE_00004086,4085,ARINV_00004086,CUST_0096,ENT_EU,2024-12-19,2025-01-03,2025-01-02,EUR,1174.39,Paid,Marketing,Retail
ACCOUNTS_RECEIVABLE_00004217,duplicate_business_key,HIGH,"Same customer_id, invoice_date, invoice_amount combination appears on more than one record",2026-09-14T18:02:42.816798+00:00,ACCOUNTS_RECEIVABLE_00004217,4216,ARINV_00004217,CUST_0097,ENT_EU,2025-01-14,2025-02-13,2025-02-04,EUR,1250.62,Paid,Marketing,SMB
ACCOUNTS_RECEIVABLE_00004289,duplicate_business_key,HIGH,"Same customer_id, invoice_date, invoice_amount combination appears on more than one record",2026-09-14T18:02:42.816798+00:00,ACCOUNTS_RECEIVABLE_00004289,4288,ARINV_00004289,CUST_0071,ENT_EU,2025-02-01,2025-04-02,2025-03-31,EUR,7168.72,Paid,Operations,Enterprise
ACCOUNTS_RECEIVABLE_00004370,duplicate_business_key,HIGH,"Same customer_id, invoice_date, invoice_amount combination appears on more than one record",2026-09-14T18:02:42.816798+00:00,ACCOUNTS_RECEIVABLE_00004370,4369,ARINV_00004370,CUST_0088,ENT_EU,2025-02-02,2025-02-17,2025-01-30,EUR,3651.49,Paid,Marketing,Retail
ACCOUNTS_RECEIVABLE_00004476,duplicate_business_key,HIGH,"Same customer_id, invoice_date, invoice_amount combination appears on more than one record",2026-09-14T18:02:42.816798+00:00,ACCOUNTS_RECEIVABLE_00004476,4475,ARINV_00004476,CUST_0111,ENT_EU,2025-03-28,2025-04-27,2025-05-28,EUR,465.31,Paid,Marketing,SMB
ACCOUNTS_RECEIVABLE_00004492,duplicate_business_key,HIGH,"Same customer_id, invoice_date, invoice_amount combination appears on more than one record",2026-09-14T18:02:42.816798+00:00,ACCOUNTS_RECEIVABLE_00004492,4491,ARINV_00004492,CUST_0023,ENT_EU,2025-03-15,2025-03-30,2025-04-05,GBP,546.52,Paid,Marketing,Retail
ACCOUNTS_RECEIVABLE_00004565,duplicate_business_key,HIGH,"Same customer_id, invoice_date, invoice_amount combination appears on more than one record",2026-09-14T18:02:42.816798+00:00,ACCOUNTS_RECEIVABLE_00004565,4564,ARINV_00004565,CUST_0042,ENT_EU,2025-04-20,2025-05-20,2025-05-25,EUR,2310.1,Paid,Sales,SMB
ACCOUNTS_RECEIVABLE_00004583,duplicate_business_key,HIGH,"Same customer_id, invoice_date, invoice_amount combination appears on more than one record",2026-09-14T18:02:42.816798+00:00,ACCOUNTS_RECEIVABLE_00004583,4582,ARINV_00004583,CUST_0083,ENT_EU,2025-04-22,2025-05-22,2025-06-07,EUR,1139.11,Paid,Sales,SMB
ACCOUNTS_RECEIVABLE_00004667,duplicate_business_key,HIGH,"Same customer_id, invoice_date, invoice_amount combination appears on more than one record",2026-09-14T18:02:42.816798+00:00,ACCOUNTS_RECEIVABLE_00004667,4666,ARINV_00004667,CUST_0048,ENT_EU,2025-04-08,2025-04-23,2025-03-29,EUR,1350.3,Paid,Marketing,Retail
ACCOUNTS_RECEIVABLE_00004696,duplicate_business_key,HIGH,"Same customer_id, invoice_date, invoice_amount combination appears on more than one record",2026-09-14T18:02:42.816798+00:00,ACCOUNTS_RECEIVABLE_00004696,4695,ARINV_00004696,CUST_0066,ENT_EU,2025-04-04,2025-05-04,2025-05-15,EUR,4505.44,Paid,Marketing,SMB
ACCOUNTS_RECEIVABLE_00005048,duplicate_business_key,HIGH,"Same customer_id, invoice_date, invoice_amount combination appears on more than one record",2026-09-14T18:02:42.816798+00:00,ACCOUNTS_RECEIVABLE_00005048,5047,ARINV_00005048,CUST_0084,ENT_EU,2025-07-18,2025-08-02,,EUR,20249.89,Written Off,Sales,
ACCOUNTS_RECEIVABLE_00005114,duplicate_business_key,HIGH,"Same customer_id, invoice_date, invoice_amount combination appears on more than one record",2026-09-14T18:02:42.816798+00:00,ACCOUNTS_RECEIVABLE_00005114,5113,ARINV_00005114,CUST_0104,ENT_EU,2025-07-15,2025-08-14,2025-09-06,EUR,16739.81,Paid,Operations,SMB
ACCOUNTS_RECEIVABLE_00005195,duplicate_business_key,HIGH,"Same customer_id, invoice_date, invoice_amount combination appears on more than one record",2026-09-14T18:02:42.816798+00:00,ACCOUNTS_RECEIVABLE_00005195,5194,ARINV_00005195,CUST_0100,ENT_EU,2025-08-06,2025-09-05,2025-09-22,EUR,4423.86,Paid,Sales,SMB
ACCOUNTS_RECEIVABLE_00005251,duplicate_business_key,HIGH,"Same customer_id, invoice_date, invoice_amount combination appears on more than one record",2026-09-14T18:02:42.816798+00:00,ACCOUNTS_RECEIVABLE_00005251,5250,ARINV_00005251,CUST_0037,ENT_EU,2025-08-16,2025-10-15,2025-10-04,EUR,7292.63,Paid,Operations,Enterprise
ACCOUNTS_RECEIVABLE_00005341,duplicate_business_key,HIGH,"Same customer_id, invoice_date, invoice_amount combination appears on more than one record",2026-09-14T18:02:42.816798+00:00,ACCOUNTS_RECEIVABLE_00005341,5340,ARINV_00005341,CUST_0018,ENT_EU,2025-09-24,2025-10-24,2025-11-24,EUR,3721.85,Paid,Sales,SMB
ACCOUNTS_RECEIVABLE_00005533,duplicate_business_key,HIGH,"Same customer_id, invoice_date, invoice_amount combination appears on more than one record",2026-09-14T18:02:42.816798+00:00,ACCOUNTS_RECEIVABLE_00005533,5532,ARINV_00005533,CUST_0012,ENT_EU,2025-10-10,2025-11-09,2025-11-18,EUR,957.86,Paid,Sales,SMB
ACCOUNTS_RECEIVABLE_00006507,duplicate_business_key,HIGH,"Same customer_id, invoice_date, invoice_amount combination appears on more than one record",2026-09-14T18:02:42.816798+00:00,ACCOUNTS_RECEIVABLE_00006507,6506,ARINV_00006507,CUST_0172,ENT_US,2023-03-13,2023-04-12,2023-04-07,USD,1346.57,Paid,Marketing,SMB
ACCOUNTS_RECEIVABLE_00006643,duplicate_business_key,HIGH,"Same customer_id, invoice_date, invoice_amount combination appears on more than one record",2026-09-14T18:02:42.816798+00:00,ACCOUNTS_RECEIVABLE_00006643,6642,ARINV_00006643,CUST_0057,ENT_US,2023-04-01,2023-04-16,2023-04-20,USD,3492.89,Paid,Marketing,Retail
ACCOUNTS_RECEIVABLE_00006679,duplicate_business_key,HIGH,"Same customer_id, invoice_date, invoice_amount combination appears on more than one record",2026-09-14T18:02:42.816798+00:00,ACCOUNTS_RECEIVABLE_00006679,6678,ARINV_00006679,CUST_0105,ENT_US,2023-04-08,2023-04-23,2023-04-20,USD,6972.05,Paid,Marketing,Retail
ACCOUNTS_RECEIVABLE_00006684,duplicate_business_key,HIGH,"Same customer_id, invoice_date, invoice_amount combination appears on more than one record",2026-09-14T18:02:42.816798+00:00,ACCOUNTS_RECEIVABLE_00006684,6683,ARINV_00006684,CUST_0078,ENT_US,2023-04-25,2023-05-25,2023-05-27,USD,2975.09,Paid,Marketing,SMB
ACCOUNTS_RECEIVABLE_00006833,duplicate_business_key,HIGH,"Same customer_id, invoice_date, invoice_amount combination appears on more than one record",2026-09-14T18:02:42.816798+00:00,ACCOUNTS_RECEIVABLE_00006833,6832,ARINV_00006833,CUST_0120,ENT_US,2023-05-02,2023-05-17,2023-05-08,USD,2112.87,Paid,Marketing,Retail
ACCOUNTS_RECEIVABLE_00006899,duplicate_business_key,HIGH,"Same customer_id, invoice_date, invoice_amount combination appears on more than one record",2026-09-14T18:02:42.816798+00:00,ACCOUNTS_RECEIVABLE_00006899,6898,ARINV_00006899,CUST_0131,ENT_US,2023-06-11,2023-06-26,2023-06-24,USD,1942.4,Paid,Sales,
ACCOUNTS_RECEIVABLE_00006937,duplicate_business_key,HIGH,"Same customer_id, invoice_date, invoice_amount combination appears on more than one record",2026-09-14T18:02:42.816798+00:00,ACCOUNTS_RECEIVABLE_00006937,6936,ARINV_00006937,CUST_0159,ENT_US,2023-06-18,2023-07-03,2023-06-27,USD,1229.83,Paid,Operations,Retail
ACCOUNTS_RECEIVABLE_00006963,duplicate_business_key,HIGH,"Same customer_id, invoice_date, invoice_amount combination appears on more than one record",2026-09-14T18:02:42.816798+00:00,ACCOUNTS_RECEIVABLE_00006963,6962,ARINV_00006963,CUST_0020,ENT_US,2023-06-28,2023-08-27,2023-08-25,USD,993.92,Paid,,Enterprise
ACCOUNTS_RECEIVABLE_00006986,duplicate_business_key,HIGH,"Same customer_id, invoice_date, invoice_amount combination appears on more than one record",2026-09-14T18:02:42.816798+00:00,ACCOUNTS_RECEIVABLE_00006986,6985,ARINV_00006986,CUST_0153,ENT_US,2023-06-22,2023-08-21,2023-08-27,USD,1024.52,Paid,Marketing,Enterprise
ACCOUNTS_RECEIVABLE_00007015,duplicate_business_key,HIGH,"Same customer_id, invoice_date, invoice_amount combination appears on more than one record",2026-09-14T18:02:42.816798+00:00,ACCOUNTS_RECEIVABLE_00007015,7014,ARINV_00007015,CUST_0110,ENT_US,2023-06-16,2023-08-15,,USD,793.94,Written Off,,Enterprise
ACCOUNTS_RECEIVABLE_00007086,duplicate_business_key,HIGH,"Same customer_id, invoice_date, invoice_amount combination appears on more than one record",2026-09-14T18:02:42.816798+00:00,ACCOUNTS_RECEIVABLE_00007086,7085,ARINV_00007086,CUST_0028,ENT_US,2023-07-04,2023-08-03,2023-08-19,USD,4503.88,Paid,Sales,SMB
ACCOUNTS_RECEIVABLE_00007389,duplicate_business_key,HIGH,"Same customer_id, invoice_date, invoice_amount combination appears on more than one record",2026-09-14T18:02:42.816798+00:00,ACCOUNTS_RECEIVABLE_00007389,7388,ARINV_00007389,CUST_0141,ENT_US,2023-09-05,2023-10-05,2023-10-11,USD,17222.52,Paid,Sales,SMB
ACCOUNTS_RECEIVABLE_00007889,duplicate_business_key,HIGH,"Same customer_id, invoice_date, invoice_amount combination appears on more than one record",2026-09-14T18:02:42.816798+00:00,ACCOUNTS_RECEIVABLE_00007889,7888,ARINV_00007889,CUST_0039,ENT_US,2023-12-13,2024-01-12,2024-01-15,GBP,21048.88,Paid,Sales,SMB
ACCOUNTS_RECEIVABLE_00008403,duplicate_business_key,HIGH,"Same customer_id, invoice_date, invoice_amount combination appears on more than one record",2026-09-14T18:02:42.816798+00:00,ACCOUNTS_RECEIVABLE_00008403,8402,ARINV_00008403,CUST_0173,ENT_US,2024-03-22,2024-04-21,2024-05-22,USD,4958.44,Paid,Operations,SMB
ACCOUNTS_RECEIVABLE_00008709,duplicate_business_key,HIGH,"Same customer_id, invoice_date, invoice_amount combination appears on more than one record",2026-09-14T18:02:42.816798+00:00,ACCOUNTS_RECEIVABLE_00008709,8708,ARINV_00008709,CUST_0059,ENT_US,2024-05-20,2024-06-04,2024-06-02,USD,3013.61,Paid,Sales,Retail
ACCOUNTS_RECEIVABLE_00008735,duplicate_business_key,HIGH,"Same customer_id, invoice_date, invoice_amount combination appears on more than one record",2026-09-14T18:02:42.816798+00:00,ACCOUNTS_RECEIVABLE_00008735,8734,ARINV_00008735,CUST_0138,ENT_US,2024-05-30,2024-06-29,2024-06-19,USD,10121.34,Paid,Operations,
ACCOUNTS_RECEIVABLE_00008773,duplicate_business_key,HIGH,"Same customer_id, invoice_date, invoice_amount combination appears on more than one record",2026-09-14T18:02:42.816798+00:00,ACCOUNTS_RECEIVABLE_00008773,8772,ARINV_00008773,CUST_0143,ENT_US,2024-05-26,2024-06-25,2024-07-16,USD,399.99,Paid,Marketing,SMB
ACCOUNTS_RECEIVABLE_00009105,duplicate_business_key,HIGH,"Same customer_id, invoice_date, invoice_amount combination appears on more than one record",2026-09-14T18:02:42.816798+00:00,ACCOUNTS_RECEIVABLE_00009105,9104,ARINV_00009105,CUST_0026,ENT_US,2024-07-27,2024-08-11,2024-07-29,USD,1569.34,Paid,,Retail
ACCOUNTS_RECEIVABLE_00009203,duplicate_business_key,HIGH,"Same customer_id, invoice_date, invoice_amount combination appears on more than one record",2026-09-14T18:02:42.816798+00:00,ACCOUNTS_RECEIVABLE_00009203,9202,ARINV_00009203,CUST_0129,ENT_US,2024-08-19,2024-10-18,2024-10-07,USD,3478.3,Paid,Operations,Enterprise
ACCOUNTS_RECEIVABLE_00009338,duplicate_business_key,HIGH,"Same customer_id, invoice_date, invoice_amount combination appears on more than one record",2026-09-14T18:02:42.816798+00:00,ACCOUNTS_RECEIVABLE_00009338,9337,ARINV_00009338,CUST_0110,ENT_US,2024-09-15,2024-11-14,2024-11-17,USD,9557.96,Paid,Operations,Enterprise
ACCOUNTS_RECEIVABLE_00009629,duplicate_business_key,HIGH,"Same customer_id, invoice_date, invoice_amount combination appears on more than one record",2026-09-14T18:02:42.816798+00:00,ACCOUNTS_RECEIVABLE_00009629,9628,ARINV_00009629,CUST_0017,ENT_US,2024-11-21,2025-01-20,2025-01-31,USD,6076.78,Paid,Sales,Enterprise
ACCOUNTS_RECEIVABLE_00009831,duplicate_business_key,HIGH,"Same customer_id, invoice_date, invoice_amount combination appears on more than one record",2026-09-14T18:02:42.816798+00:00,ACCOUNTS_RECEIVABLE_00009831,9830,ARINV_00009831,CUST_0138,ENT_US,2024-12-27,2025-01-26,2025-01-16,USD,1205.14,Paid,Operations,SMB
ACCOUNTS_RECEIVABLE_00009899,duplicate_business_key,HIGH,"Same customer_id, invoice_date, invoice_amount combination appears on more than one record",2026-09-14T18:02:42.816798+00:00,ACCOUNTS_RECEIVABLE_00009899,9898,ARINV_00009899,CUST_0052,ENT_US,2025-01-18,2025-02-17,2025-02-21,USD,8344.26,Paid,Sales,SMB
ACCOUNTS_RECEIVABLE_00009923,duplicate_business_key,HIGH,"Same customer_id, invoice_date, invoice_amount combination appears on more than one record",2026-09-14T18:02:42.816798+00:00,ACCOUNTS_RECEIVABLE_00009923,9922,ARINV_00009923,CUST_0020,ENT_US,2025-01-22,2025-03-23,2025-04-04,USD,16122.23,Paid,Sales,Enterprise
ACCOUNTS_RECEIVABLE_00010024,duplicate_business_key,HIGH,"Same customer_id, invoice_date, invoice_amount combination appears on more than one record",2026-09-14T18:02:42.816798+00:00,ACCOUNTS_RECEIVABLE_00010024,10023,ARINV_00010024,CUST_0051,ENT_US,2025-01-19,2025-02-18,2025-02-13,USD,209.12,Paid,Marketing,SMB
ACCOUNTS_RECEIVABLE_00010169,duplicate_business_key,HIGH,"Same customer_id, invoice_date, invoice_amount combination appears on more than one record",2026-09-14T18:02:42.816798+00:00,ACCOUNTS_RECEIVABLE_00010169,10168,ARINV_00010169,CUST_0008,ENT_US,2025-02-05,2025-03-07,2025-03-17,USD,3551.35,Paid,Operations,SMB
ACCOUNTS_RECEIVABLE_00010196,duplicate_business_key,HIGH,"Same customer_id, invoice_date, invoice_amount combination appears on more than one record",2026-09-14T18:02:42.816798+00:00,ACCOUNTS_RECEIVABLE_00010196,10195,ARINV_00010196,CUST_0158,ENT_US,2025-02-19,2025-03-21,2025-04-02,USD,800.7,Paid,Operations,SMB
ACCOUNTS_RECEIVABLE_00010198,duplicate_business_key,HIGH,"Same customer_id, invoice_date, invoice_amount combination appears on more than one record",2026-09-14T18:02:42.816798+00:00,ACCOUNTS_RECEIVABLE_00010198,10197,ARINV_00010198,CUST_0028,ENT_US,2025-02-02,2025-03-04,2025-03-09,USD,4490.98,Paid,Operations,SMB
ACCOUNTS_RECEIVABLE_00010216,duplicate_business_key,HIGH,"Same customer_id, invoice_date, invoice_amount combination appears on more than one record",2026-09-14T18:02:42.816798+00:00,ACCOUNTS_RECEIVABLE_00010216,10215,ARINV_00010216,CUST_0078,ENT_US,2025-02-01,2025-03-03,2025-03-22,USD,869.17,Paid,Marketing,SMB
ACCOUNTS_RECEIVABLE_00010345,duplicate_business_key,HIGH,"Same customer_id, invoice_date, invoice_amount combination appears on more than one record",2026-09-14T18:02:42.816798+00:00,ACCOUNTS_RECEIVABLE_00010345,10344,ARINV_00010345,CUST_0091,ENT_US,2025-03-02,2025-03-17,2025-02-28,EUR,7004.77,Paid,Operations,Retail
ACCOUNTS_RECEIVABLE_00010367,duplicate_business_key,HIGH,"Same customer_id, invoice_date, invoice_amount combination appears on more than one record",2026-09-14T18:02:42.816798+00:00,ACCOUNTS_RECEIVABLE_00010367,10366,ARINV_00010367,CUST_0017,ENT_US,2025-03-01,2025-04-30,2025-05-15,USD,1610.28,Paid,Operations,Enterprise
ACCOUNTS_RECEIVABLE_00010403,duplicate_business_key,HIGH,"Same customer_id, invoice_date, invoice_amount combination appears on more than one record",2026-09-14T18:02:42.816798+00:00,ACCOUNTS_RECEIVABLE_00010403,10402,ARINV_00010403,CUST_0158,ENT_US,2025-03-18,2025-04-17,2025-04-17,USD,2711.83,Paid,Marketing,SMB
ACCOUNTS_RECEIVABLE_00010452,duplicate_business_key,HIGH,"Same customer_id, invoice_date, invoice_amount combination appears on more than one record",2026-09-14T18:02:42.816798+00:00,ACCOUNTS_RECEIVABLE_00010452,10451,ARINV_00010452,CUST_0091,ENT_US,2025-04-11,2025-04-26,2025-04-25,EUR,2958.51,Paid,Sales,Retail
ACCOUNTS_RECEIVABLE_00010572,duplicate_business_key,HIGH,"Same customer_id, invoice_date, invoice_amount combination appears on more than one record",2026-09-14T18:02:42.816798+00:00,ACCOUNTS_RECEIVABLE_00010572,10571,ARINV_00010572,CUST_0122,ENT_US,2025-04-08,2025-04-23,2025-04-20,USD,1611.5,Paid,Marketing,Retail
ACCOUNTS_RECEIVABLE_00010694,duplicate_business_key,HIGH,"Same customer_id, invoice_date, invoice_amount combination appears on more than one record",2026-09-14T18:02:42.816798+00:00,ACCOUNTS_RECEIVABLE_00010694,10693,ARINV_00010694,CUST_0064,ENT_US,2025-05-21,2025-06-20,2025-06-11,USD,446.37,Paid,Operations,SMB
ACCOUNTS_RECEIVABLE_00010727,duplicate_business_key,HIGH,"Same customer_id, invoice_date, invoice_amount combination appears on more than one record",2026-09-14T18:02:42.816798+00:00,ACCOUNTS_RECEIVABLE_00010727,10726,ARINV_00010727,CUST_0020,ENT_US,2025-05-28,2025-07-27,2025-07-25,USD,787.58,Paid,Marketing,Enterprise
ACCOUNTS_RECEIVABLE_00011064,duplicate_business_key,HIGH,"Same customer_id, invoice_date, invoice_amount combination appears on more than one record",2026-09-14T18:02:42.816798+00:00,ACCOUNTS_RECEIVABLE_00011064,11063,ARINV_00011064,CUST_0090,ENT_US,2025-07-22,2025-09-20,2025-09-10,USD,1297.24,Paid,Marketing,
ACCOUNTS_RECEIVABLE_00011178,duplicate_business_key,HIGH,"Same customer_id, invoice_date, invoice_amount combination appears on more than one record",2026-09-14T18:02:42.816798+00:00,ACCOUNTS_RECEIVABLE_00011178,11177,ARINV_00011178,CUST_0020,ENT_US,2025-08-10,2025-10-09,2025-10-21,USD,4271.28,Paid,Sales,Enterprise
ACCOUNTS_RECEIVABLE_00011194,duplicate_business_key,HIGH,"Same customer_id, invoice_date, invoice_amount combination appears on more than one record",2026-09-14T18:02:42.816798+00:00,ACCOUNTS_RECEIVABLE_00011194,11193,ARINV_00011194,CUST_0058,ENT_US,2025-08-30,2025-09-29,2025-09-22,USD,1858.19,Paid,Operations,SMB
ACCOUNTS_RECEIVABLE_00011325,duplicate_business_key,HIGH,"Same customer_id, invoice_date, invoice_amount combination appears on more than one record",2026-09-14T18:02:42.816798+00:00,ACCOUNTS_RECEIVABLE_00011325,11324,ARINV_00011325,CUST_0105,ENT_US,2025-09-08,2025-09-23,2025-09-23,USD,1533.21,Paid,Operations,Retail
ACCOUNTS_RECEIVABLE_00011447,duplicate_business_key,HIGH,"Same customer_id, invoice_date, invoice_amount combination appears on more than one record",2026-09-14T18:02:42.816798+00:00,ACCOUNTS_RECEIVABLE_00011447,11446,ARINV_00011447,CUST_0028,ENT_US,2025-10-17,2025-11-16,2025-11-10,USD,5532.5,Paid,Sales,SMB
ACCOUNTS_RECEIVABLE_00011902,duplicate_business_key,HIGH,"Same customer_id, invoice_date, invoice_amount combination appears on more than one record",2026-09-14T18:02:42.816798+00:00,ACCOUNTS_RECEIVABLE_00011902,11901,ARINV_00011902,CUST_0051,ENT_US,2025-12-26,2026-01-25,,USD,10963.26,Open,Operations,SMB
ACCOUNTS_RECEIVABLE_00012137,duplicate_business_key,HIGH,"Same customer_id, invoice_date, invoice_amount combination appears on more than one record",2026-09-14T18:02:42.816798+00:00,ACCOUNTS_RECEIVABLE_00012137,12136,ARINV_00012137,CUST_0146,ENT_UK,2023-01-03,2023-03-04,2023-02-25,GBP,294.46,Paid,Marketing,Enterprise
ACCOUNTS_RECEIVABLE_00012149,duplicate_business_key,HIGH,"Same customer_id, invoice_date, invoice_amount combination appears on more than one record",2026-09-14T18:02:42.816798+00:00,ACCOUNTS_RECEIVABLE_00012149,12148,ARINV_00012149,CUST_0047,ENT_UK,2023-01-01,2023-01-31,2023-02-03,GBP,331.1,Paid,Marketing,SMB
ACCOUNTS_RECEIVABLE_00012387,duplicate_business_key,HIGH,"Same customer_id, invoice_date, invoice_amount combination appears on more than one record",2026-09-14T18:02:42.816798+00:00,ACCOUNTS_RECEIVABLE_00012387,12386,ARINV_00012387,CUST_0022,ENT_UK,2023-03-14,2023-03-29,2023-03-19,USD,1514.83,Paid,Sales,Retail
ACCOUNTS_RECEIVABLE_00012406,duplicate_business_key,HIGH,"Same customer_id, invoice_date, invoice_amount combination appears on more than one record",2026-09-14T18:02:42.816798+00:00,ACCOUNTS_RECEIVABLE_00012406,12405,ARINV_00012406,CUST_0118,ENT_UK,2023-03-15,2023-05-14,2023-05-25,GBP,3267.95,Paid,Operations,Enterprise
ACCOUNTS_RECEIVABLE_00012470,duplicate_business_key,HIGH,"Same customer_id, invoice_date, invoice_amount combination appears on more than one record",2026-09-14T18:02:42.816798+00:00,ACCOUNTS_RECEIVABLE_00012470,12469,ARINV_00012470,CUST_0148,ENT_UK,2023-03-05,2023-03-20,2023-03-09,GBP,799.57,Paid,Marketing,Retail
ACCOUNTS_RECEIVABLE_00012636,duplicate_business_key,HIGH,"Same customer_id, invoice_date, invoice_amount combination appears on more than one record",2026-09-14T18:02:42.816798+00:00,ACCOUNTS_RECEIVABLE_00012636,12635,ARINV_00012636,CUST_0019,ENT_UK,2023-04-25,2023-05-25,2023-06-17,GBP,1147.92,Paid,Marketing,SMB
ACCOUNTS_RECEIVABLE_00012659,duplicate_business_key,HIGH,"Same customer_id, invoice_date, invoice_amount combination appears on more than one record",2026-09-14T18:02:42.816798+00:00,ACCOUNTS_RECEIVABLE_00012659,12658,ARINV_00012659,CUST_0025,ENT_UK,2023-04-15,2023-04-30,2023-04-21,USD,2538.37,Paid,Marketing,Retail
ACCOUNTS_RECEIVABLE_00012684,duplicate_business_key,HIGH,"Same customer_id, invoice_date, invoice_amount combination appears on more than one record",2026-09-14T18:02:42.816798+00:00,ACCOUNTS_RECEIVABLE_00012684,12683,ARINV_00012684,CUST_0010,ENT_UK,2023-05-22,2023-06-06,2023-06-05,GBP,10312.65,Paid,Sales,Retail
ACCOUNTS_RECEIVABLE_00012935,duplicate_business_key,HIGH,"Same customer_id, invoice_date, invoice_amount combination appears on more than one record",2026-09-14T18:02:42.816798+00:00,ACCOUNTS_RECEIVABLE_00012935,12934,ARINV_00012935,CUST_0115,ENT_UK,2023-06-12,2023-08-11,2023-08-17,GBP,1559.61,Paid,,Enterprise
ACCOUNTS_RECEIVABLE_00013011,duplicate_business_key,HIGH,"Same customer_id, invoice_date, invoice_amount combination appears on more than one record",2026-09-14T18:02:42.816798+00:00,ACCOUNTS_RECEIVABLE_00013011,13010,ARINV_00013011,CUST_0076,ENT_UK,2023-06-12,2023-07-12,2023-07-31,GBP,1327.94,Paid,Marketing,SMB
ACCOUNTS_RECEIVABLE_00013239,duplicate_business_key,HIGH,"Same customer_id, invoice_date, invoice_amount combination appears on more than one record",2026-09-14T18:02:42.816798+00:00,ACCOUNTS_RECEIVABLE_00013239,13238,ARINV_00013239,CUST_0156,ENT_UK,2023-08-10,2023-08-25,2023-08-30,GBP,663.81,Paid,Operations,Retail
ACCOUNTS_RECEIVABLE_00013330,duplicate_business_key,HIGH,"Same customer_id, invoice_date, invoice_amount combination appears on more than one record",2026-09-14T18:02:42.816798+00:00,ACCOUNTS_RECEIVABLE_00013330,13329,ARINV_00013330,CUST_0174,ENT_UK,2023-08-29,2023-09-13,2023-09-15,USD,136.89,Paid,Marketing,Retail
ACCOUNTS_RECEIVABLE_00013383,duplicate_business_key,HIGH,"Same customer_id, invoice_date, invoice_amount combination appears on more than one record",2026-09-14T18:02:42.816798+00:00,ACCOUNTS_RECEIVABLE_00013383,13382,ARINV_00013383,CUST_0177,ENT_UK,2023-09-07,2023-09-22,2023-09-24,GBP,10323.84,Paid,Operations,Retail
ACCOUNTS_RECEIVABLE_00013472,duplicate_business_key,HIGH,"Same customer_id, invoice_date, invoice_amount combination appears on more than one record",2026-09-14T18:02:42.816798+00:00,ACCOUNTS_RECEIVABLE_00013472,13471,ARINV_00013472,CUST_0117,ENT_UK,2023-09-02,2023-11-01,2023-11-16,GBP,807.16,Paid,Marketing,Enterprise
ACCOUNTS_RECEIVABLE_00013573,duplicate_business_key,HIGH,"Same customer_id, invoice_date, invoice_amount combination appears on more than one record",2026-09-14T18:02:42.816798+00:00,ACCOUNTS_RECEIVABLE_00013573,13572,ARINV_00013573,CUST_0167,ENT_UK,2023-10-03,2023-11-02,2023-11-14,EUR,4939.62,Paid,,SMB
ACCOUNTS_RECEIVABLE_00013593,duplicate_business_key,HIGH,"Same customer_id, invoice_date, invoice_amount combination appears on more than one record",2026-09-14T18:02:42.816798+00:00,ACCOUNTS_RECEIVABLE_00013593,13592,ARINV_00013593,CUST_0003,ENT_UK,2023-10-06,2023-10-21,2023-10-22,GBP,146.81,Paid,Operations,Retail
ACCOUNTS_RECEIVABLE_00013710,duplicate_business_key,HIGH,"Same customer_id, invoice_date, invoice_amount combination appears on more than one record",2026-09-14T18:02:42.816798+00:00,ACCOUNTS_RECEIVABLE_00013710,13709,ARINV_00013710,CUST_0118,ENT_UK,2023-11-24,2024-01-23,2024-01-19,GBP,1245.86,Paid,Sales,Enterprise
ACCOUNTS_RECEIVABLE_00013746,duplicate_business_key,HIGH,"Same customer_id, invoice_date, invoice_amount combination appears on more than one record",2026-09-14T18:02:42.816798+00:00,ACCOUNTS_RECEIVABLE_00013746,13745,ARINV_00013746,CUST_0045,ENT_UK,2023-11-21,2023-12-06,2023-11-24,GBP,7102.36,Paid,Operations,Retail
ACCOUNTS_RECEIVABLE_00013796,duplicate_business_key,HIGH,"Same customer_id, invoice_date, invoice_amount combination appears on more than one record",2026-09-14T18:02:42.816798+00:00,ACCOUNTS_RECEIVABLE_00013796,13795,ARINV_00013796,CUST_0073,ENT_UK,2023-11-29,2023-12-14,2023-12-10,GBP,435.88,Paid,Operations,Retail
ACCOUNTS_RECEIVABLE_00013829,duplicate_business_key,HIGH,"Same customer_id, invoice_date, invoice_amount combination appears on more than one record",2026-09-14T18:02:42.816798+00:00,ACCOUNTS_RECEIVABLE_00013829,13828,ARINV_00013829,CUST_0047,ENT_UK,2023-11-07,2023-12-07,2023-12-13,GBP,966.65,Paid,Marketing,SMB
ACCOUNTS_RECEIVABLE_00014367,duplicate_business_key,HIGH,"Same customer_id, invoice_date, invoice_amount combination appears on more than one record",2026-09-14T18:02:42.816798+00:00,ACCOUNTS_RECEIVABLE_00014367,14366,ARINV_00014367,CUST_0108,ENT_UK,2024-02-03,2024-03-04,2024-03-20,GBP,984.99,Paid,Marketing,SMB
ACCOUNTS_RECEIVABLE_00014450,duplicate_business_key,HIGH,"Same customer_id, invoice_date, invoice_amount combination appears on more than one record",2026-09-14T18:02:42.816798+00:00,ACCOUNTS_RECEIVABLE_00014450,14449,ARINV_00014450,CUST_0068,ENT_UK,2024-03-02,2024-04-01,2024-04-13,GBP,820.42,Paid,Sales,SMB
ACCOUNTS_RECEIVABLE_00014759,duplicate_business_key,HIGH,"Same customer_id, invoice_date, invoice_amount combination appears on more than one record",2026-09-14T18:02:42.816798+00:00,ACCOUNTS_RECEIVABLE_00014759,14758,ARINV_00014759,CUST_0102,ENT_UK,2024-05-17,2024-07-16,,USD,285.57,Written Off,Sales,
ACCOUNTS_RECEIVABLE_00014776,duplicate_business_key,HIGH,"Same customer_id, invoice_date, invoice_amount combination appears on more than one record",2026-09-14T18:02:42.816798+00:00,ACCOUNTS_RECEIVABLE_00014776,14775,ARINV_00014776,CUST_0003,ENT_UK,2024-05-13,2024-05-28,2024-06-03,GBP,2615.08,Paid,Sales,Retail
ACCOUNTS_RECEIVABLE_00014873,duplicate_business_key,HIGH,"Same customer_id, invoice_date, invoice_amount combination appears on more than one record",2026-09-14T18:02:42.816798+00:00,ACCOUNTS_RECEIVABLE_00014873,14872,ARINV_00014873,CUST_0043,ENT_UK,2024-06-21,2024-08-20,2024-08-16,GBP,10518.74,Paid,Sales,Enterprise
ACCOUNTS_RECEIVABLE_00015082,duplicate_business_key,HIGH,"Same customer_id, invoice_date, invoice_amount combination appears on more than one record",2026-09-14T18:02:42.816798+00:00,ACCOUNTS_RECEIVABLE_00015082,15081,ARINV_00015082,CUST_0112,ENT_UK,2024-07-26,2024-08-10,2024-08-02,GBP,2827.36,Paid,Operations,Retail
ACCOUNTS_RECEIVABLE_00015112,duplicate_business_key,HIGH,"Same customer_id, invoice_date, invoice_amount combination appears on more than one record",2026-09-14T18:02:42.816798+00:00,ACCOUNTS_RECEIVABLE_00015112,15111,ARINV_00015112,CUST_0055,ENT_UK,2024-07-20,2024-08-19,2024-08-25,GBP,493.38,Paid,Marketing,SMB
ACCOUNTS_RECEIVABLE_00015570,duplicate_business_key,HIGH,"Same customer_id, invoice_date, invoice_amount combination appears on more than one record",2026-09-14T18:02:42.816798+00:00,ACCOUNTS_RECEIVABLE_00015570,15569,ARINV_00015570,CUST_0106,ENT_UK,2024-10-12,2024-11-11,2024-11-27,GBP,2952.71,Paid,,SMB
ACCOUNTS_RECEIVABLE_00015621,duplicate_business_key,HIGH,"Same customer_id, invoice_date, invoice_amount combination appears on more than one record",2026-09-14T18:02:42.816798+00:00,ACCOUNTS_RECEIVABLE_00015621,15620,ARINV_00015621,CUST_0063,ENT_UK,2024-10-11,2024-11-10,2024-11-20,GBP,680.08,Paid,Marketing,SMB
ACCOUNTS_RECEIVABLE_00015773,duplicate_business_key,HIGH,"Same customer_id, invoice_date, invoice_amount combination appears on more than one record",2026-09-14T18:02:42.816798+00:00,ACCOUNTS_RECEIVABLE_00015773,15772,ARINV_00015773,CUST_0086,ENT_UK,2024-11-21,2024-12-06,2024-12-19,GBP,878.98,Paid,Operations,Retail
ACCOUNTS_RECEIVABLE_00015779,duplicate_business_key,HIGH,"Same customer_id, invoice_date, invoice_amount combination appears on more than one record",2026-09-14T18:02:42.816798+00:00,ACCOUNTS_RECEIVABLE_00015779,15778,ARINV_00015779,CUST_0081,ENT_UK,2024-11-28,2024-12-13,2024-12-23,GBP,306.99,Paid,Operations,Retail
ACCOUNTS_RECEIVABLE_00015909,duplicate_business_key,HIGH,"Same customer_id, invoice_date, invoice_amount combination appears on more than one record",2026-09-14T18:02:42.816798+00:00,ACCOUNTS_RECEIVABLE_00015909,15908,ARINV_00015909,CUST_0005,ENT_UK,2024-12-29,2025-02-27,2025-03-16,GBP,2539.61,Paid,Operations,Enterprise
ACCOUNTS_RECEIVABLE_00016194,duplicate_business_key,HIGH,"Same customer_id, invoice_date, invoice_amount combination appears on more than one record",2026-09-14T18:02:42.816798+00:00,ACCOUNTS_RECEIVABLE_00016194,16193,ARINV_00016194,CUST_0178,ENT_UK,2025-02-10,2025-03-12,2025-04-02,GBP,2996.64,Paid,Sales,SMB
ACCOUNTS_RECEIVABLE_00016765,duplicate_business_key,HIGH,"Same customer_id, invoice_date, invoice_amount combination appears on more than one record",2026-09-14T18:02:42.816798+00:00,ACCOUNTS_RECEIVABLE_00016765,16764,ARINV_00016765,CUST_0022,ENT_UK,2025-05-18,2025-06-02,2025-05-25,USD,2681.24,Paid,Operations,Retail
ACCOUNTS_RECEIVABLE_00016791,duplicate_business_key,HIGH,"Same customer_id, invoice_date, invoice_amount combination appears on more than one record",2026-09-14T18:02:42.816798+00:00,ACCOUNTS_RECEIVABLE_00016791,16790,ARINV_00016791,CUST_0073,ENT_UK,2025-05-29,2025-06-13,2025-06-10,GBP,1764.01,Paid,Operations,Retail
ACCOUNTS_RECEIVABLE_00016811,duplicate_business_key,HIGH,"Same customer_id, invoice_date, invoice_amount combination appears on more than one record",2026-09-14T18:02:42.816798+00:00,ACCOUNTS_RECEIVABLE_00016811,16810,ARINV_00016811,CUST_0118,ENT_UK,2025-05-23,2025-07-22,2025-07-09,GBP,968.25,Paid,Marketing,Enterprise
ACCOUNTS_RECEIVABLE_00017044,duplicate_business_key,HIGH,"Same customer_id, invoice_date, invoice_amount combination appears on more than one record",2026-09-14T18:02:42.816798+00:00,ACCOUNTS_RECEIVABLE_00017044,17043,ARINV_00017044,CUST_0137,ENT_UK,2025-07-26,2025-08-10,2025-08-15,GBP,5019.7,Paid,Sales,Retail
ACCOUNTS_RECEIVABLE_00017142,duplicate_business_key,HIGH,"Same customer_id, invoice_date, invoice_amount combination appears on more than one record",2026-09-14T18:02:42.816798+00:00,ACCOUNTS_RECEIVABLE_00017142,17141,ARINV_00017142,CUST_0021,ENT_UK,2025-07-16,2025-09-14,2025-09-15,GBP,638.39,Paid,Marketing,Enterprise
ACCOUNTS_RECEIVABLE_00017231,duplicate_business_key,HIGH,"Same customer_id, invoice_date, invoice_amount combination appears on more than one record",2026-09-14T18:02:42.816798+00:00,ACCOUNTS_RECEIVABLE_00017231,17230,ARINV_00017231,CUST_0161,ENT_UK,2025-08-04,2025-10-03,2025-10-21,GBP,5036.2,Paid,Sales,Enterprise
ACCOUNTS_RECEIVABLE_00017332,duplicate_business_key,HIGH,"Same customer_id, invoice_date, invoice_amount combination appears on more than one record",2026-09-14T18:02:42.816798+00:00,ACCOUNTS_RECEIVABLE_00017332,17331,ARINV_00017332,CUST_0041,ENT_UK,2025-08-20,2025-09-19,2025-09-15,GBP,265.69,Paid,Marketing,SMB
ACCOUNTS_RECEIVABLE_00017408,duplicate_business_key,HIGH,"Same customer_id, invoice_date, invoice_amount combination appears on more than one record",2026-09-14T18:02:42.816798+00:00,ACCOUNTS_RECEIVABLE_00017408,17407,ARINV_00017408,CUST_0161,ENT_UK,2025-09-04,2025-11-03,2025-11-04,GBP,12607.04,Paid,Sales,Enterprise
ACCOUNTS_RECEIVABLE_00017565,duplicate_business_key,HIGH,"Same customer_id, invoice_date, invoice_amount combination appears on more than one record",2026-09-14T18:02:42.816798+00:00,ACCOUNTS_RECEIVABLE_00017565,17564,ARINV_00017565,CUST_0167,ENT_UK,2025-10-19,2025-11-18,2025-10-18,EUR,1687.58,Paid,Sales,SMB
ACCOUNTS_RECEIVABLE_00017572,duplicate_business_key,HIGH,"Same customer_id, invoice_date, invoice_amount combination appears on more than one record",2026-09-14T18:02:42.816798+00:00,ACCOUNTS_RECEIVABLE_00017572,17571,ARINV_00017572,CUST_0156,ENT_UK,2025-10-31,2025-11-15,2025-11-05,GBP,8938.41,Paid,Sales,Retail
ACCOUNTS_RECEIVABLE_00017578,duplicate_business_key,HIGH,"Same customer_id, invoice_date, invoice_amount combination appears on more than one record",2026-09-14T18:02:42.816798+00:00,ACCOUNTS_RECEIVABLE_00017578,17577,ARINV_00017578,CUST_0178,ENT_UK,2025-10-26,2025-11-25,2025-11-08,GBP,2740.62,Paid,Sales,SMB
ACCOUNTS_RECEIVABLE_00017659,duplicate_business_key,HIGH,"Same customer_id, invoice_date, invoice_amount combination appears on more than one record",2026-09-14T18:02:42.816798+00:00,ACCOUNTS_RECEIVABLE_00017659,17658,ARINV_00017659,CUST_0174,ENT_UK,2025-10-01,2025-10-16,2025-10-02,USD,1302.53,Paid,Operations,Retail
ACCOUNTS_RECEIVABLE_00017705,duplicate_business_key,HIGH,"Same customer_id, invoice_date, invoice_amount combination appears on more than one record",2026-09-14T18:02:42.816798+00:00,ACCOUNTS_RECEIVABLE_00017705,17704,ARINV_00017705,CUST_0067,ENT_UK,2025-10-21,2025-11-05,2025-11-11,GBP,1823.98,Paid,Marketing,Retail
ACCOUNTS_RECEIVABLE_00017852,duplicate_business_key,HIGH,"Same customer_id, invoice_date, invoice_amount combination appears on more than one record",2026-09-14T18:02:42.816798+00:00,ACCOUNTS_RECEIVABLE_00017852,17851,ARINV_00017852,CUST_0126,ENT_UK,2025-11-18,2025-12-18,2025-12-25,GBP,838.29,Paid,Marketing,
ACCOUNTS_RECEIVABLE_00018045,duplicate_business_key,HIGH,"Same customer_id, invoice_date, invoice_amount combination appears on more than one record",2026-09-14T18:02:42.816798+00:00,ACCOUNTS_RECEIVABLE_00018045,18044,ARINV_00001460,CUST_0050,ENT_EU,2023-09-30,2023-11-29,2023-11-14,EUR,11029.41,Paid,Operations,Enterprise
ACCOUNTS_RECEIVABLE_00018046,duplicate_business_key,HIGH,"Same customer_id, invoice_date, invoice_amount combination appears on more than one record",2026-09-14T18:02:42.816798+00:00,ACCOUNTS_RECEIVABLE_00018046,18045,ARINV_00013573,CUST_0167,ENT_UK,2023-10-03,2023-11-02,2023-11-14,EUR,4939.62,Paid,Operations,SMB
ACCOUNTS_RECEIVABLE_00018047,duplicate_business_key,HIGH,"Same customer_id, invoice_date, invoice_amount combination appears on more than one record",2026-09-14T18:02:42.816798+00:00,ACCOUNTS_RECEIVABLE_00018047,18046,ARINV_00004583,CUST_0083,ENT_EU,2025-04-22,2025-05-22,2025-06-07,EUR,1139.11,Paid,Sales,SMB
ACCOUNTS_RECEIVABLE_00018048,duplicate_business_key,HIGH,"Same customer_id, invoice_date, invoice_amount combination appears on more than one record",2026-09-14T18:02:42.816798+00:00,ACCOUNTS_RECEIVABLE_00018048,18047,ARINV_00017705,CUST_0067,ENT_UK,2025-10-21,2025-11-05,2025-11-11,GBP,1823.98,Paid,Marketing,Retail
ACCOUNTS_RECEIVABLE_00018049,duplicate_business_key,HIGH,"Same customer_id, invoice_date, invoice_amount combination appears on more than one record",2026-09-14T18:02:42.816798+00:00,ACCOUNTS_RECEIVABLE_00018049,18048,ARINV_00005048,CUST_0084,ENT_EU,2025-07-18,2025-08-02,,EUR,20249.89,Written Off,Sales,Retail
ACCOUNTS_RECEIVABLE_00018050,duplicate_business_key,HIGH,"Same customer_id, invoice_date, invoice_amount combination appears on more than one record",2026-09-14T18:02:42.816798+00:00,ACCOUNTS_RECEIVABLE_00018050,18049,ARINV_00005533,CUST_0012,ENT_EU,2025-10-10,2025-11-09,2025-11-18,EUR,957.86,Paid,,SMB
ACCOUNTS_RECEIVABLE_00018051,duplicate_business_key,HIGH,"Same customer_id, invoice_date, invoice_amount combination appears on more than one record",2026-09-14T18:02:42.816798+00:00,ACCOUNTS_RECEIVABLE_00018051,18050,ARINV_00013710,CUST_0118,ENT_UK,2023-11-24,2024-01-23,2024-01-19,GBP,1245.86,Paid,Sales,
ACCOUNTS_RECEIVABLE_00018052,duplicate_business_key,HIGH,"Same customer_id, invoice_date, invoice_amount combination appears on more than one record",2026-09-14T18:02:42.816798+00:00,ACCOUNTS_RECEIVABLE_00018052,18051,ARINV_00011902,CUST_0051,ENT_US,2025-12-26,2026-01-25,,USD,10963.26,Open,Operations,SMB
ACCOUNTS_RECEIVABLE_00018053,duplicate_business_key,HIGH,"Same customer_id, invoice_date, invoice_amount combination appears on more than one record",2026-09-14T18:02:42.816798+00:00,ACCOUNTS_RECEIVABLE_00018053,18052,ARINV_00015082,CUST_0112,ENT_UK,2024-07-26,2024-08-10,2024-08-02,GBP,2827.36,Paid,Operations,Retail
ACCOUNTS_RECEIVABLE_00018054,duplicate_business_key,HIGH,"Same customer_id, invoice_date, invoice_amount combination appears on more than one record",2026-09-14T18:02:42.816798+00:00,ACCOUNTS_RECEIVABLE_00018054,18053,ARINV_00013011,CUST_0076,ENT_UK,2023-06-12,2023-07-12,2023-07-31,GBP,1327.94,Paid,Marketing,SMB
ACCOUNTS_RECEIVABLE_00018055,duplicate_business_key,HIGH,"Same customer_id, invoice_date, invoice_amount combination appears on more than one record",2026-09-14T18:02:42.816798+00:00,ACCOUNTS_RECEIVABLE_00018055,18054,ARINV_00001096,CUST_0011,ENT_EU,2023-07-27,2023-08-11,2023-08-23,GBP,2356.48,Paid,Operations,Retail
ACCOUNTS_RECEIVABLE_00018056,duplicate_business_key,HIGH,"Same customer_id, invoice_date, invoice_amount combination appears on more than one record",2026-09-14T18:02:42.816798+00:00,ACCOUNTS_RECEIVABLE_00018056,18055,ARINV_00002765,CUST_0044,ENT_EU,2024-05-08,2024-06-07,2024-07-17,EUR,4457.31,Paid,Sales,SMB
ACCOUNTS_RECEIVABLE_00018057,duplicate_business_key,HIGH,"Same customer_id, invoice_date, invoice_amount combination appears on more than one record",2026-09-14T18:02:42.816798+00:00,ACCOUNTS_RECEIVABLE_00018057,18056,ARINV_00017142,CUST_0021,ENT_UK,2025-07-16,2025-09-14,2025-09-15,GBP,638.39,Paid,Marketing,Enterprise
ACCOUNTS_RECEIVABLE_00018058,duplicate_business_key,HIGH,"Same customer_id, invoice_date, invoice_amount combination appears on more than one record",2026-09-14T18:02:42.816798+00:00,ACCOUNTS_RECEIVABLE_00018058,18057,ARINV_00001308,CUST_0128,ENT_EU,2023-08-11,2023-08-26,2023-08-11,EUR,2642.99,Paid,Operations,Retail
ACCOUNTS_RECEIVABLE_00018059,duplicate_business_key,HIGH,"Same customer_id, invoice_date, invoice_amount combination appears on more than one record",2026-09-14T18:02:42.816798+00:00,ACCOUNTS_RECEIVABLE_00018059,18058,ARINV_00003749,CUST_0006,ENT_EU,2024-10-16,2024-11-15,2024-11-16,EUR,1078.0,Paid,Marketing,SMB
ACCOUNTS_RECEIVABLE_00018060,duplicate_business_key,HIGH,"Same customer_id, invoice_date, invoice_amount combination appears on more than one record",2026-09-14T18:02:42.816798+00:00,ACCOUNTS_RECEIVABLE_00018060,18059,ARINV_00009105,CUST_0026,ENT_US,2024-07-27,2024-08-11,2024-07-29,USD,1569.34,Paid,Marketing,Retail
ACCOUNTS_RECEIVABLE_00018061,duplicate_business_key,HIGH,"Same customer_id, invoice_date, invoice_amount combination appears on more than one record",2026-09-14T18:02:42.816798+00:00,ACCOUNTS_RECEIVABLE_00018061,18060,ARINV_00014759,CUST_0102,ENT_UK,2024-05-17,2024-07-16,,USD,285.57,Written Off,Sales,Enterprise
ACCOUNTS_RECEIVABLE_00018062,duplicate_business_key,HIGH,"Same customer_id, invoice_date, invoice_amount combination appears on more than one record",2026-09-14T18:02:42.816798+00:00,ACCOUNTS_RECEIVABLE_00018062,18061,ARINV_00001973,CUST_0119,ENT_EU,2023-12-26,2024-01-10,2024-01-04,EUR,3077.39,Paid,Sales,Retail
ACCOUNTS_RECEIVABLE_00018063,duplicate_business_key,HIGH,"Same customer_id, invoice_date, invoice_amount combination appears on more than one record",2026-09-14T18:02:42.816798+00:00,ACCOUNTS_RECEIVABLE_00018063,18062,ARINV_00001576,CUST_0121,ENT_EU,2023-10-01,2023-10-16,2023-10-09,EUR,6854.86,Paid,Sales,Retail
ACCOUNTS_RECEIVABLE_00018064,duplicate_business_key,HIGH,"Same customer_id, invoice_date, invoice_amount combination appears on more than one record",2026-09-14T18:02:42.816798+00:00,ACCOUNTS_RECEIVABLE_00018064,18063,ARINV_00010198,CUST_0028,ENT_US,2025-02-02,2025-03-04,2025-03-09,USD,4490.98,Paid,Operations,SMB
ACCOUNTS_RECEIVABLE_00018065,duplicate_business_key,HIGH,"Same customer_id, invoice_date, invoice_amount combination appears on more than one record",2026-09-14T18:02:42.816798+00:00,ACCOUNTS_RECEIVABLE_00018065,18064,ARINV_00015621,CUST_0063,ENT_UK,2024-10-11,2024-11-10,2024-11-20,GBP,680.08,Paid,Marketing,SMB
ACCOUNTS_RECEIVABLE_00018066,duplicate_business_key,HIGH,"Same customer_id, invoice_date, invoice_amount combination appears on more than one record",2026-09-14T18:02:42.816798+00:00,ACCOUNTS_RECEIVABLE_00018066,18065,ARINV_00005195,CUST_0100,ENT_EU,2025-08-06,2025-09-05,2025-09-22,EUR,4423.86,Paid,Sales,SMB
ACCOUNTS_RECEIVABLE_00018067,duplicate_business_key,HIGH,"Same customer_id, invoice_date, invoice_amount combination appears on more than one record",2026-09-14T18:02:42.816798+00:00,ACCOUNTS_RECEIVABLE_00018067,18066,ARINV_00004289,CUST_0071,ENT_EU,2025-02-01,2025-04-02,2025-03-31,EUR,7168.72,Paid,Operations,Enterprise
ACCOUNTS_RECEIVABLE_00018068,duplicate_business_key,HIGH,"Same customer_id, invoice_date, invoice_amount combination appears on more than one record",2026-09-14T18:02:42.816798+00:00,ACCOUNTS_RECEIVABLE_00018068,18067,ARINV_00001564,CUST_0095,ENT_EU,2023-09-15,2023-09-30,2023-10-01,EUR,6035.15,Paid,Marketing,Retail
ACCOUNTS_RECEIVABLE_00018069,duplicate_business_key,HIGH,"Same customer_id, invoice_date, invoice_amount combination appears on more than one record",2026-09-14T18:02:42.816798+00:00,ACCOUNTS_RECEIVABLE_00018069,18068,ARINV_00006507,CUST_0172,ENT_US,2023-03-13,2023-04-12,2023-04-07,USD,1346.57,Paid,Marketing,SMB
ACCOUNTS_RECEIVABLE_00018070,duplicate_business_key,HIGH,"Same customer_id, invoice_date, invoice_amount combination appears on more than one record",2026-09-14T18:02:42.816798+00:00,ACCOUNTS_RECEIVABLE_00018070,18069,ARINV_00009831,CUST_0138,ENT_US,2024-12-27,2025-01-26,2025-01-16,USD,1205.14,Paid,Operations,
ACCOUNTS_RECEIVABLE_00018071,duplicate_business_key,HIGH,"Same customer_id, invoice_date, invoice_amount combination appears on more than one record",2026-09-14T18:02:42.816798+00:00,ACCOUNTS_RECEIVABLE_00018071,18070,ARINV_00002736,CUST_0048,ENT_EU,2024-04-06,2024-04-21,2024-04-13,EUR,1777.17,Paid,Marketing,Retail
ACCOUNTS_RECEIVABLE_00018072,duplicate_business_key,HIGH,"Same customer_id, invoice_date, invoice_amount combination appears on more than one record",2026-09-14T18:02:42.816798+00:00,ACCOUNTS_RECEIVABLE_00018072,18071,ARINV_00006963,CUST_0020,ENT_US,2023-06-28,2023-08-27,2023-08-25,USD,993.92,Paid,Operations,Enterprise
ACCOUNTS_RECEIVABLE_00018073,duplicate_business_key,HIGH,"Same customer_id, invoice_date, invoice_amount combination appears on more than one record",2026-09-14T18:02:42.816798+00:00,ACCOUNTS_RECEIVABLE_00018073,18072,ARINV_00008735,CUST_0138,ENT_US,2024-05-30,2024-06-29,2024-06-19,USD,10121.34,Paid,Operations,SMB
ACCOUNTS_RECEIVABLE_00018074,duplicate_business_key,HIGH,"Same customer_id, invoice_date, invoice_amount combination appears on more than one record",2026-09-14T18:02:42.816798+00:00,ACCOUNTS_RECEIVABLE_00018074,18073,ARINV_00017408,CUST_0161,ENT_UK,2025-09-04,2025-11-03,2025-11-04,GBP,12607.04,Paid,Sales,Enterprise
ACCOUNTS_RECEIVABLE_00018075,duplicate_business_key,HIGH,"Same customer_id, invoice_date, invoice_amount combination appears on more than one record",2026-09-14T18:02:42.816798+00:00,ACCOUNTS_RECEIVABLE_00018075,18074,ARINV_00012137,CUST_0146,ENT_UK,2023-01-03,2023-03-04,2023-02-25,GBP,294.46,Paid,Marketing,Enterprise
ACCOUNTS_RECEIVABLE_00018076,duplicate_business_key,HIGH,"Same customer_id, invoice_date, invoice_amount combination appears on more than one record",2026-09-14T18:02:42.816798+00:00,ACCOUNTS_RECEIVABLE_00018076,18075,ARINV_00012406,CUST_0118,ENT_UK,2023-03-15,2023-05-14,2023-05-25,GBP,3267.95,Paid,Operations,Enterprise
ACCOUNTS_RECEIVABLE_00018077,duplicate_business_key,HIGH,"Same customer_id, invoice_date, invoice_amount combination appears on more than one record",2026-09-14T18:02:42.816798+00:00,ACCOUNTS_RECEIVABLE_00018077,18076,ARINV_00017565,CUST_0167,ENT_UK,2025-10-19,2025-11-18,2025-10-18,EUR,1687.58,Paid,Sales,SMB
ACCOUNTS_RECEIVABLE_00018078,duplicate_business_key,HIGH,"Same customer_id, invoice_date, invoice_amount combination appears on more than one record",2026-09-14T18:02:42.816798+00:00,ACCOUNTS_RECEIVABLE_00018078,18077,ARINV_00009338,CUST_0110,ENT_US,2024-09-15,2024-11-14,2024-11-17,USD,9557.96,Paid,Operations,Enterprise
ACCOUNTS_RECEIVABLE_00018079,duplicate_business_key,HIGH,"Same customer_id, invoice_date, invoice_amount combination appears on more than one record",2026-09-14T18:02:42.816798+00:00,ACCOUNTS_RECEIVABLE_00018079,18078,ARINV_00001755,CUST_0077,ENT_EU,2023-11-27,2024-01-26,2024-02-12,EUR,4963.18,Paid,,Enterprise
ACCOUNTS_RECEIVABLE_00018080,duplicate_business_key,HIGH,"Same customer_id, invoice_date, invoice_amount combination appears on more than one record",2026-09-14T18:02:42.816798+00:00,ACCOUNTS_RECEIVABLE_00018080,18079,ARINV_00010452,CUST_0091,ENT_US,2025-04-11,2025-04-26,2025-04-25,,2958.51,Paid,Sales,Retail
ACCOUNTS_RECEIVABLE_00018081,duplicate_business_key,HIGH,"Same customer_id, invoice_date, invoice_amount combination appears on more than one record",2026-09-14T18:02:42.816798+00:00,ACCOUNTS_RECEIVABLE_00018081,18080,ARINV_00012149,CUST_0047,ENT_UK,2023-01-01,2023-01-31,2023-02-03,GBP,331.1,Paid,,SMB
ACCOUNTS_RECEIVABLE_00018082,duplicate_business_key,HIGH,"Same customer_id, invoice_date, invoice_amount combination appears on more than one record",2026-09-14T18:02:42.816798+00:00,ACCOUNTS_RECEIVABLE_00018082,18081,ARINV_00009899,CUST_0052,ENT_US,2025-01-18,2025-02-17,2025-02-21,USD,8344.26,Paid,Sales,SMB
ACCOUNTS_RECEIVABLE_00018083,duplicate_business_key,HIGH,"Same customer_id, invoice_date, invoice_amount combination appears on more than one record",2026-09-14T18:02:42.816798+00:00,ACCOUNTS_RECEIVABLE_00018083,18082,ARINV_00009923,CUST_0020,ENT_US,2025-01-22,2025-03-23,2025-04-04,USD,16122.23,Paid,,Enterprise
ACCOUNTS_RECEIVABLE_00018084,duplicate_business_key,HIGH,"Same customer_id, invoice_date, invoice_amount combination appears on more than one record",2026-09-14T18:02:42.816798+00:00,ACCOUNTS_RECEIVABLE_00018084,18083,ARINV_00002325,CUST_0038,ENT_EU,2024-02-02,2024-03-03,2024-03-08,EUR,4359.69,Paid,Operations,SMB
ACCOUNTS_RECEIVABLE_00018085,duplicate_business_key,HIGH,"Same customer_id, invoice_date, invoice_amount combination appears on more than one record",2026-09-14T18:02:42.816798+00:00,ACCOUNTS_RECEIVABLE_00018085,18084,ARINV_00004086,CUST_0096,ENT_EU,2024-12-19,2025-01-03,2025-01-02,EUR,1174.39,Paid,Marketing,Retail
ACCOUNTS_RECEIVABLE_00018086,duplicate_business_key,HIGH,"Same customer_id, invoice_date, invoice_amount combination appears on more than one record",2026-09-14T18:02:42.816798+00:00,ACCOUNTS_RECEIVABLE_00018086,18085,ARINV_00008403,CUST_0173,ENT_US,2024-03-22,2024-04-21,2024-05-22,USD,4958.44,Paid,Operations,SMB
ACCOUNTS_RECEIVABLE_00018087,duplicate_business_key,HIGH,"Same customer_id, invoice_date, invoice_amount combination appears on more than one record",2026-09-14T18:02:42.816798+00:00,ACCOUNTS_RECEIVABLE_00018087,18086,ARINV_00000907,CUST_0150,ENT_EU,2023-06-28,2023-07-13,2023-07-15,EUR,676.49,Paid,Sales,Retail
ACCOUNTS_RECEIVABLE_00018088,duplicate_business_key,HIGH,"Same customer_id, invoice_date, invoice_amount combination appears on more than one record",2026-09-14T18:02:42.816798+00:00,ACCOUNTS_RECEIVABLE_00018088,18087,ARINV_00008773,CUST_0143,ENT_US,2024-05-26,2024-06-25,2024-07-16,USD,399.99,Paid,Marketing,SMB
ACCOUNTS_RECEIVABLE_00018089,duplicate_business_key,HIGH,"Same customer_id, invoice_date, invoice_amount combination appears on more than one record",2026-09-14T18:02:42.816798+00:00,ACCOUNTS_RECEIVABLE_00018089,18088,ARINV_00017231,CUST_0161,ENT_UK,2025-08-04,2025-10-03,2025-10-21,GBP,5036.2,Paid,Sales,Enterprise
ACCOUNTS_RECEIVABLE_00018090,duplicate_business_key,HIGH,"Same customer_id, invoice_date, invoice_amount combination appears on more than one record",2026-09-14T18:02:42.816798+00:00,ACCOUNTS_RECEIVABLE_00018090,18089,ARINV_00013746,CUST_0045,ENT_UK,2023-11-21,2023-12-06,2023-11-24,GBP,7102.36,Paid,Operations,Retail
ACCOUNTS_RECEIVABLE_00018091,duplicate_business_key,HIGH,"Same customer_id, invoice_date, invoice_amount combination appears on more than one record",2026-09-14T18:02:42.816798+00:00,ACCOUNTS_RECEIVABLE_00018091,18090,ARINV_00010345,CUST_0091,ENT_US,2025-03-02,2025-03-17,2025-02-28,EUR,7004.77,Paid,Operations,Retail
ACCOUNTS_RECEIVABLE_00018092,duplicate_business_key,HIGH,"Same customer_id, invoice_date, invoice_amount combination appears on more than one record",2026-09-14T18:02:42.816798+00:00,ACCOUNTS_RECEIVABLE_00018092,18091,ARINV_00013593,CUST_0003,ENT_UK,2023-10-06,2023-10-21,2023-10-22,GBP,146.81,Paid,Operations,Retail
ACCOUNTS_RECEIVABLE_00018093,duplicate_business_key,HIGH,"Same customer_id, invoice_date, invoice_amount combination appears on more than one record",2026-09-14T18:02:42.816798+00:00,ACCOUNTS_RECEIVABLE_00018093,18092,ARINV_00004667,CUST_0048,ENT_EU,2025-04-08,2025-04-23,2025-04-15,EUR,1350.3,Paid,,Retail
ACCOUNTS_RECEIVABLE_00018094,duplicate_business_key,HIGH,"Same customer_id, invoice_date, invoice_amount combination appears on more than one record",2026-09-14T18:02:42.816798+00:00,ACCOUNTS_RECEIVABLE_00018094,18093,ARINV_00014873,CUST_0043,ENT_UK,2024-06-21,2024-08-20,2024-08-16,GBP,10518.74,Paid,Sales,Enterprise
ACCOUNTS_RECEIVABLE_00018095,duplicate_business_key,HIGH,"Same customer_id, invoice_date, invoice_amount combination appears on more than one record",2026-09-14T18:02:42.816798+00:00,ACCOUNTS_RECEIVABLE_00018095,18094,ARINV_00001312,CUST_0097,ENT_EU,2023-08-24,2023-09-23,2023-09-10,EUR,3501.81,Paid,Operations,SMB
ACCOUNTS_RECEIVABLE_00018096,duplicate_business_key,HIGH,"Same customer_id, invoice_date, invoice_amount combination appears on more than one record",2026-09-14T18:02:42.816798+00:00,ACCOUNTS_RECEIVABLE_00018096,18095,ARINV_00005251,CUST_0037,ENT_EU,2025-08-16,2025-10-15,2025-10-04,EUR,7292.63,Paid,Operations,Enterprise
ACCOUNTS_RECEIVABLE_00018097,duplicate_business_key,HIGH,"Same customer_id, invoice_date, invoice_amount combination appears on more than one record",2026-09-14T18:02:42.816798+00:00,ACCOUNTS_RECEIVABLE_00018097,18096,ARINV_00007015,CUST_0110,ENT_US,2023-06-16,2023-08-15,,USD,793.94,Written Off,Marketing,Enterprise
ACCOUNTS_RECEIVABLE_00018098,duplicate_business_key,HIGH,"Same customer_id, invoice_date, invoice_amount combination appears on more than one record",2026-09-14T18:02:42.816798+00:00,ACCOUNTS_RECEIVABLE_00018098,18097,ARINV_00002875,CUST_0088,ENT_EU,2024-05-13,2024-05-28,2024-05-26,EUR,1718.54,Paid,,Retail
ACCOUNTS_RECEIVABLE_00018099,duplicate_business_key,HIGH,"Same customer_id, invoice_date, invoice_amount combination appears on more than one record",2026-09-14T18:02:42.816798+00:00,ACCOUNTS_RECEIVABLE_00018099,18098,ARINV_00000749,CUST_0050,ENT_EU,2023-05-11,2023-07-10,2023-07-27,EUR,1931.51,Paid,Sales,Enterprise
ACCOUNTS_RECEIVABLE_00018100,duplicate_business_key,HIGH,"Same customer_id, invoice_date, invoice_amount combination appears on more than one record",2026-09-14T18:02:42.816798+00:00,ACCOUNTS_RECEIVABLE_00018100,18099,ARINV_00010216,CUST_0078,ENT_US,2025-02-01,2025-03-03,2025-03-22,USD,869.17,Paid,Marketing,SMB
ACCOUNTS_RECEIVABLE_00018101,duplicate_business_key,HIGH,"Same customer_id, invoice_date, invoice_amount combination appears on more than one record",2026-09-14T18:02:42.816798+00:00,ACCOUNTS_RECEIVABLE_00018101,18100,ARINV_00013239,CUST_0156,ENT_UK,2023-08-10,2023-08-25,2023-08-30,GBP,663.81,Paid,Operations,Retail
ACCOUNTS_RECEIVABLE_00018102,duplicate_business_key,HIGH,"Same customer_id, invoice_date, invoice_amount combination appears on more than one record",2026-09-14T18:02:42.816798+00:00,ACCOUNTS_RECEIVABLE_00018102,18101,ARINV_00004217,CUST_0097,ENT_EU,2025-01-14,2025-02-13,2025-02-04,EUR,1250.62,Paid,Marketing,SMB
ACCOUNTS_RECEIVABLE_00018103,duplicate_business_key,HIGH,"Same customer_id, invoice_date, invoice_amount combination appears on more than one record",2026-09-14T18:02:42.816798+00:00,ACCOUNTS_RECEIVABLE_00018103,18102,ARINV_00017659,CUST_0174,ENT_UK,2025-10-01,2025-10-16,2025-10-02,USD,1302.53,Paid,,Retail
ACCOUNTS_RECEIVABLE_00018104,duplicate_business_key,HIGH,"Same customer_id, invoice_date, invoice_amount combination appears on more than one record",2026-09-14T18:02:42.816798+00:00,ACCOUNTS_RECEIVABLE_00018104,18103,ARINV_00014776,CUST_0003,ENT_UK,2024-05-13,2024-05-28,2024-06-03,GBP,2615.08,Paid,Sales,Retail
ACCOUNTS_RECEIVABLE_00018105,duplicate_business_key,HIGH,"Same customer_id, invoice_date, invoice_amount combination appears on more than one record",2026-09-14T18:02:42.816798+00:00,ACCOUNTS_RECEIVABLE_00018105,18104,ARINV_00015779,CUST_0081,ENT_UK,2024-11-28,2024-12-13,2024-12-23,GBP,306.99,Paid,Operations,Retail
ACCOUNTS_RECEIVABLE_00018106,duplicate_business_key,HIGH,"Same customer_id, invoice_date, invoice_amount combination appears on more than one record",2026-09-14T18:02:42.816798+00:00,ACCOUNTS_RECEIVABLE_00018106,18105,ARINV_00005114,CUST_0104,ENT_EU,2025-07-15,2025-08-14,2025-09-06,EUR,16739.81,Paid,Operations,SMB
ACCOUNTS_RECEIVABLE_00018107,duplicate_business_key,HIGH,"Same customer_id, invoice_date, invoice_amount combination appears on more than one record",2026-09-14T18:02:42.816798+00:00,ACCOUNTS_RECEIVABLE_00018107,18106,ARINV_00002948,CUST_0037,ENT_EU,2024-06-28,2024-08-27,2024-08-13,EUR,1759.14,Paid,Sales,Enterprise
ACCOUNTS_RECEIVABLE_00018108,duplicate_business_key,HIGH,"Same customer_id, invoice_date, invoice_amount combination appears on more than one record",2026-09-14T18:02:42.816798+00:00,ACCOUNTS_RECEIVABLE_00018108,18107,ARINV_00013383,CUST_0177,ENT_UK,2023-09-07,2023-09-22,2023-09-24,GBP,10323.84,Paid,Operations,Retail
ACCOUNTS_RECEIVABLE_00018109,duplicate_business_key,HIGH,"Same customer_id, invoice_date, invoice_amount combination appears on more than one record",2026-09-14T18:02:42.816798+00:00,ACCOUNTS_RECEIVABLE_00018109,18108,ARINV_00003114,CUST_0119,ENT_EU,2024-07-23,2024-08-07,2024-08-22,EUR,5791.06,Paid,Sales,Retail
ACCOUNTS_RECEIVABLE_00018110,duplicate_business_key,HIGH,"Same customer_id, invoice_date, invoice_amount combination appears on more than one record",2026-09-14T18:02:42.816798+00:00,ACCOUNTS_RECEIVABLE_00018110,18109,ARINV_00002018,CUST_0163,ENT_EU,2023-12-17,2024-02-15,2024-02-19,EUR,2235.31,Paid,Operations,Enterprise
ACCOUNTS_RECEIVABLE_00018111,duplicate_business_key,HIGH,"Same customer_id, invoice_date, invoice_amount combination appears on more than one record",2026-09-14T18:02:42.816798+00:00,ACCOUNTS_RECEIVABLE_00018111,18110,ARINV_00012935,CUST_0115,ENT_UK,2023-06-12,2023-08-11,2023-08-17,GBP,1559.61,Paid,Operations,Enterprise
ACCOUNTS_RECEIVABLE_00018112,duplicate_business_key,HIGH,"Same customer_id, invoice_date, invoice_amount combination appears on more than one record",2026-09-14T18:02:42.816798+00:00,ACCOUNTS_RECEIVABLE_00018112,18111,ARINV_00015909,CUST_0005,ENT_UK,2024-12-29,2025-02-27,2025-03-16,GBP,2539.61,Paid,Operations,Enterprise
ACCOUNTS_RECEIVABLE_00018113,duplicate_business_key,HIGH,"Same customer_id, invoice_date, invoice_amount combination appears on more than one record",2026-09-14T18:02:42.816798+00:00,ACCOUNTS_RECEIVABLE_00018113,18112,ARINV_00016194,CUST_0178,ENT_UK,2025-02-10,2025-03-12,2025-04-02,GBP,2996.64,Paid,Sales,SMB
ACCOUNTS_RECEIVABLE_00018114,duplicate_business_key,HIGH,"Same customer_id, invoice_date, invoice_amount combination appears on more than one record",2026-09-14T18:02:42.816798+00:00,ACCOUNTS_RECEIVABLE_00018114,18113,ARINV_00011325,CUST_0105,ENT_US,2025-09-08,2025-09-23,2025-09-23,USD,1533.21,Paid,Operations,Retail
ACCOUNTS_RECEIVABLE_00018115,duplicate_business_key,HIGH,"Same customer_id, invoice_date, invoice_amount combination appears on more than one record",2026-09-14T18:02:42.816798+00:00,ACCOUNTS_RECEIVABLE_00018115,18114,ARINV_00000038,CUST_0018,ENT_EU,2023-01-04,2023-02-03,2023-03-14,EUR,7528.43,Paid,Sales,SMB
ACCOUNTS_RECEIVABLE_00018116,duplicate_business_key,HIGH,"Same customer_id, invoice_date, invoice_amount combination appears on more than one record",2026-09-14T18:02:42.816798+00:00,ACCOUNTS_RECEIVABLE_00018116,18115,ARINV_00000282,CUST_0132,ENT_EU,2023-02-09,2023-04-10,2023-04-27,EUR,2505.52,Paid,Operations,Enterprise
ACCOUNTS_RECEIVABLE_00018117,duplicate_business_key,HIGH,"Same customer_id, invoice_date, invoice_amount combination appears on more than one record",2026-09-14T18:02:42.816798+00:00,ACCOUNTS_RECEIVABLE_00018117,18116,ARINV_00014450,CUST_0068,ENT_UK,2024-03-02,2024-04-01,2024-04-13,GBP,820.42,Paid,Sales,SMB
ACCOUNTS_RECEIVABLE_00018118,duplicate_business_key,HIGH,"Same customer_id, invoice_date, invoice_amount combination appears on more than one record",2026-09-14T18:02:42.816798+00:00,ACCOUNTS_RECEIVABLE_00018118,18117,ARINV_00010169,CUST_0008,ENT_US,2025-02-05,2025-03-07,2025-03-17,USD,3551.35,Paid,,SMB
ACCOUNTS_RECEIVABLE_00018119,duplicate_business_key,HIGH,"Same customer_id, invoice_date, invoice_amount combination appears on more than one record",2026-09-14T18:02:42.816798+00:00,ACCOUNTS_RECEIVABLE_00018119,18118,ARINV_00012684,CUST_0010,ENT_UK,2023-05-22,2023-06-06,2023-06-05,GBP,10312.65,Paid,Sales,Retail
ACCOUNTS_RECEIVABLE_00018120,duplicate_business_key,HIGH,"Same customer_id, invoice_date, invoice_amount combination appears on more than one record",2026-09-14T18:02:42.816798+00:00,ACCOUNTS_RECEIVABLE_00018120,18119,ARINV_00010403,CUST_0158,ENT_US,2025-03-18,2025-04-17,2025-04-17,USD,2711.83,Paid,Marketing,SMB
ACCOUNTS_RECEIVABLE_00018121,duplicate_business_key,HIGH,"Same customer_id, invoice_date, invoice_amount combination appears on more than one record",2026-09-14T18:02:42.816798+00:00,ACCOUNTS_RECEIVABLE_00018121,18120,ARINV_00001862,CUST_0007,ENT_EU,2023-11-04,2024-01-03,2023-12-14,EUR,321.89,Paid,Marketing,Enterprise
ACCOUNTS_RECEIVABLE_00018122,duplicate_business_key,HIGH,"Same customer_id, invoice_date, invoice_amount combination appears on more than one record",2026-09-14T18:02:42.816798+00:00,ACCOUNTS_RECEIVABLE_00018122,18121,ARINV_00000067,CUST_0088,ENT_EU,2023-01-26,2023-02-10,2023-02-04,EUR,1948.78,Paid,Sales,Retail
ACCOUNTS_RECEIVABLE_00018123,duplicate_business_key,HIGH,"Same customer_id, invoice_date, invoice_amount combination appears on more than one record",2026-09-14T18:02:42.816798+00:00,ACCOUNTS_RECEIVABLE_00018123,18122,ARINV_00003729,CUST_0097,ENT_EU,2024-10-24,2024-11-23,2024-12-01,EUR,339.29,Paid,Marketing,SMB
ACCOUNTS_RECEIVABLE_00018124,duplicate_business_key,HIGH,"Same customer_id, invoice_date, invoice_amount combination appears on more than one record",2026-09-14T18:02:42.816798+00:00,ACCOUNTS_RECEIVABLE_00018124,18123,ARINV_00002057,CUST_0116,ENT_EU,2023-12-12,2024-01-11,2023-12-30,EUR,565.31,Paid,Marketing,SMB
ACCOUNTS_RECEIVABLE_00018125,duplicate_business_key,HIGH,"Same customer_id, invoice_date, invoice_amount combination appears on more than one record",2026-09-14T18:02:42.816798+00:00,ACCOUNTS_RECEIVABLE_00018125,18124,ARINV_00001388,CUST_0018,ENT_EU,2023-08-22,2023-09-21,2023-10-03,EUR,4020.76,Paid,Marketing,SMB
ACCOUNTS_RECEIVABLE_00018126,duplicate_business_key,HIGH,"Same customer_id, invoice_date, invoice_amount combination appears on more than one record",2026-09-14T18:02:42.816798+00:00,ACCOUNTS_RECEIVABLE_00018126,18125,ARINV_00012387,CUST_0022,ENT_UK,2023-03-14,2023-03-29,2023-03-19,USD,1514.83,Paid,Sales,Retail
ACCOUNTS_RECEIVABLE_00018127,duplicate_business_key,HIGH,"Same customer_id, invoice_date, invoice_amount combination appears on more than one record",2026-09-14T18:02:42.816798+00:00,ACCOUNTS_RECEIVABLE_00018127,18126,ARINV_00012659,CUST_0025,ENT_UK,2023-04-15,2023-04-30,2023-04-21,USD,2538.37,Paid,Marketing,Retail
ACCOUNTS_RECEIVABLE_00018128,duplicate_business_key,HIGH,"Same customer_id, invoice_date, invoice_amount combination appears on more than one record",2026-09-14T18:02:42.816798+00:00,ACCOUNTS_RECEIVABLE_00018128,18127,ARINV_00000690,CUST_0114,ENT_EU,2023-04-11,2023-04-26,2023-05-03,EUR,4067.88,Paid,Marketing,Retail
ACCOUNTS_RECEIVABLE_00018129,duplicate_business_key,HIGH,"Same customer_id, invoice_date, invoice_amount combination appears on more than one record",2026-09-14T18:02:42.816798+00:00,ACCOUNTS_RECEIVABLE_00018129,18128,ARINV_00011064,CUST_0090,ENT_US,2025-07-22,2025-09-20,2025-09-10,USD,1297.24,Paid,Marketing,Enterprise
ACCOUNTS_RECEIVABLE_00018130,duplicate_business_key,HIGH,"Same customer_id, invoice_date, invoice_amount combination appears on more than one record",2026-09-14T18:02:42.816798+00:00,ACCOUNTS_RECEIVABLE_00018130,18129,ARINV_00005341,CUST_0018,ENT_EU,2025-09-24,2025-10-24,2025-11-24,EUR,3721.85,Paid,Sales,SMB
ACCOUNTS_RECEIVABLE_00018131,duplicate_business_key,HIGH,"Same customer_id, invoice_date, invoice_amount combination appears on more than one record",2026-09-14T18:02:42.816798+00:00,ACCOUNTS_RECEIVABLE_00018131,18130,ARINV_00013829,CUST_0047,ENT_UK,2023-11-07,2023-12-07,2023-12-13,GBP,966.65,Paid,Marketing,SMB
ACCOUNTS_RECEIVABLE_00018132,duplicate_business_key,HIGH,"Same customer_id, invoice_date, invoice_amount combination appears on more than one record",2026-09-14T18:02:42.816798+00:00,ACCOUNTS_RECEIVABLE_00018132,18131,ARINV_00013330,CUST_0174,ENT_UK,2023-08-29,2023-09-13,2023-09-15,USD,136.89,Paid,Marketing,Retail
ACCOUNTS_RECEIVABLE_00018133,duplicate_business_key,HIGH,"Same customer_id, invoice_date, invoice_amount combination appears on more than one record",2026-09-14T18:02:42.816798+00:00,ACCOUNTS_RECEIVABLE_00018133,18132,ARINV_00013472,CUST_0117,ENT_UK,2023-09-02,2023-11-01,2023-11-16,GBP,807.16,Paid,Marketing,Enterprise
ACCOUNTS_RECEIVABLE_00018134,duplicate_business_key,HIGH,"Same customer_id, invoice_date, invoice_amount combination appears on more than one record",2026-09-14T18:02:42.816798+00:00,ACCOUNTS_RECEIVABLE_00018134,18133,ARINV_00015773,CUST_0086,ENT_UK,2024-11-21,2024-12-06,2024-12-19,GBP,878.98,Paid,Operations,Retail
ACCOUNTS_RECEIVABLE_00018135,duplicate_business_key,HIGH,"Same customer_id, invoice_date, invoice_amount combination appears on more than one record",2026-09-14T18:02:42.816798+00:00,ACCOUNTS_RECEIVABLE_00018135,18134,ARINV_00002958,CUST_0093,ENT_EU,2024-06-03,2024-07-03,2024-07-23,EUR,4399.4,Paid,Sales,SMB
ACCOUNTS_RECEIVABLE_00018136,duplicate_business_key,HIGH,"Same customer_id, invoice_date, invoice_amount combination appears on more than one record",2026-09-14T18:02:42.816798+00:00,ACCOUNTS_RECEIVABLE_00018136,18135,ARINV_00017572,CUST_0156,ENT_UK,2025-10-31,2025-11-15,2025-11-05,GBP,8938.41,Paid,Sales,Retail
ACCOUNTS_RECEIVABLE_00018137,duplicate_business_key,HIGH,"Same customer_id, invoice_date, invoice_amount combination appears on more than one record",2026-09-14T18:02:42.816798+00:00,ACCOUNTS_RECEIVABLE_00018137,18136,ARINV_00000100,CUST_0100,ENT_EU,2023-01-03,2023-02-02,2023-02-13,EUR,2438.05,Paid,Operations,SMB
ACCOUNTS_RECEIVABLE_00018138,duplicate_business_key,HIGH,"Same customer_id, invoice_date, invoice_amount combination appears on more than one record",2026-09-14T18:02:42.816798+00:00,ACCOUNTS_RECEIVABLE_00018138,18137,ARINV_00016765,CUST_0022,ENT_UK,2025-05-18,2025-06-02,2025-05-25,USD,2681.24,Paid,Operations,Retail
ACCOUNTS_RECEIVABLE_00018139,duplicate_business_key,HIGH,"Same customer_id, invoice_date, invoice_amount combination appears on more than one record",2026-09-14T18:02:42.816798+00:00,ACCOUNTS_RECEIVABLE_00018139,18138,ARINV_00010367,CUST_0017,ENT_US,2025-03-01,2025-04-30,2025-05-15,USD,1610.28,Paid,Operations,Enterprise
ACCOUNTS_RECEIVABLE_00018140,duplicate_business_key,HIGH,"Same customer_id, invoice_date, invoice_amount combination appears on more than one record",2026-09-14T18:02:42.816798+00:00,ACCOUNTS_RECEIVABLE_00018140,18139,ARINV_00006643,CUST_0057,ENT_US,2023-04-01,2023-04-16,2023-04-20,USD,3492.89,Paid,Marketing,Retail
ACCOUNTS_RECEIVABLE_00018141,duplicate_business_key,HIGH,"Same customer_id, invoice_date, invoice_amount combination appears on more than one record",2026-09-14T18:02:42.816798+00:00,ACCOUNTS_RECEIVABLE_00018141,18140,ARINV_00009203,CUST_0129,ENT_US,2024-08-19,2024-10-18,2024-10-07,USD,3478.3,Paid,Operations,Enterprise
ACCOUNTS_RECEIVABLE_00018142,duplicate_business_key,HIGH,"Same customer_id, invoice_date, invoice_amount combination appears on more than one record",2026-09-14T18:02:42.816798+00:00,ACCOUNTS_RECEIVABLE_00018142,18141,ARINV_00015112,CUST_0055,ENT_UK,2024-07-20,2024-08-19,2024-08-25,GBP,493.38,Paid,Marketing,SMB
ACCOUNTS_RECEIVABLE_00018143,duplicate_business_key,HIGH,"Same customer_id, invoice_date, invoice_amount combination appears on more than one record",2026-09-14T18:02:42.816798+00:00,ACCOUNTS_RECEIVABLE_00018143,18142,ARINV_00016811,CUST_0118,ENT_UK,2025-05-23,2025-07-22,2025-07-09,GBP,968.25,Paid,Marketing,Enterprise
ACCOUNTS_RECEIVABLE_00018144,duplicate_business_key,HIGH,"Same customer_id, invoice_date, invoice_amount combination appears on more than one record",2026-09-14T18:02:42.816798+00:00,ACCOUNTS_RECEIVABLE_00018144,18143,ARINV_00017578,CUST_0178,ENT_UK,2025-10-26,2025-11-25,2025-11-08,GBP,2740.62,Paid,Sales,SMB
ACCOUNTS_RECEIVABLE_00018145,duplicate_business_key,HIGH,"Same customer_id, invoice_date, invoice_amount combination appears on more than one record",2026-09-14T18:02:42.816798+00:00,ACCOUNTS_RECEIVABLE_00018145,18144,ARINV_00014367,CUST_0108,ENT_UK,2024-02-03,2024-03-04,2024-03-20,GBP,984.99,Paid,Marketing,SMB
ACCOUNTS_RECEIVABLE_00018146,duplicate_business_key,HIGH,"Same customer_id, invoice_date, invoice_amount combination appears on more than one record",2026-09-14T18:02:42.816798+00:00,ACCOUNTS_RECEIVABLE_00018146,18145,ARINV_00006986,CUST_0153,ENT_US,2023-06-22,2023-08-21,2023-08-27,USD,1024.52,Paid,Marketing,Enterprise
ACCOUNTS_RECEIVABLE_00018147,duplicate_business_key,HIGH,"Same customer_id, invoice_date, invoice_amount combination appears on more than one record",2026-09-14T18:02:42.816798+00:00,ACCOUNTS_RECEIVABLE_00018147,18146,ARINV_00003510,CUST_0147,ENT_EU,2024-09-18,2024-10-18,2024-11-17,GBP,162.27,Paid,Operations,SMB
ACCOUNTS_RECEIVABLE_00018148,duplicate_business_key,HIGH,"Same customer_id, invoice_date, invoice_amount combination appears on more than one record",2026-09-14T18:02:42.816798+00:00,ACCOUNTS_RECEIVABLE_00018148,18147,ARINV_00010694,CUST_0064,ENT_US,2025-05-21,2025-06-20,2025-06-11,USD,446.37,Paid,Operations,SMB
ACCOUNTS_RECEIVABLE_00018149,duplicate_business_key,HIGH,"Same customer_id, invoice_date, invoice_amount combination appears on more than one record",2026-09-14T18:02:42.816798+00:00,ACCOUNTS_RECEIVABLE_00018149,18148,ARINV_00001768,CUST_0098,ENT_EU,2023-11-30,2023-12-15,2023-12-16,EUR,1331.97,Paid,Sales,Retail
ACCOUNTS_RECEIVABLE_00018150,duplicate_business_key,HIGH,"Same customer_id, invoice_date, invoice_amount combination appears on more than one record",2026-09-14T18:02:42.816798+00:00,ACCOUNTS_RECEIVABLE_00018150,18149,ARINV_00006679,CUST_0105,ENT_US,2023-04-08,2023-04-23,2023-04-20,USD,6972.05,Paid,Marketing,Retail
ACCOUNTS_RECEIVABLE_00018151,duplicate_business_key,HIGH,"Same customer_id, invoice_date, invoice_amount combination appears on more than one record",2026-09-14T18:02:42.816798+00:00,ACCOUNTS_RECEIVABLE_00018151,18150,ARINV_00007889,CUST_0039,ENT_US,2023-12-13,2024-01-12,2024-01-15,GBP,21048.88,Paid,Sales,SMB
ACCOUNTS_RECEIVABLE_00018152,duplicate_business_key,HIGH,"Same customer_id, invoice_date, invoice_amount combination appears on more than one record",2026-09-14T18:02:42.816798+00:00,ACCOUNTS_RECEIVABLE_00018152,18151,ARINV_00000357,CUST_0114,ENT_EU,2023-03-15,2023-03-30,2023-03-20,EUR,3810.32,Paid,Sales,Retail
ACCOUNTS_RECEIVABLE_00018153,duplicate_business_key,HIGH,"Same customer_id, invoice_date, invoice_amount combination appears on more than one record",2026-09-14T18:02:42.816798+00:00,ACCOUNTS_RECEIVABLE_00018153,18152,ARINV_00000167,CUST_0035,ENT_EU,2023-01-17,2023-03-18,2023-03-23,EUR,2989.53,Paid,Marketing,Enterprise
ACCOUNTS_RECEIVABLE_00018154,duplicate_business_key,HIGH,"Same customer_id, invoice_date, invoice_amount combination appears on more than one record",2026-09-14T18:02:42.816798+00:00,ACCOUNTS_RECEIVABLE_00018154,18153,ARINV_00017044,CUST_0137,ENT_UK,2025-07-26,2025-08-10,2025-08-15,GBP,5019.7,Paid,Sales,Retail
ACCOUNTS_RECEIVABLE_00018155,duplicate_business_key,HIGH,"Same customer_id, invoice_date, invoice_amount combination appears on more than one record",2026-09-14T18:02:42.816798+00:00,ACCOUNTS_RECEIVABLE_00018155,18154,ARINV_00004696,CUST_0066,ENT_EU,2025-04-04,2025-05-04,2025-05-15,EUR,4505.44,Paid,Marketing,SMB
ACCOUNTS_RECEIVABLE_00018156,duplicate_business_key,HIGH,"Same customer_id, invoice_date, invoice_amount combination appears on more than one record",2026-09-14T18:02:42.816798+00:00,ACCOUNTS_RECEIVABLE_00018156,18155,ARINV_00015570,CUST_0106,ENT_UK,2024-10-12,2024-11-11,2024-11-27,GBP,2952.71,Paid,Operations,SMB
ACCOUNTS_RECEIVABLE_00018157,duplicate_business_key,HIGH,"Same customer_id, invoice_date, invoice_amount combination appears on more than one record",2026-09-14T18:02:42.816798+00:00,ACCOUNTS_RECEIVABLE_00018157,18156,ARINV_00004492,CUST_0023,ENT_EU,2025-03-15,2025-03-30,2025-04-05,GBP,546.52,Paid,Marketing,Retail
ACCOUNTS_RECEIVABLE_00018158,duplicate_business_key,HIGH,"Same customer_id, invoice_date, invoice_amount combination appears on more than one record",2026-09-14T18:02:42.816798+00:00,ACCOUNTS_RECEIVABLE_00018158,18157,ARINV_00003065,CUST_0104,ENT_EU,2024-06-17,2024-07-17,2024-07-16,EUR,384.4,Paid,Marketing,SMB
ACCOUNTS_RECEIVABLE_00018159,duplicate_business_key,HIGH,"Same customer_id, invoice_date, invoice_amount combination appears on more than one record",2026-09-14T18:02:42.816798+00:00,ACCOUNTS_RECEIVABLE_00018159,18158,ARINV_00006833,CUST_0120,ENT_US,2023-05-02,2023-05-17,2023-05-08,USD,2112.87,Paid,Marketing,Retail
ACCOUNTS_RECEIVABLE_00018160,duplicate_business_key,HIGH,"Same customer_id, invoice_date, invoice_amount combination appears on more than one record",2026-09-14T18:02:42.816798+00:00,ACCOUNTS_RECEIVABLE_00018160,18159,ARINV_00004370,CUST_0088,ENT_EU,2025-02-02,2025-02-17,2025-01-30,EUR,3651.49,Paid,Marketing,Retail
ACCOUNTS_RECEIVABLE_00018161,duplicate_business_key,HIGH,"Same customer_id, invoice_date, invoice_amount combination appears on more than one record",2026-09-14T18:02:42.816798+00:00,ACCOUNTS_RECEIVABLE_00018161,18160,ARINV_00002814,CUST_0166,ENT_EU,2024-05-21,2024-06-20,2024-06-10,EUR,4724.32,Paid,Operations,
ACCOUNTS_RECEIVABLE_00018162,duplicate_business_key,HIGH,"Same customer_id, invoice_date, invoice_amount combination appears on more than one record",2026-09-14T18:02:42.816798+00:00,ACCOUNTS_RECEIVABLE_00018162,18161,ARINV_00003472,CUST_0165,ENT_EU,2024-09-20,2024-11-19,2024-11-05,EUR,1450.52,Paid,Operations,Enterprise
ACCOUNTS_RECEIVABLE_00018163,duplicate_business_key,HIGH,"Same customer_id, invoice_date, invoice_amount combination appears on more than one record",2026-09-14T18:02:42.816798+00:00,ACCOUNTS_RECEIVABLE_00018163,18162,ARINV_00010196,CUST_0158,ENT_US,2025-02-19,2025-03-21,2025-04-02,USD,800.7,Paid,Operations,SMB
ACCOUNTS_RECEIVABLE_00018164,duplicate_business_key,HIGH,"Same customer_id, invoice_date, invoice_amount combination appears on more than one record",2026-09-14T18:02:42.816798+00:00,ACCOUNTS_RECEIVABLE_00018164,18163,ARINV_00012636,CUST_0019,ENT_UK,2023-04-25,2023-05-25,2023-06-17,GBP,1147.92,Paid,Marketing,SMB
ACCOUNTS_RECEIVABLE_00018165,duplicate_business_key,HIGH,"Same customer_id, invoice_date, invoice_amount combination appears on more than one record",2026-09-14T18:02:42.816798+00:00,ACCOUNTS_RECEIVABLE_00018165,18164,ARINV_00003448,CUST_0034,ENT_EU,2024-09-20,2024-11-19,2024-11-24,EUR,3399.69,Paid,Operations,Enterprise
ACCOUNTS_RECEIVABLE_00018166,duplicate_business_key,HIGH,"Same customer_id, invoice_date, invoice_amount combination appears on more than one record",2026-09-14T18:02:42.816798+00:00,ACCOUNTS_RECEIVABLE_00018166,18165,ARINV_00006937,CUST_0159,ENT_US,2023-06-18,2023-07-03,2023-06-27,USD,1229.83,Paid,Operations,Retail
ACCOUNTS_RECEIVABLE_00018167,duplicate_business_key,HIGH,"Same customer_id, invoice_date, invoice_amount combination appears on more than one record",2026-09-14T18:02:42.816798+00:00,ACCOUNTS_RECEIVABLE_00018167,18166,ARINV_00007389,CUST_0141,ENT_US,2023-09-05,2023-10-05,2023-10-11,USD,17222.52,Paid,Sales,SMB
ACCOUNTS_RECEIVABLE_00018168,duplicate_business_key,HIGH,"Same customer_id, invoice_date, invoice_amount combination appears on more than one record",2026-09-14T18:02:42.816798+00:00,ACCOUNTS_RECEIVABLE_00018168,18167,ARINV_00000343,CUST_0027,ENT_EU,2023-02-20,2023-04-21,2023-04-23,EUR,1149.22,Paid,Marketing,Enterprise
ACCOUNTS_RECEIVABLE_00018169,duplicate_business_key,HIGH,"Same customer_id, invoice_date, invoice_amount combination appears on more than one record",2026-09-14T18:02:42.816798+00:00,ACCOUNTS_RECEIVABLE_00018169,18168,ARINV_00001681,CUST_0071,ENT_EU,2023-10-08,2023-12-07,2023-12-29,EUR,709.22,Paid,Marketing,Enterprise
ACCOUNTS_RECEIVABLE_00018170,duplicate_business_key,HIGH,"Same customer_id, invoice_date, invoice_amount combination appears on more than one record",2026-09-14T18:02:42.816798+00:00,ACCOUNTS_RECEIVABLE_00018170,18169,ARINV_00011194,CUST_0058,ENT_US,2025-08-30,2025-09-29,2025-09-22,USD,1858.19,Paid,Operations,SMB
ACCOUNTS_RECEIVABLE_00018171,duplicate_business_key,HIGH,"Same customer_id, invoice_date, invoice_amount combination appears on more than one record",2026-09-14T18:02:42.816798+00:00,ACCOUNTS_RECEIVABLE_00018171,18170,ARINV_00010024,CUST_0051,ENT_US,2025-01-19,2025-02-18,2025-02-13,USD,209.12,Paid,Marketing,SMB
ACCOUNTS_RECEIVABLE_00018172,duplicate_business_key,HIGH,"Same customer_id, invoice_date, invoice_amount combination appears on more than one record",2026-09-14T18:02:42.816798+00:00,ACCOUNTS_RECEIVABLE_00018172,18171,ARINV_00006684,CUST_0078,ENT_US,2023-04-25,2023-05-25,2023-05-27,USD,2975.09,Paid,Marketing,SMB
ACCOUNTS_RECEIVABLE_00018173,duplicate_business_key,HIGH,"Same customer_id, invoice_date, invoice_amount combination appears on more than one record",2026-09-14T18:02:42.816798+00:00,ACCOUNTS_RECEIVABLE_00018173,18172,ARINV_00010727,CUST_0020,ENT_US,2025-05-28,2025-07-27,2025-07-25,USD,787.58,Paid,Marketing,Enterprise
ACCOUNTS_RECEIVABLE_00018174,duplicate_business_key,HIGH,"Same customer_id, invoice_date, invoice_amount combination appears on more than one record",2026-09-14T18:02:42.816798+00:00,ACCOUNTS_RECEIVABLE_00018174,18173,ARINV_00012470,CUST_0148,ENT_UK,2023-03-05,2023-03-20,2023-03-09,GBP,799.57,Paid,Marketing,Retail
ACCOUNTS_RECEIVABLE_00018175,duplicate_business_key,HIGH,"Same customer_id, invoice_date, invoice_amount combination appears on more than one record",2026-09-14T18:02:42.816798+00:00,ACCOUNTS_RECEIVABLE_00018175,18174,ARINV_00004476,CUST_0111,ENT_EU,2025-03-28,2025-04-27,2025-05-28,EUR,465.31,Paid,Marketing,SMB
ACCOUNTS_RECEIVABLE_00018176,duplicate_business_key,HIGH,"Same customer_id, invoice_date, invoice_amount combination appears on more than one record",2026-09-14T18:02:42.816798+00:00,ACCOUNTS_RECEIVABLE_00018176,18175,ARINV_00006899,CUST_0131,ENT_US,2023-06-11,2023-06-26,2023-06-24,USD,1942.4,Paid,Sales,Retail
ACCOUNTS_RECEIVABLE_00018177,duplicate_business_key,HIGH,"Same customer_id, invoice_date, invoice_amount combination appears on more than one record",2026-09-14T18:02:42.816798+00:00,ACCOUNTS_RECEIVABLE_00018177,18176,ARINV_00007086,CUST_0028,ENT_US,2023-07-04,2023-08-03,2023-08-19,USD,4503.88,Paid,Sales,SMB
ACCOUNTS_RECEIVABLE_00018178,duplicate_business_key,HIGH,"Same customer_id, invoice_date, invoice_amount combination appears on more than one record",2026-09-14T18:02:42.816798+00:00,ACCOUNTS_RECEIVABLE_00018178,18177,ARINV_00016791,CUST_0073,ENT_UK,2025-05-29,2025-06-13,2025-06-10,GBP,1764.01,Paid,Operations,Retail
ACCOUNTS_RECEIVABLE_00018179,duplicate_business_key,HIGH,"Same customer_id, invoice_date, invoice_amount combination appears on more than one record",2026-09-14T18:02:42.816798+00:00,ACCOUNTS_RECEIVABLE_00018179,18178,ARINV_00000402,CUST_0103,ENT_EU,2023-03-28,2023-04-12,2023-03-29,EUR,3735.5,Paid,Sales,Retail
ACCOUNTS_RECEIVABLE_00018180,duplicate_business_key,HIGH,"Same customer_id, invoice_date, invoice_amount combination appears on more than one record",2026-09-14T18:02:42.816798+00:00,ACCOUNTS_RECEIVABLE_00018180,18179,ARINV_00004565,CUST_0042,ENT_EU,2025-04-20,2025-05-20,2025-05-25,EUR,2310.1,Paid,Sales,SMB
ACCOUNTS_RECEIVABLE_00018181,duplicate_business_key,HIGH,"Same customer_id, invoice_date, invoice_amount combination appears on more than one record",2026-09-14T18:02:42.816798+00:00,ACCOUNTS_RECEIVABLE_00018181,18180,ARINV_00009629,CUST_0017,ENT_US,2024-11-21,2025-01-20,2025-01-31,USD,6076.78,Paid,,Enterprise
ACCOUNTS_RECEIVABLE_00018182,duplicate_business_key,HIGH,"Same customer_id, invoice_date, invoice_amount combination appears on more than one record",2026-09-14T18:02:42.816798+00:00,ACCOUNTS_RECEIVABLE_00018182,18181,ARINV_00013796,CUST_0073,ENT_UK,2023-11-29,2023-12-14,2023-12-10,GBP,435.88,Paid,Operations,Retail
ACCOUNTS_RECEIVABLE_00018183,duplicate_business_key,HIGH,"Same customer_id, invoice_date, invoice_amount combination appears on more than one record",2026-09-14T18:02:42.816798+00:00,ACCOUNTS_RECEIVABLE_00018183,18182,ARINV_00010572,CUST_0122,ENT_US,2025-04-08,2025-04-23,2025-04-20,USD,1611.5,Paid,Marketing,Retail
ACCOUNTS_RECEIVABLE_00018184,duplicate_business_key,HIGH,"Same customer_id, invoice_date, invoice_amount combination appears on more than one record",2026-09-14T18:02:42.816798+00:00,ACCOUNTS_RECEIVABLE_00018184,18183,ARINV_00011447,CUST_0028,ENT_US,2025-10-17,2025-11-16,2025-11-10,USD,5532.5,Paid,Sales,SMB
ACCOUNTS_RECEIVABLE_00018185,duplicate_business_key,HIGH,"Same customer_id, invoice_date, invoice_amount combination appears on more than one record",2026-09-14T18:02:42.816798+00:00,ACCOUNTS_RECEIVABLE_00018185,18184,ARINV_00017852,CUST_0126,ENT_UK,2025-11-18,2025-12-18,2025-12-25,GBP,838.29,Paid,,SMB
ACCOUNTS_RECEIVABLE_00018186,duplicate_business_key,HIGH,"Same customer_id, invoice_date, invoice_amount combination appears on more than one record",2026-09-14T18:02:42.816798+00:00,ACCOUNTS_RECEIVABLE_00018186,18185,ARINV_00008709,CUST_0059,ENT_US,2024-05-20,2024-06-04,2024-06-02,USD,3013.61,Paid,Sales,Retail
ACCOUNTS_RECEIVABLE_00018187,duplicate_business_key,HIGH,"Same customer_id, invoice_date, invoice_amount combination appears on more than one record",2026-09-14T18:02:42.816798+00:00,ACCOUNTS_RECEIVABLE_00018187,18186,ARINV_00017332,CUST_0041,ENT_UK,2025-08-20,2025-09-19,2025-09-15,GBP,265.69,Paid,Marketing,SMB
ACCOUNTS_RECEIVABLE_00018188,duplicate_business_key,HIGH,"Same customer_id, invoice_date, invoice_amount combination appears on more than one record",2026-09-14T18:02:42.816798+00:00,ACCOUNTS_RECEIVABLE_00018188,18187,ARINV_00011178,CUST_0020,ENT_US,2025-08-10,2025-10-09,2025-10-21,USD,4271.28,Paid,Sales,Enterprise
ACCOUNTS_RECEIVABLE_00000691,invalid_currency,HIGH,"Currency not one of ['EUR', 'GBP', 'USD']",2026-09-14T18:02:42.816798+00:00,ACCOUNTS_RECEIVABLE_00000691,690,ARINV_00000691,CUST_0044,ENT_EU,2023-04-29,2023-05-29,2023-06-12,CHF,3593.35,Paid,Marketing,SMB
ACCOUNTS_RECEIVABLE_00001341,invalid_currency,HIGH,"Currency not one of ['EUR', 'GBP', 'USD']",2026-09-14T18:02:42.816798+00:00,ACCOUNTS_RECEIVABLE_00001341,1340,ARINV_00001341,CUST_0037,ENT_EU,2023-08-10,2023-10-09,2023-10-20,CHF,512.23,Paid,Operations,Enterprise
ACCOUNTS_RECEIVABLE_00001777,invalid_currency,HIGH,"Currency not one of ['EUR', 'GBP', 'USD']",2026-09-14T18:02:42.816798+00:00,ACCOUNTS_RECEIVABLE_00001777,1776,ARINV_00001777,CUST_0072,ENT_EU,2023-11-01,2023-12-31,2024-01-02,JPY,3794.92,Paid,Sales,Enterprise
ACCOUNTS_RECEIVABLE_00002443,invalid_currency,HIGH,"Currency not one of ['EUR', 'GBP', 'USD']",2026-09-14T18:02:42.816798+00:00,ACCOUNTS_RECEIVABLE_00002443,2442,ARINV_00002443,CUST_0098,ENT_EU,2024-03-27,2024-04-11,2024-04-04,CHF,1437.03,Paid,Sales,Retail
ACCOUNTS_RECEIVABLE_00003126,invalid_currency,HIGH,"Currency not one of ['EUR', 'GBP', 'USD']",2026-09-14T18:02:42.816798+00:00,ACCOUNTS_RECEIVABLE_00003126,3125,ARINV_00003126,CUST_0180,ENT_EU,2024-07-08,2024-08-07,2024-08-15,XYZ,12073.58,Paid,Sales,SMB
ACCOUNTS_RECEIVABLE_00003613,invalid_currency,HIGH,"Currency not one of ['EUR', 'GBP', 'USD']",2026-09-14T18:02:42.816798+00:00,ACCOUNTS_RECEIVABLE_00003613,3612,ARINV_00003613,CUST_0006,ENT_EU,2024-10-29,2024-11-28,2024-12-16,CHF,1437.48,Paid,Sales,SMB
ACCOUNTS_RECEIVABLE_00003651,invalid_currency,HIGH,"Currency not one of ['EUR', 'GBP', 'USD']",2026-09-14T18:02:42.816798+00:00,ACCOUNTS_RECEIVABLE_00003651,3650,ARINV_00003651,CUST_0098,ENT_EU,2024-10-07,2024-10-22,2024-10-24,JPY,1783.11,Paid,,Retail
ACCOUNTS_RECEIVABLE_00003897,invalid_currency,HIGH,"Currency not one of ['EUR', 'GBP', 'USD']",2026-09-14T18:02:42.816798+00:00,ACCOUNTS_RECEIVABLE_00003897,3896,ARINV_00003897,CUST_0083,ENT_EU,2024-11-10,2024-12-10,2024-12-09,XYZ,725.52,Paid,Marketing,SMB
ACCOUNTS_RECEIVABLE_00004443,invalid_currency,HIGH,"Currency not one of ['EUR', 'GBP', 'USD']",2026-09-14T18:02:42.816798+00:00,ACCOUNTS_RECEIVABLE_00004443,4442,ARINV_00004443,CUST_0147,ENT_EU,2025-03-27,2025-04-26,2025-04-20,XYZ,6865.9,Paid,Operations,SMB
ACCOUNTS_RECEIVABLE_00005620,invalid_currency,HIGH,"Currency not one of ['EUR', 'GBP', 'USD']",2026-09-14T18:02:42.816798+00:00,ACCOUNTS_RECEIVABLE_00005620,5619,ARINV_00005620,CUST_0168,ENT_EU,2025-10-02,2025-11-01,2025-11-13,CHF,384.51,Paid,Marketing,SMB
ACCOUNTS_RECEIVABLE_00006804,invalid_currency,HIGH,"Currency not one of ['EUR', 'GBP', 'USD']",2026-09-14T18:02:42.816798+00:00,ACCOUNTS_RECEIVABLE_00006804,6803,ARINV_00006804,CUST_0059,ENT_US,2023-05-10,2023-05-25,2023-05-28,XYZ,1122.02,Paid,Operations,Retail
ACCOUNTS_RECEIVABLE_00007062,invalid_currency,HIGH,"Currency not one of ['EUR', 'GBP', 'USD']",2026-09-14T18:02:42.816798+00:00,ACCOUNTS_RECEIVABLE_00007062,7061,ARINV_00007062,CUST_0028,ENT_US,2023-07-29,2023-08-28,2023-09-09,JPY,10383.95,Paid,Sales,SMB
ACCOUNTS_RECEIVABLE_00007159,invalid_currency,HIGH,"Currency not one of ['EUR', 'GBP', 'USD']",2026-09-14T18:02:42.816798+00:00,ACCOUNTS_RECEIVABLE_00007159,7158,ARINV_00007159,CUST_0160,ENT_US,2023-07-04,2023-08-03,2023-08-16,JPY,336.09,Paid,Marketing,SMB
ACCOUNTS_RECEIVABLE_00007343,invalid_currency,HIGH,"Currency not one of ['EUR', 'GBP', 'USD']",2026-09-14T18:02:42.816798+00:00,ACCOUNTS_RECEIVABLE_00007343,7342,ARINV_00007343,CUST_0164,ENT_US,2023-08-11,2023-09-10,2023-09-21,XYZ,683.74,Paid,Marketing,SMB
ACCOUNTS_RECEIVABLE_00007550,invalid_currency,HIGH,"Currency not one of ['EUR', 'GBP', 'USD']",2026-09-14T18:02:42.816798+00:00,ACCOUNTS_RECEIVABLE_00007550,7549,ARINV_00007550,CUST_0020,ENT_US,2023-09-11,2023-11-10,2023-11-04,CHF,6164.52,Paid,Marketing,Enterprise
ACCOUNTS_RECEIVABLE_00008399,invalid_currency,HIGH,"Currency not one of ['EUR', 'GBP', 'USD']",2026-09-14T18:02:42.816798+00:00,ACCOUNTS_RECEIVABLE_00008399,8398,ARINV_00008399,CUST_0173,ENT_US,2024-03-26,2024-04-25,2024-06-07,XYZ,792.88,Paid,Sales,SMB
ACCOUNTS_RECEIVABLE_00008480,invalid_currency,HIGH,"Currency not one of ['EUR', 'GBP', 'USD']",2026-09-14T18:02:42.816798+00:00,ACCOUNTS_RECEIVABLE_00008480,8479,ARINV_00008480,CUST_0008,ENT_US,2024-03-18,2024-04-17,2024-04-11,JPY,1352.44,Paid,Marketing,SMB
ACCOUNTS_RECEIVABLE_00008938,invalid_currency,HIGH,"Currency not one of ['EUR', 'GBP', 'USD']",2026-09-14T18:02:42.816798+00:00,ACCOUNTS_RECEIVABLE_00008938,8937,ARINV_00008938,CUST_0051,ENT_US,2024-06-18,2024-07-18,2024-07-12,JPY,212.83,Paid,Marketing,SMB
ACCOUNTS_RECEIVABLE_00009422,invalid_currency,HIGH,"Currency not one of ['EUR', 'GBP', 'USD']",2026-09-14T18:02:42.816798+00:00,ACCOUNTS_RECEIVABLE_00009422,9421,ARINV_00009422,CUST_0164,ENT_US,2024-09-19,2024-10-19,2024-11-12,CHF,6882.08,Paid,Marketing,SMB
ACCOUNTS_RECEIVABLE_00009981,invalid_currency,HIGH,"Currency not one of ['EUR', 'GBP', 'USD']",2026-09-14T18:02:42.816798+00:00,ACCOUNTS_RECEIVABLE_00009981,9980,ARINV_00009981,CUST_0172,ENT_US,2025-01-05,2025-02-04,2025-02-07,JPY,3815.39,Paid,Operations,SMB
ACCOUNTS_RECEIVABLE_00010517,invalid_currency,HIGH,"Currency not one of ['EUR', 'GBP', 'USD']",2026-09-14T18:02:42.816798+00:00,ACCOUNTS_RECEIVABLE_00010517,10516,ARINV_00010517,CUST_0001,ENT_US,2025-04-11,2025-06-10,2025-06-18,CHF,2353.69,Paid,Operations,Enterprise
ACCOUNTS_RECEIVABLE_00010751,invalid_currency,HIGH,"Currency not one of ['EUR', 'GBP', 'USD']",2026-09-14T18:02:42.816798+00:00,ACCOUNTS_RECEIVABLE_00010751,10750,ARINV_00010751,CUST_0064,ENT_US,2025-06-01,2025-07-01,2025-06-28,JPY,12937.2,Paid,Sales,SMB
ACCOUNTS_RECEIVABLE_00011082,invalid_currency,HIGH,"Currency not one of ['EUR', 'GBP', 'USD']",2026-09-14T18:02:42.816798+00:00,ACCOUNTS_RECEIVABLE_00011082,11081,ARINV_00011082,CUST_0015,ENT_US,2025-07-11,2025-08-10,2025-08-07,JPY,1587.27,Paid,Marketing,
ACCOUNTS_RECEIVABLE_00011593,invalid_currency,HIGH,"Currency not one of ['EUR', 'GBP', 'USD']",2026-09-14T18:02:42.816798+00:00,ACCOUNTS_RECEIVABLE_00011593,11592,ARINV_00011593,CUST_0140,ENT_US,2025-10-14,2025-11-13,2025-11-30,XYZ,1600.25,Paid,Marketing,SMB
ACCOUNTS_RECEIVABLE_00012140,invalid_currency,HIGH,"Currency not one of ['EUR', 'GBP', 'USD']",2026-09-14T18:02:42.816798+00:00,ACCOUNTS_RECEIVABLE_00012140,12139,ARINV_00012140,CUST_0060,ENT_UK,2023-01-22,2023-02-21,2023-03-12,JPY,470.99,Paid,Marketing,SMB
ACCOUNTS_RECEIVABLE_00012799,invalid_currency,HIGH,"Currency not one of ['EUR', 'GBP', 'USD']",2026-09-14T18:02:42.816798+00:00,ACCOUNTS_RECEIVABLE_00012799,12798,ARINV_00012799,CUST_0108,ENT_UK,2023-05-07,2023-06-06,2023-06-19,JPY,2019.57,Paid,Marketing,SMB
ACCOUNTS_RECEIVABLE_00014052,invalid_currency,HIGH,"Currency not one of ['EUR', 'GBP', 'USD']",2026-09-14T18:02:42.816798+00:00,ACCOUNTS_RECEIVABLE_00014052,14051,ARINV_00014052,CUST_0021,ENT_UK,2024-01-08,2024-03-08,2024-03-06,XYZ,2007.08,Paid,Sales,Enterprise
ACCOUNTS_RECEIVABLE_00014996,invalid_currency,HIGH,"Currency not one of ['EUR', 'GBP', 'USD']",2026-09-14T18:02:42.816798+00:00,ACCOUNTS_RECEIVABLE_00014996,14995,ARINV_00014996,CUST_0118,ENT_UK,2024-06-04,2024-08-03,2024-08-13,XYZ,1044.1,Paid,Marketing,Enterprise
ACCOUNTS_RECEIVABLE_00015015,invalid_currency,HIGH,"Currency not one of ['EUR', 'GBP', 'USD']",2026-09-14T18:02:42.816798+00:00,ACCOUNTS_RECEIVABLE_00015015,15014,ARINV_00015015,CUST_0094,ENT_UK,2024-07-19,2024-08-03,2024-07-28,JPY,4180.74,Paid,Sales,Retail
ACCOUNTS_RECEIVABLE_00016455,invalid_currency,HIGH,"Currency not one of ['EUR', 'GBP', 'USD']",2026-09-14T18:02:42.816798+00:00,ACCOUNTS_RECEIVABLE_00016455,16454,ARINV_00016455,CUST_0046,ENT_UK,2025-03-19,2025-04-18,2025-05-04,CHF,764.98,Paid,Operations,SMB
ACCOUNTS_RECEIVABLE_00016568,invalid_currency,HIGH,"Currency not one of ['EUR', 'GBP', 'USD']",2026-09-14T18:02:42.816798+00:00,ACCOUNTS_RECEIVABLE_00016568,16567,ARINV_00016568,CUST_0089,ENT_UK,2025-04-07,2025-04-22,2025-04-18,XYZ,3138.05,Paid,Sales,Retail
ACCOUNTS_RECEIVABLE_00016640,invalid_currency,HIGH,"Currency not one of ['EUR', 'GBP', 'USD']",2026-09-14T18:02:42.816798+00:00,ACCOUNTS_RECEIVABLE_00016640,16639,ARINV_00016640,CUST_0033,ENT_UK,2025-04-30,2025-05-30,2025-06-03,JPY,410.79,Paid,Marketing,SMB
ACCOUNTS_RECEIVABLE_00016953,invalid_currency,HIGH,"Currency not one of ['EUR', 'GBP', 'USD']",2026-09-14T18:02:42.816798+00:00,ACCOUNTS_RECEIVABLE_00016953,16952,ARINV_00016953,CUST_0117,ENT_UK,2025-06-23,2025-08-22,2025-08-25,XYZ,1040.5,Paid,Marketing,Enterprise
ACCOUNTS_RECEIVABLE_00017620,invalid_currency,HIGH,"Currency not one of ['EUR', 'GBP', 'USD']",2026-09-14T18:02:42.816798+00:00,ACCOUNTS_RECEIVABLE_00017620,17619,ARINV_00017620,CUST_0003,ENT_UK,2025-10-22,2025-11-06,2025-11-09,CHF,1604.34,Paid,Operations,Retail
ACCOUNTS_RECEIVABLE_00000009,payment_before_invoice,HIGH,payment_date is earlier than invoice_date,2026-09-14T18:02:42.816798+00:00,ACCOUNTS_RECEIVABLE_00000009,8,ARINV_00000009,CUST_0114,ENT_EU,2023-01-08,2023-01-23,2023-01-07,EUR,12991.6,Paid,Sales,Retail
ACCOUNTS_RECEIVABLE_00000021,payment_before_invoice,HIGH,payment_date is earlier than invoice_date,2026-09-14T18:02:42.816798+00:00,ACCOUNTS_RECEIVABLE_00000021,20,ARINV_00000021,CUST_0124,ENT_EU,2023-01-12,2023-01-27,2023-01-08,EUR,9270.66,Paid,Sales,Retail
ACCOUNTS_RECEIVABLE_00000067,payment_before_invoice,HIGH,payment_date is earlier than invoice_date,2026-09-14T18:02:42.816798+00:00,ACCOUNTS_RECEIVABLE_00000067,66,ARINV_00000067,CUST_0088,ENT_EU,2023-01-26,2023-02-10,2023-01-14,EUR,1948.78,Paid,Sales,Retail
ACCOUNTS_RECEIVABLE_00000085,payment_before_invoice,HIGH,payment_date is earlier than invoice_date,2026-09-14T18:02:42.816798+00:00,ACCOUNTS_RECEIVABLE_00000085,84,ARINV_00000085,CUST_0014,ENT_EU,2023-01-28,2023-02-12,2023-01-26,EUR,2958.9,Paid,Operations,Retail
ACCOUNTS_RECEIVABLE_00000141,payment_before_invoice,HIGH,payment_date is earlier than invoice_date,2026-09-14T18:02:42.816798+00:00,ACCOUNTS_RECEIVABLE_00000141,140,ARINV_00000141,CUST_0119,ENT_EU,2023-01-28,2023-02-12,2023-01-27,EUR,903.12,Paid,Marketing,Retail
ACCOUNTS_RECEIVABLE_00000147,payment_before_invoice,HIGH,payment_date is earlier than invoice_date,2026-09-14T18:02:42.816798+00:00,ACCOUNTS_RECEIVABLE_00000147,146,ARINV_00000147,CUST_0014,ENT_EU,2023-01-30,2023-02-14,2023-01-22,EUR,1034.96,Paid,Marketing,Retail
ACCOUNTS_RECEIVABLE_00000154,payment_before_invoice,HIGH,payment_date is earlier than invoice_date,2026-09-14T18:02:42.816798+00:00,ACCOUNTS_RECEIVABLE_00000154,153,ARINV_00000154,CUST_0139,ENT_EU,2023-01-07,2023-01-22,2023-01-06,EUR,1346.36,Paid,Marketing,Retail
ACCOUNTS_RECEIVABLE_00000196,payment_before_invoice,HIGH,payment_date is earlier than invoice_date,2026-09-14T18:02:42.816798+00:00,ACCOUNTS_RECEIVABLE_00000196,195,ARINV_00000196,CUST_0013,ENT_EU,2023-02-01,2023-02-16,2023-01-30,EUR,4619.25,Paid,Sales,Retail
ACCOUNTS_RECEIVABLE_00000211,payment_before_invoice,HIGH,payment_date is earlier than invoice_date,2026-09-14T18:02:42.816798+00:00,ACCOUNTS_RECEIVABLE_00000211,210,ARINV_00000211,CUST_0014,ENT_EU,2023-02-16,2023-03-03,2023-02-15,EUR,10343.28,Paid,Sales,Retail
ACCOUNTS_RECEIVABLE_00000236,payment_before_invoice,HIGH,payment_date is earlier than invoice_date,2026-09-14T18:02:42.816798+00:00,ACCOUNTS_RECEIVABLE_00000236,235,ARINV_00000236,CUST_0083,ENT_EU,2023-02-05,2023-03-07,2023-02-03,EUR,1746.09,Paid,Sales,SMB
ACCOUNTS_RECEIVABLE_00000266,payment_before_invoice,HIGH,payment_date is earlier than invoice_date,2026-09-14T18:02:42.816798+00:00,ACCOUNTS_RECEIVABLE_00000266,265,ARINV_00000266,CUST_0139,ENT_EU,2023-02-14,2023-03-01,2023-02-13,EUR,4666.56,Paid,Operations,Retail
ACCOUNTS_RECEIVABLE_00000271,payment_before_invoice,HIGH,payment_date is earlier than invoice_date,2026-09-14T18:02:42.816798+00:00,ACCOUNTS_RECEIVABLE_00000271,270,ARINV_00000271,CUST_0061,ENT_EU,2023-02-27,2023-03-14,2023-02-25,EUR,364.21,Paid,Operations,Retail
ACCOUNTS_RECEIVABLE_00000289,payment_before_invoice,HIGH,payment_date is earlier than invoice_date,2026-09-14T18:02:42.816798+00:00,ACCOUNTS_RECEIVABLE_00000289,288,ARINV_00000289,CUST_0150,ENT_EU,2023-02-08,2023-02-23,2023-02-07,EUR,753.05,Paid,Operations,Retail
ACCOUNTS_RECEIVABLE_00000409,payment_before_invoice,HIGH,payment_date is earlier than invoice_date,2026-09-14T18:02:42.816798+00:00,ACCOUNTS_RECEIVABLE_00000409,408,ARINV_00000409,CUST_0061,ENT_EU,2023-03-09,2023-03-24,2023-03-07,EUR,1065.97,Paid,Sales,Retail
ACCOUNTS_RECEIVABLE_00000565,payment_before_invoice,HIGH,payment_date is earlier than invoice_date,2026-09-14T18:02:42.816798+00:00,ACCOUNTS_RECEIVABLE_00000565,564,ARINV_00000565,CUST_0139,ENT_EU,2023-04-18,2023-05-03,2023-04-16,EUR,18549.24,Paid,Sales,Retail
ACCOUNTS_RECEIVABLE_00000607,payment_before_invoice,HIGH,payment_date is earlier than invoice_date,2026-09-14T18:02:42.816798+00:00,ACCOUNTS_RECEIVABLE_00000607,606,ARINV_00000607,CUST_0054,ENT_EU,2023-04-15,2023-04-30,2023-04-13,EUR,7378.61,Paid,Operations,Retail
ACCOUNTS_RECEIVABLE_00000610,payment_before_invoice,HIGH,payment_date is earlier than invoice_date,2026-09-14T18:02:42.816798+00:00,ACCOUNTS_RECEIVABLE_00000610,609,ARINV_00000610,CUST_0127,ENT_EU,2023-04-11,2023-05-11,2023-04-07,EUR,9375.27,Paid,Operations,SMB
ACCOUNTS_RECEIVABLE_00000638,payment_before_invoice,HIGH,payment_date is earlier than invoice_date,2026-09-14T18:02:42.816798+00:00,ACCOUNTS_RECEIVABLE_00000638,637,ARINV_00000638,CUST_0031,ENT_EU,2023-04-17,2023-05-02,2023-04-16,EUR,353.21,Paid,Operations,Retail
ACCOUNTS_RECEIVABLE_00000782,payment_before_invoice,HIGH,payment_date is earlier than invoice_date,2026-09-14T18:02:42.816798+00:00,ACCOUNTS_RECEIVABLE_00000782,781,ARINV_00000782,CUST_0103,ENT_EU,2023-05-01,2023-05-16,2023-04-30,EUR,4088.16,Paid,Operations,Retail
ACCOUNTS_RECEIVABLE_00000896,payment_before_invoice,HIGH,payment_date is earlier than invoice_date,2026-09-14T18:02:42.816798+00:00,ACCOUNTS_RECEIVABLE_00000896,895,ARINV_00000896,CUST_0103,ENT_EU,2023-06-01,2023-06-16,2023-05-26,EUR,5634.69,Paid,Sales,Retail
ACCOUNTS_RECEIVABLE_00000900,payment_before_invoice,HIGH,payment_date is earlier than invoice_date,2026-09-14T18:02:42.816798+00:00,ACCOUNTS_RECEIVABLE_00000900,899,ARINV_00000900,CUST_0096,ENT_EU,2023-06-25,2023-07-10,2023-06-21,EUR,2315.3,Paid,Sales,Retail
ACCOUNTS_RECEIVABLE_00000941,payment_before_invoice,HIGH,payment_date is earlier than invoice_date,2026-09-14T18:02:42.816798+00:00,ACCOUNTS_RECEIVABLE_00000941,940,ARINV_00000941,CUST_0061,ENT_EU,2023-06-02,2023-06-17,2023-05-24,EUR,2383.31,Paid,Operations,Retail
ACCOUNTS_RECEIVABLE_00000975,payment_before_invoice,HIGH,payment_date is earlier than invoice_date,2026-09-14T18:02:42.816798+00:00,ACCOUNTS_RECEIVABLE_00000975,974,ARINV_00000975,CUST_0168,ENT_EU,2023-06-26,2023-07-26,2023-06-23,EUR,683.52,Paid,Operations,SMB
ACCOUNTS_RECEIVABLE_00001003,payment_before_invoice,HIGH,payment_date is earlier than invoice_date,2026-09-14T18:02:42.816798+00:00,ACCOUNTS_RECEIVABLE_00001003,1002,ARINV_00001003,CUST_0042,ENT_EU,2023-06-23,2023-07-23,2023-06-22,EUR,1998.19,Paid,Marketing,
ACCOUNTS_RECEIVABLE_00001046,payment_before_invoice,HIGH,payment_date is earlier than invoice_date,2026-09-14T18:02:42.816798+00:00,ACCOUNTS_RECEIVABLE_00001046,1045,ARINV_00001046,CUST_0098,ENT_EU,2023-07-28,2023-08-12,2023-07-27,EUR,5810.49,Paid,Sales,
ACCOUNTS_RECEIVABLE_00001069,payment_before_invoice,HIGH,payment_date is earlier than invoice_date,2026-09-14T18:02:42.816798+00:00,ACCOUNTS_RECEIVABLE_00001069,1068,ARINV_00001069,CUST_0119,ENT_EU,2023-07-23,2023-08-07,2023-07-18,EUR,645.53,Paid,Sales,Retail
ACCOUNTS_RECEIVABLE_00001166,payment_before_invoice,HIGH,payment_date is earlier than invoice_date,2026-09-14T18:02:42.816798+00:00,ACCOUNTS_RECEIVABLE_00001166,1165,ARINV_00001166,CUST_0139,ENT_EU,2023-07-02,2023-07-17,2023-06-19,EUR,1385.06,Paid,Marketing,Retail
ACCOUNTS_RECEIVABLE_00001200,payment_before_invoice,HIGH,payment_date is earlier than invoice_date,2026-09-14T18:02:42.816798+00:00,ACCOUNTS_RECEIVABLE_00001200,1199,ARINV_00001200,CUST_0098,ENT_EU,2023-07-15,2023-07-30,2023-07-13,EUR,4666.83,Paid,,Retail
ACCOUNTS_RECEIVABLE_00001297,payment_before_invoice,HIGH,payment_date is earlier than invoice_date,2026-09-14T18:02:42.816798+00:00,ACCOUNTS_RECEIVABLE_00001297,1296,ARINV_00001297,CUST_0061,ENT_EU,2023-08-26,2023-09-10,2023-08-21,EUR,3954.85,Paid,Operations,Retail
ACCOUNTS_RECEIVABLE_00001366,payment_before_invoice,HIGH,payment_date is earlier than invoice_date,2026-09-14T18:02:42.816798+00:00,ACCOUNTS_RECEIVABLE_00001366,1365,ARINV_00001366,CUST_0095,ENT_EU,2023-08-27,2023-09-11,2023-08-24,EUR,747.37,Paid,Marketing,Retail
ACCOUNTS_RECEIVABLE_00001500,payment_before_invoice,HIGH,payment_date is earlier than invoice_date,2026-09-14T18:02:42.816798+00:00,ACCOUNTS_RECEIVABLE_00001500,1499,ARINV_00001500,CUST_0075,ENT_EU,2023-09-02,2023-10-02,2023-08-22,EUR,1682.33,Paid,Operations,SMB
ACCOUNTS_RECEIVABLE_00001521,payment_before_invoice,HIGH,payment_date is earlier than invoice_date,2026-09-14T18:02:42.816798+00:00,ACCOUNTS_RECEIVABLE_00001521,1520,ARINV_00001521,CUST_0069,ENT_EU,2023-09-28,2023-11-27,2023-09-25,EUR,931.7,Paid,Marketing,Enterprise
ACCOUNTS_RECEIVABLE_00001545,payment_before_invoice,HIGH,payment_date is earlier than invoice_date,2026-09-14T18:02:42.816798+00:00,ACCOUNTS_RECEIVABLE_00001545,1544,ARINV_00001545,CUST_0171,ENT_EU,2023-09-16,2023-10-01,2023-09-15,EUR,589.18,Paid,Marketing,Retail
ACCOUNTS_RECEIVABLE_00001621,payment_before_invoice,HIGH,payment_date is earlier than invoice_date,2026-09-14T18:02:42.816798+00:00,ACCOUNTS_RECEIVABLE_00001621,1620,ARINV_00001621,CUST_0103,ENT_EU,2023-10-06,2023-10-21,2023-10-02,EUR,10981.05,Paid,Operations,Retail
ACCOUNTS_RECEIVABLE_00001641,payment_before_invoice,HIGH,payment_date is earlier than invoice_date,2026-09-14T18:02:42.816798+00:00,ACCOUNTS_RECEIVABLE_00001641,1640,ARINV_00001641,CUST_0096,ENT_EU,2023-10-03,2023-10-18,2023-10-02,EUR,2786.66,Paid,Operations,Retail
ACCOUNTS_RECEIVABLE_00001733,payment_before_invoice,HIGH,payment_date is earlier than invoice_date,2026-09-14T18:02:42.816798+00:00,ACCOUNTS_RECEIVABLE_00001733,1732,ARINV_00001733,CUST_0023,ENT_EU,2023-11-03,2023-11-18,2023-11-02,GBP,5589.44,Paid,Sales,
ACCOUNTS_RECEIVABLE_00001812,payment_before_invoice,HIGH,payment_date is earlier than invoice_date,2026-09-14T18:02:42.816798+00:00,ACCOUNTS_RECEIVABLE_00001812,1811,ARINV_00001812,CUST_0096,ENT_EU,2023-11-19,2023-12-04,2023-11-15,EUR,7150.79,Paid,Operations,Retail
ACCOUNTS_RECEIVABLE_00001825,payment_before_invoice,HIGH,payment_date is earlier than invoice_date,2026-09-14T18:02:42.816798+00:00,ACCOUNTS_RECEIVABLE_00001825,1824,ARINV_00001825,CUST_0139,ENT_EU,2023-11-15,2023-11-30,2023-11-07,EUR,790.89,Paid,,Retail
ACCOUNTS_RECEIVABLE_00001833,payment_before_invoice,HIGH,payment_date is earlier than invoice_date,2026-09-14T18:02:42.816798+00:00,ACCOUNTS_RECEIVABLE_00001833,1832,ARINV_00001833,CUST_0139,ENT_EU,2023-11-06,2023-11-21,2023-11-04,EUR,835.66,Paid,Operations,Retail
ACCOUNTS_RECEIVABLE_00001881,payment_before_invoice,HIGH,payment_date is earlier than invoice_date,2026-09-14T18:02:42.816798+00:00,ACCOUNTS_RECEIVABLE_00001881,1880,ARINV_00001881,CUST_0096,ENT_EU,2023-11-25,2023-12-10,2023-11-18,EUR,404.91,Paid,Marketing,Retail
ACCOUNTS_RECEIVABLE_00002063,payment_before_invoice,HIGH,payment_date is earlier than invoice_date,2026-09-14T18:02:42.816798+00:00,ACCOUNTS_RECEIVABLE_00002063,2062,ARINV_00002063,CUST_0031,ENT_EU,2023-12-06,2023-12-21,2023-11-28,EUR,784.37,Paid,Marketing,Retail
ACCOUNTS_RECEIVABLE_00002099,payment_before_invoice,HIGH,payment_date is earlier than invoice_date,2026-09-14T18:02:42.816798+00:00,ACCOUNTS_RECEIVABLE_00002099,2098,ARINV_00002099,CUST_0171,ENT_EU,2024-01-18,2024-02-02,2024-01-13,EUR,6293.91,Paid,Sales,Retail
ACCOUNTS_RECEIVABLE_00002128,payment_before_invoice,HIGH,payment_date is earlier than invoice_date,2026-09-14T18:02:42.816798+00:00,ACCOUNTS_RECEIVABLE_00002128,2127,ARINV_00002128,CUST_0031,ENT_EU,2024-01-30,2024-02-14,2024-01-27,EUR,5789.36,Paid,Operations,Retail
ACCOUNTS_RECEIVABLE_00002148,payment_before_invoice,HIGH,payment_date is earlier than invoice_date,2026-09-14T18:02:42.816798+00:00,ACCOUNTS_RECEIVABLE_00002148,2147,ARINV_00002148,CUST_0147,ENT_EU,2024-01-02,2024-02-01,2023-12-21,GBP,2756.45,Paid,Operations,SMB
ACCOUNTS_RECEIVABLE_00002166,payment_before_invoice,HIGH,payment_date is earlier than invoice_date,2026-09-14T18:02:42.816798+00:00,ACCOUNTS_RECEIVABLE_00002166,2165,ARINV_00002166,CUST_0099,ENT_EU,2024-01-05,2024-01-20,2023-12-28,EUR,1569.21,Paid,Operations,Retail
ACCOUNTS_RECEIVABLE_00002260,payment_before_invoice,HIGH,payment_date is earlier than invoice_date,2026-09-14T18:02:42.816798+00:00,ACCOUNTS_RECEIVABLE_00002260,2259,ARINV_00002260,CUST_0171,ENT_EU,2024-02-25,2024-03-11,2024-02-23,EUR,3303.54,Paid,Sales,Retail
ACCOUNTS_RECEIVABLE_00002262,payment_before_invoice,HIGH,payment_date is earlier than invoice_date,2026-09-14T18:02:42.816798+00:00,ACCOUNTS_RECEIVABLE_00002262,2261,ARINV_00002262,CUST_0121,ENT_EU,2024-02-08,2024-02-23,2024-01-24,EUR,3966.58,Paid,Sales,Retail
ACCOUNTS_RECEIVABLE_00002312,payment_before_invoice,HIGH,payment_date is earlier than invoice_date,2026-09-14T18:02:42.816798+00:00,ACCOUNTS_RECEIVABLE_00002312,2311,ARINV_00002312,CUST_0171,ENT_EU,2024-02-08,2024-02-23,2024-02-01,EUR,4366.63,Paid,Operations,Retail
ACCOUNTS_RECEIVABLE_00002314,payment_before_invoice,HIGH,payment_date is earlier than invoice_date,2026-09-14T18:02:42.816798+00:00,ACCOUNTS_RECEIVABLE_00002314,2313,ARINV_00002314,CUST_0088,ENT_EU,2024-02-02,2024-02-17,2024-01-29,EUR,6603.85,Paid,Operations,Retail
ACCOUNTS_RECEIVABLE_00002373,payment_before_invoice,HIGH,payment_date is earlier than invoice_date,2026-09-14T18:02:42.816798+00:00,ACCOUNTS_RECEIVABLE_00002373,2372,ARINV_00002373,CUST_0011,ENT_EU,2024-02-09,2024-02-24,2024-02-07,GBP,1126.72,Paid,Marketing,Retail
ACCOUNTS_RECEIVABLE_00002481,payment_before_invoice,HIGH,payment_date is earlier than invoice_date,2026-09-14T18:02:42.816798+00:00,ACCOUNTS_RECEIVABLE_00002481,2480,ARINV_00002481,CUST_0171,ENT_EU,2024-03-28,2024-04-12,2024-03-25,EUR,1175.91,Paid,Operations,Retail
ACCOUNTS_RECEIVABLE_00002517,payment_before_invoice,HIGH,payment_date is earlier than invoice_date,2026-09-14T18:02:42.816798+00:00,ACCOUNTS_RECEIVABLE_00002517,2516,ARINV_00002517,CUST_0031,ENT_EU,2024-03-31,2024-04-15,2024-03-24,EUR,1018.73,Paid,Marketing,Retail
ACCOUNTS_RECEIVABLE_00002609,payment_before_invoice,HIGH,payment_date is earlier than invoice_date,2026-09-14T18:02:42.816798+00:00,ACCOUNTS_RECEIVABLE_00002609,2608,ARINV_00002609,CUST_0061,ENT_EU,2024-04-01,2024-04-16,2024-03-27,EUR,3926.03,Paid,Sales,Retail
ACCOUNTS_RECEIVABLE_00002690,payment_before_invoice,HIGH,payment_date is earlier than invoice_date,2026-09-14T18:02:42.816798+00:00,ACCOUNTS_RECEIVABLE_00002690,2689,ARINV_00002690,CUST_0135,ENT_EU,2024-04-08,2024-04-23,2024-04-04,EUR,1091.27,Paid,Marketing,Retail
ACCOUNTS_RECEIVABLE_00002713,payment_before_invoice,HIGH,payment_date is earlier than invoice_date,2026-09-14T18:02:42.816798+00:00,ACCOUNTS_RECEIVABLE_00002713,2712,ARINV_00002713,CUST_0171,ENT_EU,2024-04-14,2024-04-29,2024-04-13,EUR,2053.28,Paid,Marketing,Retail
ACCOUNTS_RECEIVABLE_00002764,payment_before_invoice,HIGH,payment_date is earlier than invoice_date,2026-09-14T18:02:42.816798+00:00,ACCOUNTS_RECEIVABLE_00002764,2763,ARINV_00002764,CUST_0139,ENT_EU,2024-05-09,2024-05-24,2024-05-08,EUR,15208.32,Paid,Sales,Retail
ACCOUNTS_RECEIVABLE_00002802,payment_before_invoice,HIGH,payment_date is earlier than invoice_date,2026-09-14T18:02:42.816798+00:00,ACCOUNTS_RECEIVABLE_00002802,2801,ARINV_00002802,CUST_0119,ENT_EU,2024-05-06,2024-05-21,2024-04-29,EUR,9653.83,Paid,Operations,Retail
ACCOUNTS_RECEIVABLE_00002844,payment_before_invoice,HIGH,payment_date is earlier than invoice_date,2026-09-14T18:02:42.816798+00:00,ACCOUNTS_RECEIVABLE_00002844,2843,ARINV_00002844,CUST_0084,ENT_EU,2024-05-07,2024-05-22,2024-05-06,EUR,2324.35,Paid,Operations,Retail
ACCOUNTS_RECEIVABLE_00002858,payment_before_invoice,HIGH,payment_date is earlier than invoice_date,2026-09-14T18:02:42.816798+00:00,ACCOUNTS_RECEIVABLE_00002858,2857,ARINV_00002858,CUST_0072,ENT_EU,2024-05-21,2024-07-20,2024-05-14,EUR,1066.59,Paid,,Enterprise
ACCOUNTS_RECEIVABLE_00002869,payment_before_invoice,HIGH,payment_date is earlier than invoice_date,2026-09-14T18:02:42.816798+00:00,ACCOUNTS_RECEIVABLE_00002869,2868,ARINV_00002869,CUST_0171,ENT_EU,2024-05-27,2024-06-11,2024-05-23,EUR,741.65,Paid,Marketing,Retail
ACCOUNTS_RECEIVABLE_00002903,payment_before_invoice,HIGH,payment_date is earlier than invoice_date,2026-09-14T18:02:42.816798+00:00,ACCOUNTS_RECEIVABLE_00002903,2902,ARINV_00002903,CUST_0099,ENT_EU,2024-05-08,2024-05-23,2024-05-07,EUR,1007.22,Paid,Marketing,Retail
ACCOUNTS_RECEIVABLE_00003036,payment_before_invoice,HIGH,payment_date is earlier than invoice_date,2026-09-14T18:02:42.816798+00:00,ACCOUNTS_RECEIVABLE_00003036,3035,ARINV_00003036,CUST_0128,ENT_EU,2024-06-08,2024-06-23,2024-06-01,EUR,365.13,Paid,Operations,Retail
ACCOUNTS_RECEIVABLE_00003044,payment_before_invoice,HIGH,payment_date is earlier than invoice_date,2026-09-14T18:02:42.816798+00:00,ACCOUNTS_RECEIVABLE_00003044,3043,ARINV_00003044,CUST_0121,ENT_EU,2024-06-06,2024-06-21,2024-06-02,EUR,933.4,Paid,Marketing,Retail
ACCOUNTS_RECEIVABLE_00003084,payment_before_invoice,HIGH,payment_date is earlier than invoice_date,2026-09-14T18:02:42.816798+00:00,ACCOUNTS_RECEIVABLE_00003084,3083,ARINV_00003084,CUST_0103,ENT_EU,2024-06-12,2024-06-27,2024-06-10,EUR,3180.65,Paid,Marketing,Retail
ACCOUNTS_RECEIVABLE_00003104,payment_before_invoice,HIGH,payment_date is earlier than invoice_date,2026-09-14T18:02:42.816798+00:00,ACCOUNTS_RECEIVABLE_00003104,3103,ARINV_00003104,CUST_0095,ENT_EU,2024-07-09,2024-07-24,2024-07-08,EUR,17560.57,Paid,Sales,Retail
ACCOUNTS_RECEIVABLE_00003158,payment_before_invoice,HIGH,payment_date is earlier than invoice_date,2026-09-14T18:02:42.816798+00:00,ACCOUNTS_RECEIVABLE_00003158,3157,ARINV_00003158,CUST_0124,ENT_EU,2024-07-19,2024-08-03,2024-07-18,EUR,21912.98,Paid,,Retail
ACCOUNTS_RECEIVABLE_00003208,payment_before_invoice,HIGH,payment_date is earlier than invoice_date,2026-09-14T18:02:42.816798+00:00,ACCOUNTS_RECEIVABLE_00003208,3207,ARINV_00003208,CUST_0098,ENT_EU,2024-07-10,2024-07-25,2024-07-09,EUR,1376.56,Paid,Marketing,Retail
ACCOUNTS_RECEIVABLE_00003232,payment_before_invoice,HIGH,payment_date is earlier than invoice_date,2026-09-14T18:02:42.816798+00:00,ACCOUNTS_RECEIVABLE_00003232,3231,ARINV_00003232,CUST_0139,ENT_EU,2024-08-04,2024-08-19,2024-07-29,EUR,14568.59,Paid,Sales,Retail
ACCOUNTS_RECEIVABLE_00003261,payment_before_invoice,HIGH,payment_date is earlier than invoice_date,2026-09-14T18:02:42.816798+00:00,ACCOUNTS_RECEIVABLE_00003261,3260,ARINV_00003261,CUST_0099,ENT_EU,2024-08-19,2024-09-03,2024-08-14,EUR,3488.35,Paid,Sales,
ACCOUNTS_RECEIVABLE_00003286,payment_before_invoice,HIGH,payment_date is earlier than invoice_date,2026-09-14T18:02:42.816798+00:00,ACCOUNTS_RECEIVABLE_00003286,3285,ARINV_00003286,CUST_0098,ENT_EU,2024-08-18,2024-09-02,2024-08-13,EUR,1356.64,Paid,Sales,Retail
ACCOUNTS_RECEIVABLE_00003339,payment_before_invoice,HIGH,payment_date is earlier than invoice_date,2026-09-14T18:02:42.816798+00:00,ACCOUNTS_RECEIVABLE_00003339,3338,ARINV_00003339,CUST_0139,ENT_EU,2024-08-31,2024-09-15,2024-08-30,EUR,446.08,Paid,Marketing,Retail
ACCOUNTS_RECEIVABLE_00003345,payment_before_invoice,HIGH,payment_date is earlier than invoice_date,2026-09-14T18:02:42.816798+00:00,ACCOUNTS_RECEIVABLE_00003345,3344,ARINV_00003345,CUST_0011,ENT_EU,2024-08-27,2024-09-11,2024-08-24,GBP,2838.89,Paid,Marketing,Retail
ACCOUNTS_RECEIVABLE_00003349,payment_before_invoice,HIGH,payment_date is earlier than invoice_date,2026-09-14T18:02:42.816798+00:00,ACCOUNTS_RECEIVABLE_00003349,3348,ARINV_00003349,CUST_0150,ENT_EU,2024-08-11,2024-08-26,2024-08-08,EUR,576.68,Paid,Marketing,Retail
ACCOUNTS_RECEIVABLE_00003403,payment_before_invoice,HIGH,payment_date is earlier than invoice_date,2026-09-14T18:02:42.816798+00:00,ACCOUNTS_RECEIVABLE_00003403,3402,ARINV_00003403,CUST_0171,ENT_EU,2024-09-23,2024-10-08,2024-09-20,EUR,29220.18,Paid,Sales,Retail
ACCOUNTS_RECEIVABLE_00003415,payment_before_invoice,HIGH,payment_date is earlier than invoice_date,2026-09-14T18:02:42.816798+00:00,ACCOUNTS_RECEIVABLE_00003415,3414,ARINV_00003415,CUST_0097,ENT_EU,2024-09-04,2024-10-04,2024-08-22,EUR,7120.03,Paid,Sales,SMB
ACCOUNTS_RECEIVABLE_00003519,payment_before_invoice,HIGH,payment_date is earlier than invoice_date,2026-09-14T18:02:42.816798+00:00,ACCOUNTS_RECEIVABLE_00003519,3518,ARINV_00003519,CUST_0135,ENT_EU,2024-09-03,2024-09-18,2024-08-28,EUR,754.12,Paid,Marketing,Retail
ACCOUNTS_RECEIVABLE_00003540,payment_before_invoice,HIGH,payment_date is earlier than invoice_date,2026-09-14T18:02:42.816798+00:00,ACCOUNTS_RECEIVABLE_00003540,3539,ARINV_00003540,CUST_0128,ENT_EU,2024-09-07,2024-09-22,2024-09-01,EUR,1171.33,Paid,Marketing,Retail
ACCOUNTS_RECEIVABLE_00003544,payment_before_invoice,HIGH,payment_date is earlier than invoice_date,2026-09-14T18:02:42.816798+00:00,ACCOUNTS_RECEIVABLE_00003544,3543,ARINV_00003544,CUST_0031,ENT_EU,2024-09-29,2024-10-14,2024-09-26,EUR,2361.76,Paid,Marketing,Retail
ACCOUNTS_RECEIVABLE_00003545,payment_before_invoice,HIGH,payment_date is earlier than invoice_date,2026-09-14T18:02:42.816798+00:00,ACCOUNTS_RECEIVABLE_00003545,3544,ARINV_00003545,CUST_0066,ENT_EU,2024-09-21,2024-10-21,2024-09-14,EUR,1167.5,Paid,Marketing,SMB
ACCOUNTS_RECEIVABLE_00003546,payment_before_invoice,HIGH,payment_date is earlier than invoice_date,2026-09-14T18:02:42.816798+00:00,ACCOUNTS_RECEIVABLE_00003546,3545,ARINV_00003546,CUST_0013,ENT_EU,2024-09-07,2024-09-22,2024-09-02,EUR,603.86,Paid,Marketing,Retail
ACCOUNTS_RECEIVABLE_00003620,payment_before_invoice,HIGH,payment_date is earlier than invoice_date,2026-09-14T18:02:42.816798+00:00,ACCOUNTS_RECEIVABLE_00003620,3619,ARINV_00003620,CUST_0150,ENT_EU,2024-10-09,2024-10-24,2024-10-06,EUR,1995.98,Paid,Sales,Retail
ACCOUNTS_RECEIVABLE_00003659,payment_before_invoice,HIGH,payment_date is earlier than invoice_date,2026-09-14T18:02:42.816798+00:00,ACCOUNTS_RECEIVABLE_00003659,3658,ARINV_00003659,CUST_0031,ENT_EU,2024-10-30,2024-11-14,2024-10-27,EUR,4860.27,Paid,Operations,Retail
ACCOUNTS_RECEIVABLE_00003668,payment_before_invoice,HIGH,payment_date is earlier than invoice_date,2026-09-14T18:02:42.816798+00:00,ACCOUNTS_RECEIVABLE_00003668,3667,ARINV_00003668,CUST_0103,ENT_EU,2024-10-15,2024-10-30,2024-10-14,EUR,1813.47,Paid,Operations,Retail
ACCOUNTS_RECEIVABLE_00003726,payment_before_invoice,HIGH,payment_date is earlier than invoice_date,2026-09-14T18:02:42.816798+00:00,ACCOUNTS_RECEIVABLE_00003726,3725,ARINV_00003726,CUST_0065,ENT_EU,2024-10-23,2024-12-22,2024-10-22,EUR,1535.55,Paid,Marketing,
ACCOUNTS_RECEIVABLE_00003731,payment_before_invoice,HIGH,payment_date is earlier than invoice_date,2026-09-14T18:02:42.816798+00:00,ACCOUNTS_RECEIVABLE_00003731,3730,ARINV_00003731,CUST_0103,ENT_EU,2024-10-04,2024-10-19,2024-10-02,EUR,343.68,Paid,Marketing,Retail
ACCOUNTS_RECEIVABLE_00003746,payment_before_invoice,HIGH,payment_date is earlier than invoice_date,2026-09-14T18:02:42.816798+00:00,ACCOUNTS_RECEIVABLE_00003746,3745,ARINV_00003746,CUST_0099,ENT_EU,2024-10-27,2024-11-11,2024-10-18,EUR,1525.8,Paid,Marketing,Retail
ACCOUNTS_RECEIVABLE_00003761,payment_before_invoice,HIGH,payment_date is earlier than invoice_date,2026-09-14T18:02:42.816798+00:00,ACCOUNTS_RECEIVABLE_00003761,3760,ARINV_00003761,CUST_0061,ENT_EU,2024-11-30,2024-12-15,2024-11-28,EUR,4205.87,Paid,Sales,Retail
ACCOUNTS_RECEIVABLE_00003771,payment_before_invoice,HIGH,payment_date is earlier than invoice_date,2026-09-14T18:02:42.816798+00:00,ACCOUNTS_RECEIVABLE_00003771,3770,ARINV_00003771,CUST_0054,ENT_EU,2024-11-01,2024-11-16,2024-10-27,EUR,10578.77,Paid,Sales,Retail
ACCOUNTS_RECEIVABLE_00003793,payment_before_invoice,HIGH,payment_date is earlier than invoice_date,2026-09-14T18:02:42.816798+00:00,ACCOUNTS_RECEIVABLE_00003793,3792,ARINV_00003793,CUST_0096,ENT_EU,2024-11-05,2024-11-20,2024-11-03,EUR,2568.71,Paid,Sales,Retail
ACCOUNTS_RECEIVABLE_00003847,payment_before_invoice,HIGH,payment_date is earlier than invoice_date,2026-09-14T18:02:42.816798+00:00,ACCOUNTS_RECEIVABLE_00003847,3846,ARINV_00003847,CUST_0054,ENT_EU,2024-11-11,2024-11-26,2024-11-09,EUR,678.77,Paid,Operations,Retail
ACCOUNTS_RECEIVABLE_00003883,payment_before_invoice,HIGH,payment_date is earlier than invoice_date,2026-09-14T18:02:42.816798+00:00,ACCOUNTS_RECEIVABLE_00003883,3882,ARINV_00003883,CUST_0171,ENT_EU,2024-11-13,2024-11-28,2024-11-12,EUR,757.62,Paid,Marketing,Retail
ACCOUNTS_RECEIVABLE_00003916,payment_before_invoice,HIGH,payment_date is earlier than invoice_date,2026-09-14T18:02:42.816798+00:00,ACCOUNTS_RECEIVABLE_00003916,3915,ARINV_00003916,CUST_0095,ENT_EU,2024-11-23,2024-12-08,2024-11-22,EUR,2386.66,Paid,Marketing,Retail
ACCOUNTS_RECEIVABLE_00003925,payment_before_invoice,HIGH,payment_date is earlier than invoice_date,2026-09-14T18:02:42.816798+00:00,ACCOUNTS_RECEIVABLE_00003925,3924,ARINV_00003925,CUST_0054,ENT_EU,2024-11-22,2024-12-07,2024-11-21,EUR,1132.53,Paid,Marketing,Retail
ACCOUNTS_RECEIVABLE_00003929,payment_before_invoice,HIGH,payment_date is earlier than invoice_date,2026-09-14T18:02:42.816798+00:00,ACCOUNTS_RECEIVABLE_00003929,3928,ARINV_00003929,CUST_0121,ENT_EU,2024-12-24,2025-01-08,2024-12-23,EUR,4516.53,Paid,Sales,Retail
ACCOUNTS_RECEIVABLE_00003966,payment_before_invoice,HIGH,payment_date is earlier than invoice_date,2026-09-14T18:02:42.816798+00:00,ACCOUNTS_RECEIVABLE_00003966,3965,ARINV_00003966,CUST_0124,ENT_EU,2024-12-08,2024-12-23,2024-11-29,EUR,3345.99,Paid,Sales,Retail
ACCOUNTS_RECEIVABLE_00003980,payment_before_invoice,HIGH,payment_date is earlier than invoice_date,2026-09-14T18:02:42.816798+00:00,ACCOUNTS_RECEIVABLE_00003980,3979,ARINV_00003980,CUST_0171,ENT_EU,2024-12-06,2024-12-21,2024-11-28,EUR,6037.53,Paid,Operations,Retail
ACCOUNTS_RECEIVABLE_00004017,payment_before_invoice,HIGH,payment_date is earlier than invoice_date,2026-09-14T18:02:42.816798+00:00,ACCOUNTS_RECEIVABLE_00004017,4016,ARINV_00004017,CUST_0128,ENT_EU,2024-12-14,2024-12-29,2024-12-07,EUR,375.97,Paid,Operations,Retail
ACCOUNTS_RECEIVABLE_00004075,payment_before_invoice,HIGH,payment_date is earlier than invoice_date,2026-09-14T18:02:42.816798+00:00,ACCOUNTS_RECEIVABLE_00004075,4074,ARINV_00004075,CUST_0031,ENT_EU,2024-12-04,2024-12-19,2024-12-01,EUR,2675.26,Paid,Marketing,Retail
ACCOUNTS_RECEIVABLE_00004129,payment_before_invoice,HIGH,payment_date is earlier than invoice_date,2026-09-14T18:02:42.816798+00:00,ACCOUNTS_RECEIVABLE_00004129,4128,ARINV_00004129,CUST_0135,ENT_EU,2025-01-24,2025-02-08,2025-01-23,EUR,2301.11,Paid,Sales,Retail
ACCOUNTS_RECEIVABLE_00004140,payment_before_invoice,HIGH,payment_date is earlier than invoice_date,2026-09-14T18:02:42.816798+00:00,ACCOUNTS_RECEIVABLE_00004140,4139,ARINV_00004140,CUST_0099,ENT_EU,2025-01-02,2025-01-17,2024-12-19,EUR,3477.37,Paid,Operations,Retail
ACCOUNTS_RECEIVABLE_00004150,payment_before_invoice,HIGH,payment_date is earlier than invoice_date,2026-09-14T18:02:42.816798+00:00,ACCOUNTS_RECEIVABLE_00004150,4149,ARINV_00004150,CUST_0180,ENT_EU,2025-01-07,2025-02-06,2025-01-01,EUR,4194.15,Paid,Operations,
ACCOUNTS_RECEIVABLE_00004176,payment_before_invoice,HIGH,payment_date is earlier than invoice_date,2026-09-14T18:02:42.816798+00:00,ACCOUNTS_RECEIVABLE_00004176,4175,ARINV_00004176,CUST_0171,ENT_EU,2025-01-18,2025-02-02,2025-01-13,EUR,898.38,Paid,Operations,Retail
ACCOUNTS_RECEIVABLE_00004291,payment_before_invoice,HIGH,payment_date is earlier than invoice_date,2026-09-14T18:02:42.816798+00:00,ACCOUNTS_RECEIVABLE_00004291,4290,ARINV_00004291,CUST_0124,ENT_EU,2025-02-15,2025-03-02,2025-02-13,EUR,2319.75,Paid,Operations,Retail
ACCOUNTS_RECEIVABLE_00004298,payment_before_invoice,HIGH,payment_date is earlier than invoice_date,2026-09-14T18:02:42.816798+00:00,ACCOUNTS_RECEIVABLE_00004298,4297,ARINV_00004298,CUST_0171,ENT_EU,2025-02-18,2025-03-05,2025-02-16,EUR,4419.28,Paid,Operations,Retail
ACCOUNTS_RECEIVABLE_00004336,payment_before_invoice,HIGH,payment_date is earlier than invoice_date,2026-09-14T18:02:42.816798+00:00,ACCOUNTS_RECEIVABLE_00004336,4335,ARINV_00004336,CUST_0013,ENT_EU,2025-02-24,2025-03-11,2025-02-19,EUR,985.08,Paid,Marketing,Retail
ACCOUNTS_RECEIVABLE_00004370,payment_before_invoice,HIGH,payment_date is earlier than invoice_date,2026-09-14T18:02:42.816798+00:00,ACCOUNTS_RECEIVABLE_00004370,4369,ARINV_00004370,CUST_0088,ENT_EU,2025-02-02,2025-02-17,2025-01-30,EUR,3651.49,Paid,Marketing,Retail
ACCOUNTS_RECEIVABLE_00004419,payment_before_invoice,HIGH,payment_date is earlier than invoice_date,2026-09-14T18:02:42.816798+00:00,ACCOUNTS_RECEIVABLE_00004419,4418,ARINV_00004419,CUST_0006,ENT_EU,2025-03-20,2025-04-19,2025-03-09,EUR,8539.96,Paid,Operations,SMB
ACCOUNTS_RECEIVABLE_00004449,payment_before_invoice,HIGH,payment_date is earlier than invoice_date,2026-09-14T18:02:42.816798+00:00,ACCOUNTS_RECEIVABLE_00004449,4448,ARINV_00004449,CUST_0085,ENT_EU,2025-03-22,2025-04-06,2025-03-20,EUR,1467.28,Paid,Operations,Retail
ACCOUNTS_RECEIVABLE_00004479,payment_before_invoice,HIGH,payment_date is earlier than invoice_date,2026-09-14T18:02:42.816798+00:00,ACCOUNTS_RECEIVABLE_00004479,4478,ARINV_00004479,CUST_0135,ENT_EU,2025-03-22,2025-04-06,2025-03-20,EUR,704.42,Paid,Marketing,Retail
ACCOUNTS_RECEIVABLE_00004503,payment_before_invoice,HIGH,payment_date is earlier than invoice_date,2026-09-14T18:02:42.816798+00:00,ACCOUNTS_RECEIVABLE_00004503,4502,ARINV_00004503,CUST_0139,ENT_EU,2025-03-01,2025-03-16,2025-02-27,EUR,1083.02,Paid,Marketing,Retail
ACCOUNTS_RECEIVABLE_00004505,payment_before_invoice,HIGH,payment_date is earlier than invoice_date,2026-09-14T18:02:42.816798+00:00,ACCOUNTS_RECEIVABLE_00004505,4504,ARINV_00004505,CUST_0054,ENT_EU,2025-03-07,2025-03-22,2025-02-27,EUR,1737.14,Paid,Marketing,Retail
ACCOUNTS_RECEIVABLE_00004530,payment_before_invoice,HIGH,payment_date is earlier than invoice_date,2026-09-14T18:02:42.816798+00:00,ACCOUNTS_RECEIVABLE_00004530,4529,ARINV_00004530,CUST_0048,ENT_EU,2025-03-30,2025-04-14,2025-03-21,EUR,2112.36,Paid,Marketing,Retail
ACCOUNTS_RECEIVABLE_00004618,payment_before_invoice,HIGH,payment_date is earlier than invoice_date,2026-09-14T18:02:42.816798+00:00,ACCOUNTS_RECEIVABLE_00004618,4617,ARINV_00004618,CUST_0023,ENT_EU,2025-04-18,2025-05-03,2025-04-17,GBP,8548.0,Paid,Operations,Retail
ACCOUNTS_RECEIVABLE_00004626,payment_before_invoice,HIGH,payment_date is earlier than invoice_date,2026-09-14T18:02:42.816798+00:00,ACCOUNTS_RECEIVABLE_00004626,4625,ARINV_00004626,CUST_0098,ENT_EU,2025-04-12,2025-04-27,2025-04-09,EUR,8651.41,Paid,Operations,Retail
ACCOUNTS_RECEIVABLE_00004650,payment_before_invoice,HIGH,payment_date is earlier than invoice_date,2026-09-14T18:02:42.816798+00:00,ACCOUNTS_RECEIVABLE_00004650,4649,ARINV_00004650,CUST_0018,ENT_EU,2025-04-03,2025-05-03,2025-03-27,EUR,1785.39,Paid,Marketing,SMB
ACCOUNTS_RECEIVABLE_00004667,payment_before_invoice,HIGH,payment_date is earlier than invoice_date,2026-09-14T18:02:42.816798+00:00,ACCOUNTS_RECEIVABLE_00004667,4666,ARINV_00004667,CUST_0048,ENT_EU,2025-04-08,2025-04-23,2025-03-29,EUR,1350.3,Paid,Marketing,Retail
ACCOUNTS_RECEIVABLE_00004688,payment_before_invoice,HIGH,payment_date is earlier than invoice_date,2026-09-14T18:02:42.816798+00:00,ACCOUNTS_RECEIVABLE_00004688,4687,ARINV_00004688,CUST_0114,ENT_EU,2025-04-07,2025-04-22,2025-04-04,EUR,1039.52,Paid,Marketing,Retail
ACCOUNTS_RECEIVABLE_00004753,payment_before_invoice,HIGH,payment_date is earlier than invoice_date,2026-09-14T18:02:42.816798+00:00,ACCOUNTS_RECEIVABLE_00004753,4752,ARINV_00004753,CUST_0103,ENT_EU,2025-05-07,2025-05-22,2025-05-05,EUR,11302.79,Paid,Operations,Retail
ACCOUNTS_RECEIVABLE_00004804,payment_before_invoice,HIGH,payment_date is earlier than invoice_date,2026-09-14T18:02:42.816798+00:00,ACCOUNTS_RECEIVABLE_00004804,4803,ARINV_00004804,CUST_0150,ENT_EU,2025-05-11,2025-05-26,2025-05-06,EUR,1518.82,Paid,Marketing,Retail
ACCOUNTS_RECEIVABLE_00004806,payment_before_invoice,HIGH,payment_date is earlier than invoice_date,2026-09-14T18:02:42.816798+00:00,ACCOUNTS_RECEIVABLE_00004806,4805,ARINV_00004806,CUST_0038,ENT_EU,2025-05-31,2025-06-30,2025-05-29,EUR,128.25,Paid,Marketing,SMB
ACCOUNTS_RECEIVABLE_00004828,payment_before_invoice,HIGH,payment_date is earlier than invoice_date,2026-09-14T18:02:42.816798+00:00,ACCOUNTS_RECEIVABLE_00004828,4827,ARINV_00004828,CUST_0023,ENT_EU,2025-05-17,2025-06-01,2025-05-09,GBP,480.14,Paid,Marketing,Retail
ACCOUNTS_RECEIVABLE_00004870,payment_before_invoice,HIGH,payment_date is earlier than invoice_date,2026-09-14T18:02:42.816798+00:00,ACCOUNTS_RECEIVABLE_00004870,4869,ARINV_00004870,CUST_0135,ENT_EU,2025-06-27,2025-07-12,2025-06-25,EUR,20908.59,Paid,Sales,Retail
ACCOUNTS_RECEIVABLE_00004891,payment_before_invoice,HIGH,payment_date is earlier than invoice_date,2026-09-14T18:02:42.816798+00:00,ACCOUNTS_RECEIVABLE_00004891,4890,ARINV_00004891,CUST_0048,ENT_EU,2025-06-11,2025-06-26,2025-06-10,EUR,2405.65,Paid,,Retail
ACCOUNTS_RECEIVABLE_00004942,payment_before_invoice,HIGH,payment_date is earlier than invoice_date,2026-09-14T18:02:42.816798+00:00,ACCOUNTS_RECEIVABLE_00004942,4941,ARINV_00004942,CUST_0013,ENT_EU,2025-06-23,2025-07-08,2025-06-22,EUR,10786.56,Paid,Operations,Retail
ACCOUNTS_RECEIVABLE_00005058,payment_before_invoice,HIGH,payment_date is earlier than invoice_date,2026-09-14T18:02:42.816798+00:00,ACCOUNTS_RECEIVABLE_00005058,5057,ARINV_00005058,CUST_0096,ENT_EU,2025-07-05,2025-07-20,2025-07-04,EUR,16286.28,Paid,Sales,Retail
ACCOUNTS_RECEIVABLE_00005122,payment_before_invoice,HIGH,payment_date is earlier than invoice_date,2026-09-14T18:02:42.816798+00:00,ACCOUNTS_RECEIVABLE_00005122,5121,ARINV_00005122,CUST_0135,ENT_EU,2025-07-26,2025-08-10,2025-07-22,EUR,3714.17,Paid,Operations,Retail
ACCOUNTS_RECEIVABLE_00005176,payment_before_invoice,HIGH,payment_date is earlier than invoice_date,2026-09-14T18:02:42.816798+00:00,ACCOUNTS_RECEIVABLE_00005176,5175,ARINV_00005176,CUST_0095,ENT_EU,2025-07-13,2025-07-28,2025-07-06,EUR,4362.13,Paid,Marketing,Retail
ACCOUNTS_RECEIVABLE_00005289,payment_before_invoice,HIGH,payment_date is earlier than invoice_date,2026-09-14T18:02:42.816798+00:00,ACCOUNTS_RECEIVABLE_00005289,5288,ARINV_00005289,CUST_0085,ENT_EU,2025-08-02,2025-08-17,2025-07-28,EUR,377.47,Paid,,Retail
ACCOUNTS_RECEIVABLE_00005301,payment_before_invoice,HIGH,payment_date is earlier than invoice_date,2026-09-14T18:02:42.816798+00:00,ACCOUNTS_RECEIVABLE_00005301,5300,ARINV_00005301,CUST_0085,ENT_EU,2025-08-09,2025-08-24,2025-08-08,EUR,7953.49,Paid,Marketing,Retail
ACCOUNTS_RECEIVABLE_00005326,payment_before_invoice,HIGH,payment_date is earlier than invoice_date,2026-09-14T18:02:42.816798+00:00,ACCOUNTS_RECEIVABLE_00005326,5325,ARINV_00005326,CUST_0098,ENT_EU,2025-09-21,2025-10-06,2025-09-20,EUR,15816.27,Paid,Sales,Retail
ACCOUNTS_RECEIVABLE_00005409,payment_before_invoice,HIGH,payment_date is earlier than invoice_date,2026-09-14T18:02:42.816798+00:00,ACCOUNTS_RECEIVABLE_00005409,5408,ARINV_00005409,CUST_0114,ENT_EU,2025-09-14,2025-09-29,2025-09-05,EUR,4351.74,Paid,Operations,Retail
ACCOUNTS_RECEIVABLE_00005450,payment_before_invoice,HIGH,payment_date is earlier than invoice_date,2026-09-14T18:02:42.816798+00:00,ACCOUNTS_RECEIVABLE_00005450,5449,ARINV_00005450,CUST_0114,ENT_EU,2025-09-20,2025-10-05,2025-09-18,EUR,2688.17,Paid,Marketing,Retail
ACCOUNTS_RECEIVABLE_00005485,payment_before_invoice,HIGH,payment_date is earlier than invoice_date,2026-09-14T18:02:42.816798+00:00,ACCOUNTS_RECEIVABLE_00005485,5484,ARINV_00005485,CUST_0054,ENT_EU,2025-09-10,2025-09-25,2025-09-09,EUR,4861.42,Paid,Marketing,Retail
ACCOUNTS_RECEIVABLE_00005502,payment_before_invoice,HIGH,payment_date is earlier than invoice_date,2026-09-14T18:02:42.816798+00:00,ACCOUNTS_RECEIVABLE_00005502,5501,ARINV_00005502,CUST_0096,ENT_EU,2025-10-02,2025-10-17,2025-09-30,EUR,3997.52,Paid,Sales,Retail
ACCOUNTS_RECEIVABLE_00005557,payment_before_invoice,HIGH,payment_date is earlier than invoice_date,2026-09-14T18:02:42.816798+00:00,ACCOUNTS_RECEIVABLE_00005557,5556,ARINV_00005557,CUST_0124,ENT_EU,2025-10-21,2025-11-05,2025-10-20,EUR,5703.2,Paid,Operations,Retail
ACCOUNTS_RECEIVABLE_00005560,payment_before_invoice,HIGH,payment_date is earlier than invoice_date,2026-09-14T18:02:42.816798+00:00,ACCOUNTS_RECEIVABLE_00005560,5559,ARINV_00005560,CUST_0121,ENT_EU,2025-10-27,2025-11-11,2025-10-22,EUR,3489.82,Paid,Operations,Retail
ACCOUNTS_RECEIVABLE_00005630,payment_before_invoice,HIGH,payment_date is earlier than invoice_date,2026-09-14T18:02:42.816798+00:00,ACCOUNTS_RECEIVABLE_00005630,5629,ARINV_00005630,CUST_0011,ENT_EU,2025-10-27,2025-11-11,2025-10-26,GBP,1886.09,Paid,Marketing,Retail
ACCOUNTS_RECEIVABLE_00005678,payment_before_invoice,HIGH,payment_date is earlier than invoice_date,2026-09-14T18:02:42.816798+00:00,ACCOUNTS_RECEIVABLE_00005678,5677,ARINV_00005678,CUST_0088,ENT_EU,2025-11-26,2025-12-11,2025-11-22,EUR,4673.28,Paid,Sales,Retail
ACCOUNTS_RECEIVABLE_00005715,payment_before_invoice,HIGH,payment_date is earlier than invoice_date,2026-09-14T18:02:42.816798+00:00,ACCOUNTS_RECEIVABLE_00005715,5714,ARINV_00005715,CUST_0014,ENT_EU,2025-11-06,2025-11-21,2025-11-05,EUR,1661.73,Paid,Sales,Retail
ACCOUNTS_RECEIVABLE_00005724,payment_before_invoice,HIGH,payment_date is earlier than invoice_date,2026-09-14T18:02:42.816798+00:00,ACCOUNTS_RECEIVABLE_00005724,5723,ARINV_00005724,CUST_0098,ENT_EU,2025-11-09,2025-11-24,2025-11-03,EUR,799.67,Paid,Sales,Retail
ACCOUNTS_RECEIVABLE_00005742,payment_before_invoice,HIGH,payment_date is earlier than invoice_date,2026-09-14T18:02:42.816798+00:00,ACCOUNTS_RECEIVABLE_00005742,5741,ARINV_00005742,CUST_0023,ENT_EU,2025-11-23,2025-12-08,2025-11-20,GBP,403.77,Paid,Operations,Retail
ACCOUNTS_RECEIVABLE_00005761,payment_before_invoice,HIGH,payment_date is earlier than invoice_date,2026-09-14T18:02:42.816798+00:00,ACCOUNTS_RECEIVABLE_00005761,5760,ARINV_00005761,CUST_0103,ENT_EU,2025-11-01,2025-11-16,2025-10-27,EUR,4275.66,Paid,Operations,Retail
ACCOUNTS_RECEIVABLE_00005764,payment_before_invoice,HIGH,payment_date is earlier than invoice_date,2026-09-14T18:02:42.816798+00:00,ACCOUNTS_RECEIVABLE_00005764,5763,ARINV_00005764,CUST_0098,ENT_EU,2025-11-27,2025-12-12,2025-11-25,EUR,4656.66,Paid,Operations,
ACCOUNTS_RECEIVABLE_00005800,payment_before_invoice,HIGH,payment_date is earlier than invoice_date,2026-09-14T18:02:42.816798+00:00,ACCOUNTS_RECEIVABLE_00005800,5799,ARINV_00005800,CUST_0098,ENT_EU,2025-11-22,2025-12-07,2025-11-16,EUR,2501.92,Paid,Marketing,Retail
ACCOUNTS_RECEIVABLE_00005832,payment_before_invoice,HIGH,payment_date is earlier than invoice_date,2026-09-14T18:02:42.816798+00:00,ACCOUNTS_RECEIVABLE_00005832,5831,ARINV_00005832,CUST_0171,ENT_EU,2025-11-29,2025-12-14,2025-11-28,EUR,-627.21,Paid,Marketing,Retail
ACCOUNTS_RECEIVABLE_00005847,payment_before_invoice,HIGH,payment_date is earlier than invoice_date,2026-09-14T18:02:42.816798+00:00,ACCOUNTS_RECEIVABLE_00005847,5846,ARINV_00005847,CUST_0128,ENT_EU,2025-12-20,2026-01-04,2025-12-19,EUR,20250.23,Paid,Sales,Retail
ACCOUNTS_RECEIVABLE_00005913,payment_before_invoice,HIGH,payment_date is earlier than invoice_date,2026-09-14T18:02:42.816798+00:00,ACCOUNTS_RECEIVABLE_00005913,5912,ARINV_00005913,CUST_0013,ENT_EU,2025-12-07,2025-12-22,2025-12-01,EUR,5791.93,Paid,Operations,Retail
ACCOUNTS_RECEIVABLE_00005971,payment_before_invoice,HIGH,payment_date is earlier than invoice_date,2026-09-14T18:02:42.816798+00:00,ACCOUNTS_RECEIVABLE_00005971,5970,ARINV_00005971,CUST_0150,ENT_EU,2025-12-18,2026-01-02,2025-12-13,EUR,959.6,Paid,Operations,Retail
ACCOUNTS_RECEIVABLE_00005974,payment_before_invoice,HIGH,payment_date is earlier than invoice_date,2026-09-14T18:02:42.816798+00:00,ACCOUNTS_RECEIVABLE_00005974,5973,ARINV_00005974,CUST_0124,ENT_EU,2025-12-17,2026-01-01,2025-12-11,EUR,902.06,Paid,Marketing,Retail
ACCOUNTS_RECEIVABLE_00005993,payment_before_invoice,HIGH,payment_date is earlier than invoice_date,2026-09-14T18:02:42.816798+00:00,ACCOUNTS_RECEIVABLE_00005993,5992,ARINV_00005993,CUST_0014,ENT_EU,2025-12-05,2025-12-20,2025-12-04,EUR,1623.01,Paid,Marketing,Retail
ACCOUNTS_RECEIVABLE_00006020,payment_before_invoice,HIGH,payment_date is earlier than invoice_date,2026-09-14T18:02:42.816798+00:00,ACCOUNTS_RECEIVABLE_00006020,6019,ARINV_00006020,CUST_0103,ENT_EU,2025-12-24,2026-01-08,2025-12-21,EUR,3739.76,Paid,Marketing,Retail
ACCOUNTS_RECEIVABLE_00006087,payment_before_invoice,HIGH,payment_date is earlier than invoice_date,2026-09-14T18:02:42.816798+00:00,ACCOUNTS_RECEIVABLE_00006087,6086,ARINV_00006087,CUST_0179,ENT_US,2023-01-16,2023-01-31,2023-01-13,USD,2808.75,Paid,Sales,Retail
ACCOUNTS_RECEIVABLE_00006093,payment_before_invoice,HIGH,payment_date is earlier than invoice_date,2026-09-14T18:02:42.816798+00:00,ACCOUNTS_RECEIVABLE_00006093,6092,ARINV_00006093,CUST_0059,ENT_US,2023-01-08,2023-01-23,2023-01-01,USD,1978.59,Paid,Sales,Retail
ACCOUNTS_RECEIVABLE_00006192,payment_before_invoice,HIGH,payment_date is earlier than invoice_date,2026-09-14T18:02:42.816798+00:00,ACCOUNTS_RECEIVABLE_00006192,6191,ARINV_00006192,CUST_0138,ENT_US,2023-01-20,2023-02-19,2023-01-09,USD,400.08,Paid,Marketing,SMB
ACCOUNTS_RECEIVABLE_00006201,payment_before_invoice,HIGH,payment_date is earlier than invoice_date,2026-09-14T18:02:42.816798+00:00,ACCOUNTS_RECEIVABLE_00006201,6200,ARINV_00006201,CUST_0134,ENT_US,2023-01-26,2023-02-10,2023-01-23,USD,1436.65,Paid,Marketing,Retail
ACCOUNTS_RECEIVABLE_00006223,payment_before_invoice,HIGH,payment_date is earlier than invoice_date,2026-09-14T18:02:42.816798+00:00,ACCOUNTS_RECEIVABLE_00006223,6222,ARINV_00006223,CUST_0149,ENT_US,2023-02-02,2023-02-17,2023-02-01,USD,16338.21,Paid,Sales,Retail
ACCOUNTS_RECEIVABLE_00006353,payment_before_invoice,HIGH,payment_date is earlier than invoice_date,2026-09-14T18:02:42.816798+00:00,ACCOUNTS_RECEIVABLE_00006353,6352,ARINV_00006353,CUST_0051,ENT_US,2023-02-19,2023-03-21,2023-02-17,USD,1870.8,Paid,Marketing,SMB
ACCOUNTS_RECEIVABLE_00006355,payment_before_invoice,HIGH,payment_date is earlier than invoice_date,2026-09-14T18:02:42.816798+00:00,ACCOUNTS_RECEIVABLE_00006355,6354,ARINV_00006355,CUST_0039,ENT_US,2023-02-02,2023-03-04,2023-01-30,GBP,1097.29,Paid,Marketing,SMB
ACCOUNTS_RECEIVABLE_00006411,payment_before_invoice,HIGH,payment_date is earlier than invoice_date,2026-09-14T18:02:42.816798+00:00,ACCOUNTS_RECEIVABLE_00006411,6410,ARINV_00006411,CUST_0056,ENT_US,2023-03-10,2023-03-25,2023-03-09,USD,9565.06,Paid,Sales,Retail
ACCOUNTS_RECEIVABLE_00006489,payment_before_invoice,HIGH,payment_date is earlier than invoice_date,2026-09-14T18:02:42.816798+00:00,ACCOUNTS_RECEIVABLE_00006489,6488,ARINV_00006489,CUST_0179,ENT_US,2023-03-19,2023-04-03,2023-03-18,USD,964.13,Paid,Marketing,Retail
ACCOUNTS_RECEIVABLE_00006502,payment_before_invoice,HIGH,payment_date is earlier than invoice_date,2026-09-14T18:02:42.816798+00:00,ACCOUNTS_RECEIVABLE_00006502,6501,ARINV_00006502,CUST_0064,ENT_US,2023-03-08,2023-04-07,2023-03-03,USD,1718.55,Paid,Marketing,SMB
ACCOUNTS_RECEIVABLE_00006530,payment_before_invoice,HIGH,payment_date is earlier than invoice_date,2026-09-14T18:02:42.816798+00:00,ACCOUNTS_RECEIVABLE_00006530,6529,ARINV_00006530,CUST_0056,ENT_US,2023-03-12,2023-03-27,2023-03-08,USD,4424.38,Paid,Marketing,Retail
ACCOUNTS_RECEIVABLE_00006598,payment_before_invoice,HIGH,payment_date is earlier than invoice_date,2026-09-14T18:02:42.816798+00:00,ACCOUNTS_RECEIVABLE_00006598,6597,ARINV_00006598,CUST_0170,ENT_US,2023-04-25,2023-05-10,2023-04-23,USD,4856.1,Paid,Operations,Retail
ACCOUNTS_RECEIVABLE_00006619,payment_before_invoice,HIGH,payment_date is earlier than invoice_date,2026-09-14T18:02:42.816798+00:00,ACCOUNTS_RECEIVABLE_00006619,6618,ARINV_00006619,CUST_0079,ENT_US,2023-04-29,2023-05-14,2023-04-23,USD,1166.74,Paid,Operations,Retail
ACCOUNTS_RECEIVABLE_00006646,payment_before_invoice,HIGH,payment_date is earlier than invoice_date,2026-09-14T18:02:42.816798+00:00,ACCOUNTS_RECEIVABLE_00006646,6645,ARINV_00006646,CUST_0122,ENT_US,2023-04-06,2023-04-21,2023-04-05,USD,1771.11,Paid,Marketing,Retail
ACCOUNTS_RECEIVABLE_00006664,payment_before_invoice,HIGH,payment_date is earlier than invoice_date,2026-09-14T18:02:42.816798+00:00,ACCOUNTS_RECEIVABLE_00006664,6663,ARINV_00006664,CUST_0036,ENT_US,2023-04-05,2023-04-20,2023-03-31,USD,324.78,Paid,Marketing,Retail
ACCOUNTS_RECEIVABLE_00006676,payment_before_invoice,HIGH,payment_date is earlier than invoice_date,2026-09-14T18:02:42.816798+00:00,ACCOUNTS_RECEIVABLE_00006676,6675,ARINV_00006676,CUST_0026,ENT_US,2023-04-15,2023-04-30,2023-04-11,USD,6954.16,Paid,Marketing,Retail
ACCOUNTS_RECEIVABLE_00006688,payment_before_invoice,HIGH,payment_date is earlier than invoice_date,2026-09-14T18:02:42.816798+00:00,ACCOUNTS_RECEIVABLE_00006688,6687,ARINV_00006688,CUST_0134,ENT_US,2023-05-03,2023-05-18,2023-05-01,USD,26630.17,Paid,Sales,Retail
ACCOUNTS_RECEIVABLE_00006701,payment_before_invoice,HIGH,payment_date is earlier than invoice_date,2026-09-14T18:02:42.816798+00:00,ACCOUNTS_RECEIVABLE_00006701,6700,ARINV_00006701,CUST_0179,ENT_US,2023-05-24,2023-06-08,2023-05-19,USD,3152.11,Paid,Sales,Retail
ACCOUNTS_RECEIVABLE_00006710,payment_before_invoice,HIGH,payment_date is earlier than invoice_date,2026-09-14T18:02:42.816798+00:00,ACCOUNTS_RECEIVABLE_00006710,6709,ARINV_00006710,CUST_0179,ENT_US,2023-05-31,2023-06-15,2023-05-28,USD,11155.53,Paid,Sales,Retail
ACCOUNTS_RECEIVABLE_00006816,payment_before_invoice,HIGH,payment_date is earlier than invoice_date,2026-09-14T18:02:42.816798+00:00,ACCOUNTS_RECEIVABLE_00006816,6815,ARINV_00006816,CUST_0170,ENT_US,2023-05-22,2023-06-06,2023-05-21,USD,603.59,Paid,Marketing,Retail
ACCOUNTS_RECEIVABLE_00006822,payment_before_invoice,HIGH,payment_date is earlier than invoice_date,2026-09-14T18:02:42.816798+00:00,ACCOUNTS_RECEIVABLE_00006822,6821,ARINV_00006822,CUST_0159,ENT_US,2023-05-24,2023-06-08,2023-05-18,USD,1021.28,Paid,Marketing,Retail
ACCOUNTS_RECEIVABLE_00006849,payment_before_invoice,HIGH,payment_date is earlier than invoice_date,2026-09-14T18:02:42.816798+00:00,ACCOUNTS_RECEIVABLE_00006849,6848,ARINV_00006849,CUST_0122,ENT_US,2023-05-23,2023-06-07,2023-05-19,USD,8200.83,Paid,Marketing,Retail
ACCOUNTS_RECEIVABLE_00006997,payment_before_invoice,HIGH,payment_date is earlier than invoice_date,2026-09-14T18:02:42.816798+00:00,ACCOUNTS_RECEIVABLE_00006997,6996,ARINV_00006997,CUST_0122,ENT_US,2023-06-15,2023-06-30,2023-06-14,USD,1067.08,Paid,Marketing,Retail
ACCOUNTS_RECEIVABLE_00007002,payment_before_invoice,HIGH,payment_date is earlier than invoice_date,2026-09-14T18:02:42.816798+00:00,ACCOUNTS_RECEIVABLE_00007002,7001,ARINV_00007002,CUST_0026,ENT_US,2023-06-29,2023-07-14,2023-06-28,USD,1664.61,Paid,Marketing,
ACCOUNTS_RECEIVABLE_00007030,payment_before_invoice,HIGH,payment_date is earlier than invoice_date,2026-09-14T18:02:42.816798+00:00,ACCOUNTS_RECEIVABLE_00007030,7029,ARINV_00007030,CUST_0079,ENT_US,2023-06-23,2023-07-08,2023-06-21,USD,1260.39,Paid,Marketing,Retail
ACCOUNTS_RECEIVABLE_00007071,payment_before_invoice,HIGH,payment_date is earlier than invoice_date,2026-09-14T18:02:42.816798+00:00,ACCOUNTS_RECEIVABLE_00007071,7070,ARINV_00007071,CUST_0131,ENT_US,2023-07-02,2023-07-17,2023-07-01,USD,4016.99,Paid,Sales,Retail
ACCOUNTS_RECEIVABLE_00007144,payment_before_invoice,HIGH,payment_date is earlier than invoice_date,2026-09-14T18:02:42.816798+00:00,ACCOUNTS_RECEIVABLE_00007144,7143,ARINV_00007144,CUST_0059,ENT_US,2023-07-01,2023-07-16,2023-06-15,USD,1106.63,Paid,Operations,Retail
ACCOUNTS_RECEIVABLE_00007218,payment_before_invoice,HIGH,payment_date is earlier than invoice_date,2026-09-14T18:02:42.816798+00:00,ACCOUNTS_RECEIVABLE_00007218,7217,ARINV_00007218,CUST_0026,ENT_US,2023-08-07,2023-08-22,2023-08-01,USD,14717.23,Paid,Sales,Retail
ACCOUNTS_RECEIVABLE_00007227,payment_before_invoice,HIGH,payment_date is earlier than invoice_date,2026-09-14T18:02:42.816798+00:00,ACCOUNTS_RECEIVABLE_00007227,7226,ARINV_00007227,CUST_0056,ENT_US,2023-08-29,2023-09-13,2023-08-27,USD,7830.86,Paid,Sales,Retail
ACCOUNTS_RECEIVABLE_00007286,payment_before_invoice,HIGH,payment_date is earlier than invoice_date,2026-09-14T18:02:42.816798+00:00,ACCOUNTS_RECEIVABLE_00007286,7285,ARINV_00007286,CUST_0091,ENT_US,2023-08-13,2023-08-28,2023-07-26,EUR,1539.88,Paid,Operations,Retail
ACCOUNTS_RECEIVABLE_00007293,payment_before_invoice,HIGH,payment_date is earlier than invoice_date,2026-09-14T18:02:42.816798+00:00,ACCOUNTS_RECEIVABLE_00007293,7292,ARINV_00007293,CUST_0134,ENT_US,2023-08-19,2023-09-03,2023-08-11,USD,18769.04,Paid,Operations,Retail
ACCOUNTS_RECEIVABLE_00007316,payment_before_invoice,HIGH,payment_date is earlier than invoice_date,2026-09-14T18:02:42.816798+00:00,ACCOUNTS_RECEIVABLE_00007316,7315,ARINV_00007316,CUST_0130,ENT_US,2023-08-13,2023-09-12,2023-08-02,USD,434.46,Paid,Operations,SMB
ACCOUNTS_RECEIVABLE_00007352,payment_before_invoice,HIGH,payment_date is earlier than invoice_date,2026-09-14T18:02:42.816798+00:00,ACCOUNTS_RECEIVABLE_00007352,7351,ARINV_00007352,CUST_0036,ENT_US,2023-08-03,2023-08-18,2023-07-27,USD,2221.04,Paid,Marketing,Retail
ACCOUNTS_RECEIVABLE_00007366,payment_before_invoice,HIGH,payment_date is earlier than invoice_date,2026-09-14T18:02:42.816798+00:00,ACCOUNTS_RECEIVABLE_00007366,7365,ARINV_00007366,CUST_0159,ENT_US,2023-08-31,2023-09-15,2023-08-27,USD,1844.58,Paid,Marketing,Retail
ACCOUNTS_RECEIVABLE_00007435,payment_before_invoice,HIGH,payment_date is earlier than invoice_date,2026-09-14T18:02:42.816798+00:00,ACCOUNTS_RECEIVABLE_00007435,7434,ARINV_00007435,CUST_0015,ENT_US,2023-09-05,2023-10-05,2023-08-23,USD,600.41,Paid,Sales,SMB
ACCOUNTS_RECEIVABLE_00007506,payment_before_invoice,HIGH,payment_date is earlier than invoice_date,2026-09-14T18:02:42.816798+00:00,ACCOUNTS_RECEIVABLE_00007506,7505,ARINV_00007506,CUST_0036,ENT_US,2023-09-22,2023-10-07,2023-09-20,USD,772.87,Paid,Operations,Retail
ACCOUNTS_RECEIVABLE_00007773,payment_before_invoice,HIGH,payment_date is earlier than invoice_date,2026-09-14T18:02:42.816798+00:00,ACCOUNTS_RECEIVABLE_00007773,7772,ARINV_00007773,CUST_0105,ENT_US,2023-11-18,2023-12-03,2023-11-14,USD,1698.6,Paid,Sales,Retail
ACCOUNTS_RECEIVABLE_00007890,payment_before_invoice,HIGH,payment_date is earlier than invoice_date,2026-09-14T18:02:42.816798+00:00,ACCOUNTS_RECEIVABLE_00007890,7889,ARINV_00007890,CUST_0020,ENT_US,2023-12-31,2024-02-29,2023-12-20,USD,13758.8,Paid,Sales,Enterprise
ACCOUNTS_RECEIVABLE_00007962,payment_before_invoice,HIGH,payment_date is earlier than invoice_date,2026-09-14T18:02:42.816798+00:00,ACCOUNTS_RECEIVABLE_00007962,7961,ARINV_00007962,CUST_0131,ENT_US,2023-12-03,2023-12-18,2023-11-28,USD,15811.74,Paid,Operations,Retail
ACCOUNTS_RECEIVABLE_00008029,payment_before_invoice,HIGH,payment_date is earlier than invoice_date,2026-09-14T18:02:42.816798+00:00,ACCOUNTS_RECEIVABLE_00008029,8028,ARINV_00008029,CUST_0122,ENT_US,2023-12-13,2023-12-28,2023-12-11,USD,6071.47,Paid,Marketing,Retail
ACCOUNTS_RECEIVABLE_00008205,payment_before_invoice,HIGH,payment_date is earlier than invoice_date,2026-09-14T18:02:42.816798+00:00,ACCOUNTS_RECEIVABLE_00008205,8204,ARINV_00008205,CUST_0036,ENT_US,2024-02-13,2024-02-28,2024-02-11,USD,4324.62,Paid,Sales,Retail
ACCOUNTS_RECEIVABLE_00008249,payment_before_invoice,HIGH,payment_date is earlier than invoice_date,2026-09-14T18:02:42.816798+00:00,ACCOUNTS_RECEIVABLE_00008249,8248,ARINV_00008249,CUST_0079,ENT_US,2024-02-17,2024-03-03,2024-02-14,USD,2726.44,Paid,Sales,Retail
ACCOUNTS_RECEIVABLE_00008276,payment_before_invoice,HIGH,payment_date is earlier than invoice_date,2026-09-14T18:02:42.816798+00:00,ACCOUNTS_RECEIVABLE_00008276,8275,ARINV_00008276,CUST_0170,ENT_US,2024-02-09,2024-02-24,2024-02-08,USD,9441.88,Paid,Operations,Retail
ACCOUNTS_RECEIVABLE_00008286,payment_before_invoice,HIGH,payment_date is earlier than invoice_date,2026-09-14T18:02:42.816798+00:00,ACCOUNTS_RECEIVABLE_00008286,8285,ARINV_00008286,CUST_0029,ENT_US,2024-02-20,2024-03-21,2024-02-16,USD,7075.09,Paid,Operations,SMB
ACCOUNTS_RECEIVABLE_00008308,payment_before_invoice,HIGH,payment_date is earlier than invoice_date,2026-09-14T18:02:42.816798+00:00,ACCOUNTS_RECEIVABLE_00008308,8307,ARINV_00008308,CUST_0079,ENT_US,2024-02-05,2024-02-20,2024-02-01,USD,153.1,Paid,Marketing,Retail
ACCOUNTS_RECEIVABLE_00008503,payment_before_invoice,HIGH,payment_date is earlier than invoice_date,2026-09-14T18:02:42.816798+00:00,ACCOUNTS_RECEIVABLE_00008503,8502,ARINV_00008503,CUST_0057,ENT_US,2024-03-31,2024-04-15,2024-03-24,USD,4611.52,Paid,Marketing,Retail
ACCOUNTS_RECEIVABLE_00008559,payment_before_invoice,HIGH,payment_date is earlier than invoice_date,2026-09-14T18:02:42.816798+00:00,ACCOUNTS_RECEIVABLE_00008559,8558,ARINV_00008559,CUST_0149,ENT_US,2024-04-25,2024-05-10,2024-04-20,USD,5120.76,Paid,Sales,Retail
ACCOUNTS_RECEIVABLE_00008722,payment_before_invoice,HIGH,payment_date is earlier than invoice_date,2026-09-14T18:02:42.816798+00:00,ACCOUNTS_RECEIVABLE_00008722,8721,ARINV_00008722,CUST_0036,ENT_US,2024-05-21,2024-06-05,2024-05-20,USD,3654.16,Paid,Operations,Retail
ACCOUNTS_RECEIVABLE_00008741,payment_before_invoice,HIGH,payment_date is earlier than invoice_date,2026-09-14T18:02:42.816798+00:00,ACCOUNTS_RECEIVABLE_00008741,8740,ARINV_00008741,CUST_0090,ENT_US,2024-05-22,2024-07-21,2024-05-19,USD,5830.1,Paid,Operations,Enterprise
ACCOUNTS_RECEIVABLE_00008779,payment_before_invoice,HIGH,payment_date is earlier than invoice_date,2026-09-14T18:02:42.816798+00:00,ACCOUNTS_RECEIVABLE_00008779,8778,ARINV_00008779,CUST_0109,ENT_US,2024-05-13,2024-05-28,2024-05-11,USD,1655.11,Paid,Marketing,Retail
ACCOUNTS_RECEIVABLE_00008793,payment_before_invoice,HIGH,payment_date is earlier than invoice_date,2026-09-14T18:02:42.816798+00:00,ACCOUNTS_RECEIVABLE_00008793,8792,ARINV_00008793,CUST_0105,ENT_US,2024-05-17,2024-06-01,2024-05-14,USD,498.18,Paid,Marketing,Retail
ACCOUNTS_RECEIVABLE_00008862,payment_before_invoice,HIGH,payment_date is earlier than invoice_date,2026-09-14T18:02:42.816798+00:00,ACCOUNTS_RECEIVABLE_00008862,8861,ARINV_00008862,CUST_0051,ENT_US,2024-06-17,2024-07-17,2024-06-16,USD,1155.42,Paid,Sales,SMB
ACCOUNTS_RECEIVABLE_00008864,payment_before_invoice,HIGH,payment_date is earlier than invoice_date,2026-09-14T18:02:42.816798+00:00,ACCOUNTS_RECEIVABLE_00008864,8863,ARINV_00008864,CUST_0026,ENT_US,2024-06-19,2024-07-04,2024-06-18,USD,2896.17,Paid,Sales,Retail
ACCOUNTS_RECEIVABLE_00008925,payment_before_invoice,HIGH,payment_date is earlier than invoice_date,2026-09-14T18:02:42.816798+00:00,ACCOUNTS_RECEIVABLE_00008925,8924,ARINV_00008925,CUST_0149,ENT_US,2024-06-04,2024-06-19,2024-06-03,USD,1120.81,Paid,Operations,Retail
ACCOUNTS_RECEIVABLE_00008972,payment_before_invoice,HIGH,payment_date is earlier than invoice_date,2026-09-14T18:02:42.816798+00:00,ACCOUNTS_RECEIVABLE_00008972,8971,ARINV_00008972,CUST_0122,ENT_US,2024-06-05,2024-06-20,2024-05-25,USD,1895.12,Paid,,Retail
ACCOUNTS_RECEIVABLE_00009000,payment_before_invoice,HIGH,payment_date is earlier than invoice_date,2026-09-14T18:02:42.816798+00:00,ACCOUNTS_RECEIVABLE_00009000,8999,ARINV_00009000,CUST_0159,ENT_US,2024-07-26,2024-08-10,2024-07-19,USD,4998.93,Paid,Sales,Retail
ACCOUNTS_RECEIVABLE_00009015,payment_before_invoice,HIGH,payment_date is earlier than invoice_date,2026-09-14T18:02:42.816798+00:00,ACCOUNTS_RECEIVABLE_00009015,9014,ARINV_00009015,CUST_0059,ENT_US,2024-07-16,2024-07-31,2024-07-14,USD,5063.66,Paid,Sales,Retail
ACCOUNTS_RECEIVABLE_00009079,payment_before_invoice,HIGH,payment_date is earlier than invoice_date,2026-09-14T18:02:42.816798+00:00,ACCOUNTS_RECEIVABLE_00009079,9078,ARINV_00009079,CUST_0149,ENT_US,2024-07-08,2024-07-23,2024-06-29,USD,1866.68,Paid,Operations,Retail
ACCOUNTS_RECEIVABLE_00009083,payment_before_invoice,HIGH,payment_date is earlier than invoice_date,2026-09-14T18:02:42.816798+00:00,ACCOUNTS_RECEIVABLE_00009083,9082,ARINV_00009083,CUST_0036,ENT_US,2024-07-23,2024-08-07,2024-07-19,USD,1216.32,Paid,Marketing,Retail
ACCOUNTS_RECEIVABLE_00009112,payment_before_invoice,HIGH,payment_date is earlier than invoice_date,2026-09-14T18:02:42.816798+00:00,ACCOUNTS_RECEIVABLE_00009112,9111,ARINV_00009112,CUST_0122,ENT_US,2024-07-30,2024-08-14,2024-07-29,USD,10056.46,Paid,Marketing,Retail
ACCOUNTS_RECEIVABLE_00009213,payment_before_invoice,HIGH,payment_date is earlier than invoice_date,2026-09-14T18:02:42.816798+00:00,ACCOUNTS_RECEIVABLE_00009213,9212,ARINV_00009213,CUST_0179,ENT_US,2024-08-18,2024-09-02,2024-08-14,USD,863.43,Paid,Operations,Retail
ACCOUNTS_RECEIVABLE_00009253,payment_before_invoice,HIGH,payment_date is earlier than invoice_date,2026-09-14T18:02:42.816798+00:00,ACCOUNTS_RECEIVABLE_00009253,9252,ARINV_00009253,CUST_0172,ENT_US,2024-08-01,2024-08-31,2024-07-28,USD,6156.77,Paid,Marketing,SMB
ACCOUNTS_RECEIVABLE_00009271,payment_before_invoice,HIGH,payment_date is earlier than invoice_date,2026-09-14T18:02:42.816798+00:00,ACCOUNTS_RECEIVABLE_00009271,9270,ARINV_00009271,CUST_0109,ENT_US,2024-08-26,2024-09-10,2024-08-21,USD,3990.68,Paid,Marketing,Retail
ACCOUNTS_RECEIVABLE_00009347,payment_before_invoice,HIGH,payment_date is earlier than invoice_date,2026-09-14T18:02:42.816798+00:00,ACCOUNTS_RECEIVABLE_00009347,9346,ARINV_00009347,CUST_0120,ENT_US,2024-09-09,2024-09-24,2024-08-28,USD,6285.02,Paid,Operations,Retail
ACCOUNTS_RECEIVABLE_00009406,payment_before_invoice,HIGH,payment_date is earlier than invoice_date,2026-09-14T18:02:42.816798+00:00,ACCOUNTS_RECEIVABLE_00009406,9405,ARINV_00009406,CUST_0026,ENT_US,2024-09-06,2024-09-21,2024-08-30,USD,1537.34,Paid,Marketing,Retail
ACCOUNTS_RECEIVABLE_00009493,payment_before_invoice,HIGH,payment_date is earlier than invoice_date,2026-09-14T18:02:42.816798+00:00,ACCOUNTS_RECEIVABLE_00009493,9492,ARINV_00009493,CUST_0079,ENT_US,2024-10-14,2024-10-29,2024-10-13,USD,3855.62,Paid,Operations,Retail
ACCOUNTS_RECEIVABLE_00009505,payment_before_invoice,HIGH,payment_date is earlier than invoice_date,2026-09-14T18:02:42.816798+00:00,ACCOUNTS_RECEIVABLE_00009505,9504,ARINV_00009505,CUST_0160,ENT_US,2024-10-05,2024-11-04,2024-10-02,USD,1787.21,Paid,Operations,SMB
ACCOUNTS_RECEIVABLE_00009555,payment_before_invoice,HIGH,payment_date is earlier than invoice_date,2026-09-14T18:02:42.816798+00:00,ACCOUNTS_RECEIVABLE_00009555,9554,ARINV_00009555,CUST_0109,ENT_US,2024-10-06,2024-10-21,2024-10-01,USD,730.43,Paid,Marketing,
ACCOUNTS_RECEIVABLE_00009596,payment_before_invoice,HIGH,payment_date is earlier than invoice_date,2026-09-14T18:02:42.816798+00:00,ACCOUNTS_RECEIVABLE_00009596,9595,ARINV_00009596,CUST_0036,ENT_US,2024-11-10,2024-11-25,2024-11-07,USD,22155.39,Paid,Sales,Retail
ACCOUNTS_RECEIVABLE_00009622,payment_before_invoice,HIGH,payment_date is earlier than invoice_date,2026-09-14T18:02:42.816798+00:00,ACCOUNTS_RECEIVABLE_00009622,9621,ARINV_00009622,CUST_0079,ENT_US,2024-11-21,2024-12-06,2024-11-19,USD,6658.32,Paid,Sales,Retail
ACCOUNTS_RECEIVABLE_00009683,payment_before_invoice,HIGH,payment_date is earlier than invoice_date,2026-09-14T18:02:42.816798+00:00,ACCOUNTS_RECEIVABLE_00009683,9682,ARINV_00009683,CUST_0109,ENT_US,2024-11-22,2024-12-07,2024-11-20,USD,1077.79,Paid,Marketing,Retail
ACCOUNTS_RECEIVABLE_00009750,payment_before_invoice,HIGH,payment_date is earlier than invoice_date,2026-09-14T18:02:42.816798+00:00,ACCOUNTS_RECEIVABLE_00009750,9749,ARINV_00009750,CUST_0091,ENT_US,2024-11-14,2024-11-29,2024-11-12,EUR,2158.88,Paid,Marketing,Retail
ACCOUNTS_RECEIVABLE_00009760,payment_before_invoice,HIGH,payment_date is earlier than invoice_date,2026-09-14T18:02:42.816798+00:00,ACCOUNTS_RECEIVABLE_00009760,9759,ARINV_00009760,CUST_0149,ENT_US,2024-12-18,2025-01-02,2024-12-17,USD,33995.87,Paid,Sales,Retail
ACCOUNTS_RECEIVABLE_00009777,payment_before_invoice,HIGH,payment_date is earlier than invoice_date,2026-09-14T18:02:42.816798+00:00,ACCOUNTS_RECEIVABLE_00009777,9776,ARINV_00009777,CUST_0079,ENT_US,2024-12-08,2024-12-23,2024-12-04,USD,9685.34,Paid,Sales,Retail
ACCOUNTS_RECEIVABLE_00009792,payment_before_invoice,HIGH,payment_date is earlier than invoice_date,2026-09-14T18:02:42.816798+00:00,ACCOUNTS_RECEIVABLE_00009792,9791,ARINV_00009792,CUST_0131,ENT_US,2024-12-25,2025-01-09,2024-12-22,USD,4290.99,Paid,Sales,Retail
ACCOUNTS_RECEIVABLE_00009800,payment_before_invoice,HIGH,payment_date is earlier than invoice_date,2026-09-14T18:02:42.816798+00:00,ACCOUNTS_RECEIVABLE_00009800,9799,ARINV_00009800,CUST_0036,ENT_US,2024-12-02,2024-12-17,2024-11-30,USD,6354.93,Paid,Operations,Retail
ACCOUNTS_RECEIVABLE_00009851,payment_before_invoice,HIGH,payment_date is earlier than invoice_date,2026-09-14T18:02:42.816798+00:00,ACCOUNTS_RECEIVABLE_00009851,9850,ARINV_00009851,CUST_0056,ENT_US,2024-12-05,2024-12-20,2024-12-04,USD,1481.22,Paid,Operations,Retail
ACCOUNTS_RECEIVABLE_00009857,payment_before_invoice,HIGH,payment_date is earlier than invoice_date,2026-09-14T18:02:42.816798+00:00,ACCOUNTS_RECEIVABLE_00009857,9856,ARINV_00009857,CUST_0159,ENT_US,2024-12-25,2025-01-09,2024-12-22,USD,3483.18,Paid,Marketing,Retail
ACCOUNTS_RECEIVABLE_00009879,payment_before_invoice,HIGH,payment_date is earlier than invoice_date,2026-09-14T18:02:42.816798+00:00,ACCOUNTS_RECEIVABLE_00009879,9878,ARINV_00009879,CUST_0159,ENT_US,2024-12-02,2024-12-17,2024-11-27,USD,8532.81,Paid,Marketing,Retail
ACCOUNTS_RECEIVABLE_00009949,payment_before_invoice,HIGH,payment_date is earlier than invoice_date,2026-09-14T18:02:42.816798+00:00,ACCOUNTS_RECEIVABLE_00009949,9948,ARINV_00009949,CUST_0149,ENT_US,2025-01-05,2025-01-20,2024-12-29,USD,843.88,Paid,Operations,
ACCOUNTS_RECEIVABLE_00009969,payment_before_invoice,HIGH,payment_date is earlier than invoice_date,2026-09-14T18:02:42.816798+00:00,ACCOUNTS_RECEIVABLE_00009969,9968,ARINV_00009969,CUST_0179,ENT_US,2025-01-06,2025-01-21,2025-01-03,USD,3128.52,Paid,Operations,Retail
ACCOUNTS_RECEIVABLE_00009976,payment_before_invoice,HIGH,payment_date is earlier than invoice_date,2026-09-14T18:02:42.816798+00:00,ACCOUNTS_RECEIVABLE_00009976,9975,ARINV_00009976,CUST_0091,ENT_US,2025-01-12,2025-01-27,2025-01-08,EUR,4887.08,Paid,Operations,Retail
ACCOUNTS_RECEIVABLE_00009978,payment_before_invoice,HIGH,payment_date is earlier than invoice_date,2026-09-14T18:02:42.816798+00:00,ACCOUNTS_RECEIVABLE_00009978,9977,ARINV_00009978,CUST_0170,ENT_US,2025-01-05,2025-01-20,2025-01-03,USD,3387.17,Paid,Operations,Retail
ACCOUNTS_RECEIVABLE_00009983,payment_before_invoice,HIGH,payment_date is earlier than invoice_date,2026-09-14T18:02:42.816798+00:00,ACCOUNTS_RECEIVABLE_00009983,9982,ARINV_00009983,CUST_0149,ENT_US,2025-01-20,2025-02-04,2025-01-16,USD,4062.83,Paid,Operations,Retail
ACCOUNTS_RECEIVABLE_00010017,payment_before_invoice,HIGH,payment_date is earlier than invoice_date,2026-09-14T18:02:42.816798+00:00,ACCOUNTS_RECEIVABLE_00010017,10016,ARINV_00010017,CUST_0131,ENT_US,2025-01-02,2025-01-17,2024-12-28,USD,854.07,Paid,Marketing,Retail
ACCOUNTS_RECEIVABLE_00010041,payment_before_invoice,HIGH,payment_date is earlier than invoice_date,2026-09-14T18:02:42.816798+00:00,ACCOUNTS_RECEIVABLE_00010041,10040,ARINV_00010041,CUST_0159,ENT_US,2025-01-15,2025-01-30,2025-01-14,USD,839.22,Paid,Marketing,Retail
ACCOUNTS_RECEIVABLE_00010087,payment_before_invoice,HIGH,payment_date is earlier than invoice_date,2026-09-14T18:02:42.816798+00:00,ACCOUNTS_RECEIVABLE_00010087,10086,ARINV_00010087,CUST_0159,ENT_US,2025-01-06,2025-01-21,2024-12-28,USD,1432.41,Paid,Marketing,Retail
ACCOUNTS_RECEIVABLE_00010134,payment_before_invoice,HIGH,payment_date is earlier than invoice_date,2026-09-14T18:02:42.816798+00:00,ACCOUNTS_RECEIVABLE_00010134,10133,ARINV_00010134,CUST_0134,ENT_US,2025-02-05,2025-02-20,2025-02-04,USD,3511.94,Paid,Sales,Retail
ACCOUNTS_RECEIVABLE_00010145,payment_before_invoice,HIGH,payment_date is earlier than invoice_date,2026-09-14T18:02:42.816798+00:00,ACCOUNTS_RECEIVABLE_00010145,10144,ARINV_00010145,CUST_0125,ENT_US,2025-02-04,2025-04-05,2025-01-28,USD,3972.79,Paid,Operations,
ACCOUNTS_RECEIVABLE_00010229,payment_before_invoice,HIGH,payment_date is earlier than invoice_date,2026-09-14T18:02:42.816798+00:00,ACCOUNTS_RECEIVABLE_00010229,10228,ARINV_00010229,CUST_0056,ENT_US,2025-02-21,2025-03-08,2025-02-17,USD,2134.46,Paid,,Retail
ACCOUNTS_RECEIVABLE_00010231,payment_before_invoice,HIGH,payment_date is earlier than invoice_date,2026-09-14T18:02:42.816798+00:00,ACCOUNTS_RECEIVABLE_00010231,10230,ARINV_00010231,CUST_0170,ENT_US,2025-02-04,2025-02-19,2025-01-31,USD,5725.59,Paid,Marketing,Retail
ACCOUNTS_RECEIVABLE_00010345,payment_before_invoice,HIGH,payment_date is earlier than invoice_date,2026-09-14T18:02:42.816798+00:00,ACCOUNTS_RECEIVABLE_00010345,10344,ARINV_00010345,CUST_0091,ENT_US,2025-03-02,2025-03-17,2025-02-28,EUR,7004.77,Paid,Operations,Retail
ACCOUNTS_RECEIVABLE_00010690,payment_before_invoice,HIGH,payment_date is earlier than invoice_date,2026-09-14T18:02:42.816798+00:00,ACCOUNTS_RECEIVABLE_00010690,10689,ARINV_00010690,CUST_0026,ENT_US,2025-05-14,2025-05-29,2025-05-09,USD,1237.65,Paid,Operations,Retail
ACCOUNTS_RECEIVABLE_00010722,payment_before_invoice,HIGH,payment_date is earlier than invoice_date,2026-09-14T18:02:42.816798+00:00,ACCOUNTS_RECEIVABLE_00010722,10721,ARINV_00010722,CUST_0059,ENT_US,2025-05-13,2025-05-28,2025-05-02,USD,2597.99,Paid,,Retail
ACCOUNTS_RECEIVABLE_00010760,payment_before_invoice,HIGH,payment_date is earlier than invoice_date,2026-09-14T18:02:42.816798+00:00,ACCOUNTS_RECEIVABLE_00010760,10759,ARINV_00010760,CUST_0056,ENT_US,2025-06-05,2025-06-20,2025-06-01,USD,17723.65,Paid,Sales,Retail
ACCOUNTS_RECEIVABLE_00010761,payment_before_invoice,HIGH,payment_date is earlier than invoice_date,2026-09-14T18:02:42.816798+00:00,ACCOUNTS_RECEIVABLE_00010761,10760,ARINV_00010761,CUST_0064,ENT_US,2025-06-06,2025-07-06,2025-05-25,USD,17417.99,Paid,Sales,SMB
ACCOUNTS_RECEIVABLE_00010771,payment_before_invoice,HIGH,payment_date is earlier than invoice_date,2026-09-14T18:02:42.816798+00:00,ACCOUNTS_RECEIVABLE_00010771,10770,ARINV_00010771,CUST_0052,ENT_US,2025-06-22,2025-07-22,2025-06-20,USD,6875.43,Paid,,SMB
ACCOUNTS_RECEIVABLE_00010846,payment_before_invoice,HIGH,payment_date is earlier than invoice_date,2026-09-14T18:02:42.816798+00:00,ACCOUNTS_RECEIVABLE_00010846,10845,ARINV_00010846,CUST_0059,ENT_US,2025-06-20,2025-07-05,2025-06-12,USD,8348.61,Paid,Operations,Retail
ACCOUNTS_RECEIVABLE_00010851,payment_before_invoice,HIGH,payment_date is earlier than invoice_date,2026-09-14T18:02:42.816798+00:00,ACCOUNTS_RECEIVABLE_00010851,10850,ARINV_00010851,CUST_0120,ENT_US,2025-06-17,2025-07-02,2025-06-11,USD,831.9,Paid,,Retail
ACCOUNTS_RECEIVABLE_00010918,payment_before_invoice,HIGH,payment_date is earlier than invoice_date,2026-09-14T18:02:42.816798+00:00,ACCOUNTS_RECEIVABLE_00010918,10917,ARINV_00010918,CUST_0120,ENT_US,2025-06-04,2025-06-19,2025-06-03,USD,693.56,Paid,Marketing,Retail
ACCOUNTS_RECEIVABLE_00010973,payment_before_invoice,HIGH,payment_date is earlier than invoice_date,2026-09-14T18:02:42.816798+00:00,ACCOUNTS_RECEIVABLE_00010973,10972,ARINV_00010973,CUST_0056,ENT_US,2025-07-13,2025-07-28,2025-07-07,USD,12305.58,Paid,Sales,Retail
ACCOUNTS_RECEIVABLE_00010978,payment_before_invoice,HIGH,payment_date is earlier than invoice_date,2026-09-14T18:02:42.816798+00:00,ACCOUNTS_RECEIVABLE_00010978,10977,ARINV_00010978,CUST_0091,ENT_US,2025-07-14,2025-07-29,2025-07-13,EUR,10791.95,Paid,Sales,Retail
ACCOUNTS_RECEIVABLE_00011035,payment_before_invoice,HIGH,payment_date is earlier than invoice_date,2026-09-14T18:02:42.816798+00:00,ACCOUNTS_RECEIVABLE_00011035,11034,ARINV_00011035,CUST_0125,ENT_US,2025-07-11,2025-09-09,2025-07-02,USD,2526.79,Paid,Operations,Enterprise
ACCOUNTS_RECEIVABLE_00011067,payment_before_invoice,HIGH,payment_date is earlier than invoice_date,2026-09-14T18:02:42.816798+00:00,ACCOUNTS_RECEIVABLE_00011067,11066,ARINV_00011067,CUST_0091,ENT_US,2025-07-09,2025-07-24,2025-07-04,EUR,1194.49,Paid,Marketing,Retail
ACCOUNTS_RECEIVABLE_00011109,payment_before_invoice,HIGH,payment_date is earlier than invoice_date,2026-09-14T18:02:42.816798+00:00,ACCOUNTS_RECEIVABLE_00011109,11108,ARINV_00011109,CUST_0170,ENT_US,2025-07-04,2025-07-19,2025-07-03,USD,2124.96,Paid,Marketing,Retail
ACCOUNTS_RECEIVABLE_00011123,payment_before_invoice,HIGH,payment_date is earlier than invoice_date,2026-09-14T18:02:42.816798+00:00,ACCOUNTS_RECEIVABLE_00011123,11122,ARINV_00011123,CUST_0079,ENT_US,2025-07-02,2025-07-17,2025-06-30,USD,3337.88,Paid,Marketing,Retail
ACCOUNTS_RECEIVABLE_00011188,payment_before_invoice,HIGH,payment_date is earlier than invoice_date,2026-09-14T18:02:42.816798+00:00,ACCOUNTS_RECEIVABLE_00011188,11187,ARINV_00011188,CUST_0122,ENT_US,2025-08-07,2025-08-22,2025-08-05,USD,2691.94,Paid,Sales,Retail
ACCOUNTS_RECEIVABLE_00011291,payment_before_invoice,HIGH,payment_date is earlier than invoice_date,2026-09-14T18:02:42.816798+00:00,ACCOUNTS_RECEIVABLE_00011291,11290,ARINV_00011291,CUST_0056,ENT_US,2025-09-30,2025-10-15,2025-09-29,USD,10346.87,Paid,Sales,Retail
ACCOUNTS_RECEIVABLE_00011359,payment_before_invoice,HIGH,payment_date is earlier than invoice_date,2026-09-14T18:02:42.816798+00:00,ACCOUNTS_RECEIVABLE_00011359,11358,ARINV_00011359,CUST_0105,ENT_US,2025-09-08,2025-09-23,2025-08-31,USD,9173.64,Paid,Operations,Retail
ACCOUNTS_RECEIVABLE_00011364,payment_before_invoice,HIGH,payment_date is earlier than invoice_date,2026-09-14T18:02:42.816798+00:00,ACCOUNTS_RECEIVABLE_00011364,11363,ARINV_00011364,CUST_0057,ENT_US,2025-09-04,2025-09-19,2025-08-28,USD,7371.12,Paid,Operations,Retail
ACCOUNTS_RECEIVABLE_00011374,payment_before_invoice,HIGH,payment_date is earlier than invoice_date,2026-09-14T18:02:42.816798+00:00,ACCOUNTS_RECEIVABLE_00011374,11373,ARINV_00011374,CUST_0056,ENT_US,2025-09-02,2025-09-17,2025-08-31,USD,201.18,Paid,Operations,Retail
ACCOUNTS_RECEIVABLE_00011401,payment_before_invoice,HIGH,payment_date is earlier than invoice_date,2026-09-14T18:02:42.816798+00:00,ACCOUNTS_RECEIVABLE_00011401,11400,ARINV_00011401,CUST_0170,ENT_US,2025-09-25,2025-10-10,2025-09-15,USD,2139.4,Paid,Marketing,Retail
ACCOUNTS_RECEIVABLE_00011403,payment_before_invoice,HIGH,payment_date is earlier than invoice_date,2026-09-14T18:02:42.816798+00:00,ACCOUNTS_RECEIVABLE_00011403,11402,ARINV_00011403,CUST_0036,ENT_US,2025-09-01,2025-09-16,2025-08-26,USD,1177.55,Paid,Marketing,Retail
ACCOUNTS_RECEIVABLE_00011428,payment_before_invoice,HIGH,payment_date is earlier than invoice_date,2026-09-14T18:02:42.816798+00:00,ACCOUNTS_RECEIVABLE_00011428,11427,ARINV_00011428,CUST_0059,ENT_US,2025-09-24,2025-10-09,2025-09-22,USD,847.61,Paid,Marketing,Retail
ACCOUNTS_RECEIVABLE_00011441,payment_before_invoice,HIGH,payment_date is earlier than invoice_date,2026-09-14T18:02:42.816798+00:00,ACCOUNTS_RECEIVABLE_00011441,11440,ARINV_00011441,CUST_0091,ENT_US,2025-09-06,2025-09-21,2025-09-01,EUR,3784.13,Paid,Marketing,Retail
ACCOUNTS_RECEIVABLE_00011555,payment_before_invoice,HIGH,payment_date is earlier than invoice_date,2026-09-14T18:02:42.816798+00:00,ACCOUNTS_RECEIVABLE_00011555,11554,ARINV_00011555,CUST_0105,ENT_US,2025-10-19,2025-11-03,2025-10-13,USD,5323.93,Paid,Operations,Retail
ACCOUNTS_RECEIVABLE_00011562,payment_before_invoice,HIGH,payment_date is earlier than invoice_date,2026-09-14T18:02:42.816798+00:00,ACCOUNTS_RECEIVABLE_00011562,11561,ARINV_00011562,CUST_0122,ENT_US,2025-10-27,2025-11-11,2025-10-26,USD,1042.03,Paid,Operations,Retail
ACCOUNTS_RECEIVABLE_00011573,payment_before_invoice,HIGH,payment_date is earlier than invoice_date,2026-09-14T18:02:42.816798+00:00,ACCOUNTS_RECEIVABLE_00011573,11572,ARINV_00011573,CUST_0059,ENT_US,2025-10-01,2025-10-16,2025-09-30,USD,755.22,Paid,Operations,Retail
ACCOUNTS_RECEIVABLE_00011647,payment_before_invoice,HIGH,payment_date is earlier than invoice_date,2026-09-14T18:02:42.816798+00:00,ACCOUNTS_RECEIVABLE_00011647,11646,ARINV_00011647,CUST_0091,ENT_US,2025-11-01,2025-11-16,2025-10-31,EUR,12206.68,Paid,Sales,Retail
ACCOUNTS_RECEIVABLE_00011663,payment_before_invoice,HIGH,payment_date is earlier than invoice_date,2026-09-14T18:02:42.816798+00:00,ACCOUNTS_RECEIVABLE_00011663,11662,ARINV_00011663,CUST_0122,ENT_US,2025-11-07,2025-11-22,2025-11-03,USD,17759.04,Paid,Sales,Retail
ACCOUNTS_RECEIVABLE_00011716,payment_before_invoice,HIGH,payment_date is earlier than invoice_date,2026-09-14T18:02:42.816798+00:00,ACCOUNTS_RECEIVABLE_00011716,11715,ARINV_00011716,CUST_0138,ENT_US,2025-11-22,2025-12-22,2025-11-14,USD,6973.73,Paid,Operations,SMB
ACCOUNTS_RECEIVABLE_00011819,payment_before_invoice,HIGH,payment_date is earlier than invoice_date,2026-09-14T18:02:42.816798+00:00,ACCOUNTS_RECEIVABLE_00011819,11818,ARINV_00011819,CUST_0091,ENT_US,2025-12-09,2025-12-24,2025-12-08,EUR,15633.8,Paid,Sales,Retail
ACCOUNTS_RECEIVABLE_00011888,payment_before_invoice,HIGH,payment_date is earlier than invoice_date,2026-09-14T18:02:42.816798+00:00,ACCOUNTS_RECEIVABLE_00011888,11887,ARINV_00011888,CUST_0091,ENT_US,2025-12-31,2026-01-15,2025-12-24,EUR,2321.58,Paid,Operations,Retail
ACCOUNTS_RECEIVABLE_00011890,payment_before_invoice,HIGH,payment_date is earlier than invoice_date,2026-09-14T18:02:42.816798+00:00,ACCOUNTS_RECEIVABLE_00011890,11889,ARINV_00011890,CUST_0179,ENT_US,2025-12-18,2026-01-02,2025-12-07,USD,7880.66,Paid,Operations,Retail
ACCOUNTS_RECEIVABLE_00012012,payment_before_invoice,HIGH,payment_date is earlier than invoice_date,2026-09-14T18:02:42.816798+00:00,ACCOUNTS_RECEIVABLE_00012012,12011,ARINV_00012012,CUST_0032,ENT_UK,2023-01-25,2023-02-24,2023-01-14,GBP,6609.26,Paid,Sales,SMB
ACCOUNTS_RECEIVABLE_00012063,payment_before_invoice,HIGH,payment_date is earlier than invoice_date,2026-09-14T18:02:42.816798+00:00,ACCOUNTS_RECEIVABLE_00012063,12062,ARINV_00012063,CUST_0073,ENT_UK,2023-01-10,2023-01-25,2022-12-31,GBP,3381.12,Paid,Operations,Retail
ACCOUNTS_RECEIVABLE_00012220,payment_before_invoice,HIGH,payment_date is earlier than invoice_date,2026-09-14T18:02:42.816798+00:00,ACCOUNTS_RECEIVABLE_00012220,12219,ARINV_00012220,CUST_0073,ENT_UK,2023-02-25,2023-03-12,2023-02-23,GBP,1479.0,Paid,Operations,Retail
ACCOUNTS_RECEIVABLE_00012224,payment_before_invoice,HIGH,payment_date is earlier than invoice_date,2026-09-14T18:02:42.816798+00:00,ACCOUNTS_RECEIVABLE_00012224,12223,ARINV_00012224,CUST_0123,ENT_UK,2023-02-08,2023-02-23,2023-02-05,GBP,1797.04,Paid,Operations,Retail
ACCOUNTS_RECEIVABLE_00012238,payment_before_invoice,HIGH,payment_date is earlier than invoice_date,2026-09-14T18:02:42.816798+00:00,ACCOUNTS_RECEIVABLE_00012238,12237,ARINV_00012238,CUST_0094,ENT_UK,2023-02-07,2023-02-22,2023-02-01,GBP,816.28,Paid,Operations,Retail
ACCOUNTS_RECEIVABLE_00012248,payment_before_invoice,HIGH,payment_date is earlier than invoice_date,2026-09-14T18:02:42.816798+00:00,ACCOUNTS_RECEIVABLE_00012248,12247,ARINV_00012248,CUST_0178,ENT_UK,2023-02-15,2023-03-17,2023-02-06,GBP,1687.84,Paid,Operations,SMB
ACCOUNTS_RECEIVABLE_00012287,payment_before_invoice,HIGH,payment_date is earlier than invoice_date,2026-09-14T18:02:42.816798+00:00,ACCOUNTS_RECEIVABLE_00012287,12286,ARINV_00012287,CUST_0113,ENT_UK,2023-02-27,2023-03-14,2023-02-25,GBP,663.46,Paid,Marketing,Retail
ACCOUNTS_RECEIVABLE_00012300,payment_before_invoice,HIGH,payment_date is earlier than invoice_date,2026-09-14T18:02:42.816798+00:00,ACCOUNTS_RECEIVABLE_00012300,12299,ARINV_00012300,CUST_0045,ENT_UK,2023-02-16,2023-03-03,2023-02-10,GBP,622.0,Paid,Marketing,Retail
ACCOUNTS_RECEIVABLE_00012350,payment_before_invoice,HIGH,payment_date is earlier than invoice_date,2026-09-14T18:02:42.816798+00:00,ACCOUNTS_RECEIVABLE_00012350,12349,ARINV_00012350,CUST_0113,ENT_UK,2023-03-03,2023-03-18,2023-02-24,GBP,1803.35,Paid,Sales,Retail
ACCOUNTS_RECEIVABLE_00012439,payment_before_invoice,HIGH,payment_date is earlier than invoice_date,2026-09-14T18:02:42.816798+00:00,ACCOUNTS_RECEIVABLE_00012439,12438,ARINV_00012439,CUST_0010,ENT_UK,2023-03-31,2023-04-15,2023-03-26,GBP,138.92,Paid,Operations,Retail
ACCOUNTS_RECEIVABLE_00012481,payment_before_invoice,HIGH,payment_date is earlier than invoice_date,2026-09-14T18:02:42.816798+00:00,ACCOUNTS_RECEIVABLE_00012481,12480,ARINV_00012481,CUST_0003,ENT_UK,2023-03-19,2023-04-03,2023-03-13,GBP,597.03,Paid,Marketing,Retail
ACCOUNTS_RECEIVABLE_00012530,payment_before_invoice,HIGH,payment_date is earlier than invoice_date,2026-09-14T18:02:42.816798+00:00,ACCOUNTS_RECEIVABLE_00012530,12529,ARINV_00012530,CUST_0081,ENT_UK,2023-04-10,2023-04-25,2023-04-09,GBP,1842.61,Paid,Sales,Retail
ACCOUNTS_RECEIVABLE_00012538,payment_before_invoice,HIGH,payment_date is earlier than invoice_date,2026-09-14T18:02:42.816798+00:00,ACCOUNTS_RECEIVABLE_00012538,12537,ARINV_00012538,CUST_0106,ENT_UK,2023-04-25,2023-05-25,2023-04-21,GBP,4547.15,Paid,Sales,SMB
ACCOUNTS_RECEIVABLE_00012571,payment_before_invoice,HIGH,payment_date is earlier than invoice_date,2026-09-14T18:02:42.816798+00:00,ACCOUNTS_RECEIVABLE_00012571,12570,ARINV_00012571,CUST_0148,ENT_UK,2023-04-13,2023-04-28,2023-04-06,GBP,2279.87,Paid,Sales,Retail
ACCOUNTS_RECEIVABLE_00012611,payment_before_invoice,HIGH,payment_date is earlier than invoice_date,2026-09-14T18:02:42.816798+00:00,ACCOUNTS_RECEIVABLE_00012611,12610,ARINV_00012611,CUST_0177,ENT_UK,2023-04-04,2023-04-19,2023-04-01,GBP,355.38,Paid,Operations,Retail
ACCOUNTS_RECEIVABLE_00012623,payment_before_invoice,HIGH,payment_date is earlier than invoice_date,2026-09-14T18:02:42.816798+00:00,ACCOUNTS_RECEIVABLE_00012623,12622,ARINV_00012623,CUST_0022,ENT_UK,2023-04-07,2023-04-22,2023-03-29,USD,2380.96,Paid,Marketing,Retail
ACCOUNTS_RECEIVABLE_00012663,payment_before_invoice,HIGH,payment_date is earlier than invoice_date,2026-09-14T18:02:42.816798+00:00,ACCOUNTS_RECEIVABLE_00012663,12662,ARINV_00012663,CUST_0112,ENT_UK,2023-04-12,2023-04-27,2023-04-10,GBP,993.08,Paid,Marketing,Retail
ACCOUNTS_RECEIVABLE_00012768,payment_before_invoice,HIGH,payment_date is earlier than invoice_date,2026-09-14T18:02:42.816798+00:00,ACCOUNTS_RECEIVABLE_00012768,12767,ARINV_00012768,CUST_0043,ENT_UK,2023-05-05,2023-07-04,2023-04-30,GBP,1774.38,Paid,Marketing,Enterprise
ACCOUNTS_RECEIVABLE_00012901,payment_before_invoice,HIGH,payment_date is earlier than invoice_date,2026-09-14T18:02:42.816798+00:00,ACCOUNTS_RECEIVABLE_00012901,12900,ARINV_00012901,CUST_0169,ENT_UK,2023-06-22,2023-07-22,2023-06-13,GBP,2129.15,Paid,Operations,SMB
ACCOUNTS_RECEIVABLE_00012936,payment_before_invoice,HIGH,payment_date is earlier than invoice_date,2026-09-14T18:02:42.816798+00:00,ACCOUNTS_RECEIVABLE_00012936,12935,ARINV_00012936,CUST_0087,ENT_UK,2023-06-24,2023-07-09,2023-06-22,GBP,758.32,Paid,Operations,Retail
ACCOUNTS_RECEIVABLE_00012939,payment_before_invoice,HIGH,payment_date is earlier than invoice_date,2026-09-14T18:02:42.816798+00:00,ACCOUNTS_RECEIVABLE_00012939,12938,ARINV_00012939,CUST_0073,ENT_UK,2023-06-20,2023-07-05,2023-06-19,GBP,7710.06,Paid,Operations,
ACCOUNTS_RECEIVABLE_00012968,payment_before_invoice,HIGH,payment_date is earlier than invoice_date,2026-09-14T18:02:42.816798+00:00,ACCOUNTS_RECEIVABLE_00012968,12967,ARINV_00012968,CUST_0060,ENT_UK,2023-06-30,2023-07-30,2023-06-26,GBP,1024.51,Paid,Marketing,SMB
ACCOUNTS_RECEIVABLE_00012977,payment_before_invoice,HIGH,payment_date is earlier than invoice_date,2026-09-14T18:02:42.816798+00:00,ACCOUNTS_RECEIVABLE_00012977,12976,ARINV_00012977,CUST_0025,ENT_UK,2023-06-21,2023-07-06,2023-06-20,USD,599.38,Paid,Marketing,Retail
ACCOUNTS_RECEIVABLE_00013004,payment_before_invoice,HIGH,payment_date is earlier than invoice_date,2026-09-14T18:02:42.816798+00:00,ACCOUNTS_RECEIVABLE_00013004,13003,ARINV_00013004,CUST_0040,ENT_UK,2023-06-13,2023-07-13,2023-06-07,GBP,361.24,Paid,Marketing,SMB
ACCOUNTS_RECEIVABLE_00013108,payment_before_invoice,HIGH,payment_date is earlier than invoice_date,2026-09-14T18:02:42.816798+00:00,ACCOUNTS_RECEIVABLE_00013108,13107,ARINV_00013108,CUST_0081,ENT_UK,2023-07-06,2023-07-21,2023-07-03,GBP,553.39,Paid,Operations,Retail
ACCOUNTS_RECEIVABLE_00013110,payment_before_invoice,HIGH,payment_date is earlier than invoice_date,2026-09-14T18:02:42.816798+00:00,ACCOUNTS_RECEIVABLE_00013110,13109,ARINV_00013110,CUST_0177,ENT_UK,2023-07-24,2023-08-08,2023-07-23,GBP,1010.42,Paid,Operations,Retail
ACCOUNTS_RECEIVABLE_00013121,payment_before_invoice,HIGH,payment_date is earlier than invoice_date,2026-09-14T18:02:42.816798+00:00,ACCOUNTS_RECEIVABLE_00013121,13120,ARINV_00013121,CUST_0137,ENT_UK,2023-07-01,2023-07-16,2023-06-26,GBP,-1030.85,Paid,Marketing,Retail
ACCOUNTS_RECEIVABLE_00013165,payment_before_invoice,HIGH,payment_date is earlier than invoice_date,2026-09-14T18:02:42.816798+00:00,ACCOUNTS_RECEIVABLE_00013165,13164,ARINV_00013165,CUST_0136,ENT_UK,2023-07-02,2023-08-01,2023-06-26,GBP,9235.8,Paid,Marketing,SMB
ACCOUNTS_RECEIVABLE_00013263,payment_before_invoice,HIGH,payment_date is earlier than invoice_date,2026-09-14T18:02:42.816798+00:00,ACCOUNTS_RECEIVABLE_00013263,13262,ARINV_00013263,CUST_0067,ENT_UK,2023-08-14,2023-08-29,2023-08-13,GBP,3203.82,Paid,Operations,Retail
ACCOUNTS_RECEIVABLE_00013357,payment_before_invoice,HIGH,payment_date is earlier than invoice_date,2026-09-14T18:02:42.816798+00:00,ACCOUNTS_RECEIVABLE_00013357,13356,ARINV_00013357,CUST_0002,ENT_UK,2023-09-07,2023-09-22,2023-09-04,GBP,3900.78,Paid,Sales,
ACCOUNTS_RECEIVABLE_00013480,payment_before_invoice,HIGH,payment_date is earlier than invoice_date,2026-09-14T18:02:42.816798+00:00,ACCOUNTS_RECEIVABLE_00013480,13479,ARINV_00013480,CUST_0174,ENT_UK,2023-09-05,2023-09-20,2023-08-30,USD,1493.87,Paid,Marketing,Retail
ACCOUNTS_RECEIVABLE_00013516,payment_before_invoice,HIGH,payment_date is earlier than invoice_date,2026-09-14T18:02:42.816798+00:00,ACCOUNTS_RECEIVABLE_00013516,13515,ARINV_00013516,CUST_0081,ENT_UK,2023-10-25,2023-11-09,2023-10-24,GBP,7821.88,Paid,Sales,Retail
ACCOUNTS_RECEIVABLE_00013523,payment_before_invoice,HIGH,payment_date is earlier than invoice_date,2026-09-14T18:02:42.816798+00:00,ACCOUNTS_RECEIVABLE_00013523,13522,ARINV_00013523,CUST_0155,ENT_UK,2023-10-16,2023-10-31,2023-10-08,GBP,7222.76,Paid,Sales,Retail
ACCOUNTS_RECEIVABLE_00013557,payment_before_invoice,HIGH,payment_date is earlier than invoice_date,2026-09-14T18:02:42.816798+00:00,ACCOUNTS_RECEIVABLE_00013557,13556,ARINV_00013557,CUST_0177,ENT_UK,2023-10-31,2023-11-15,2023-10-23,GBP,2965.26,Paid,Operations,Retail
ACCOUNTS_RECEIVABLE_00013693,payment_before_invoice,HIGH,payment_date is earlier than invoice_date,2026-09-14T18:02:42.816798+00:00,ACCOUNTS_RECEIVABLE_00013693,13692,ARINV_00013693,CUST_0112,ENT_UK,2023-11-26,2023-12-11,2023-11-25,GBP,7234.68,Paid,Sales,Retail
ACCOUNTS_RECEIVABLE_00013694,payment_before_invoice,HIGH,payment_date is earlier than invoice_date,2026-09-14T18:02:42.816798+00:00,ACCOUNTS_RECEIVABLE_00013694,13693,ARINV_00013694,CUST_0045,ENT_UK,2023-11-26,2023-12-11,2023-11-21,GBP,882.08,Paid,Sales,Retail
ACCOUNTS_RECEIVABLE_00013718,payment_before_invoice,HIGH,payment_date is earlier than invoice_date,2026-09-14T18:02:42.816798+00:00,ACCOUNTS_RECEIVABLE_00013718,13717,ARINV_00013718,CUST_0151,ENT_UK,2023-11-29,2023-12-29,2023-11-18,GBP,2081.65,Paid,,SMB
ACCOUNTS_RECEIVABLE_00013819,payment_before_invoice,HIGH,payment_date is earlier than invoice_date,2026-09-14T18:02:42.816798+00:00,ACCOUNTS_RECEIVABLE_00013819,13818,ARINV_00013819,CUST_0025,ENT_UK,2023-11-26,2023-12-11,2023-11-24,USD,298.83,Paid,Marketing,
ACCOUNTS_RECEIVABLE_00013863,payment_before_invoice,HIGH,payment_date is earlier than invoice_date,2026-09-14T18:02:42.816798+00:00,ACCOUNTS_RECEIVABLE_00013863,13862,ARINV_00013863,CUST_0137,ENT_UK,2023-11-07,2023-11-22,2023-11-04,GBP,2414.24,Paid,Marketing,Retail
ACCOUNTS_RECEIVABLE_00013878,payment_before_invoice,HIGH,payment_date is earlier than invoice_date,2026-09-14T18:02:42.816798+00:00,ACCOUNTS_RECEIVABLE_00013878,13877,ARINV_00013878,CUST_0144,ENT_UK,2023-12-22,2024-01-06,2023-12-16,GBP,6456.15,Paid,Sales,Retail
ACCOUNTS_RECEIVABLE_00013888,payment_before_invoice,HIGH,payment_date is earlier than invoice_date,2026-09-14T18:02:42.816798+00:00,ACCOUNTS_RECEIVABLE_00013888,13887,ARINV_00013888,CUST_0022,ENT_UK,2023-12-10,2023-12-25,2023-11-29,USD,17697.67,Paid,Sales,Retail
ACCOUNTS_RECEIVABLE_00013912,payment_before_invoice,HIGH,payment_date is earlier than invoice_date,2026-09-14T18:02:42.816798+00:00,ACCOUNTS_RECEIVABLE_00013912,13911,ARINV_00013912,CUST_0094,ENT_UK,2023-12-30,2024-01-14,2023-12-28,GBP,2254.29,Paid,Sales,Retail
ACCOUNTS_RECEIVABLE_00013964,payment_before_invoice,HIGH,payment_date is earlier than invoice_date,2026-09-14T18:02:42.816798+00:00,ACCOUNTS_RECEIVABLE_00013964,13963,ARINV_00013964,CUST_0002,ENT_UK,2023-12-21,2024-01-05,2023-12-20,GBP,1597.73,Paid,Operations,Retail
ACCOUNTS_RECEIVABLE_00014013,payment_before_invoice,HIGH,payment_date is earlier than invoice_date,2026-09-14T18:02:42.816798+00:00,ACCOUNTS_RECEIVABLE_00014013,14012,ARINV_00014013,CUST_0002,ENT_UK,2023-12-20,2024-01-04,2023-12-05,GBP,4654.65,Paid,Marketing,Retail
ACCOUNTS_RECEIVABLE_00014070,payment_before_invoice,HIGH,payment_date is earlier than invoice_date,2026-09-14T18:02:42.816798+00:00,ACCOUNTS_RECEIVABLE_00014070,14069,ARINV_00014070,CUST_0089,ENT_UK,2024-01-30,2024-02-14,2024-01-29,USD,225.31,Paid,Sales,Retail
ACCOUNTS_RECEIVABLE_00014076,payment_before_invoice,HIGH,payment_date is earlier than invoice_date,2026-09-14T18:02:42.816798+00:00,ACCOUNTS_RECEIVABLE_00014076,14075,ARINV_00014076,CUST_0022,ENT_UK,2024-01-23,2024-02-07,2024-01-21,USD,489.68,Paid,,Retail
ACCOUNTS_RECEIVABLE_00014103,payment_before_invoice,HIGH,payment_date is earlier than invoice_date,2026-09-14T18:02:42.816798+00:00,ACCOUNTS_RECEIVABLE_00014103,14102,ARINV_00014103,CUST_0003,ENT_UK,2024-01-07,2024-01-22,2023-12-30,GBP,2534.94,Paid,Operations,Retail
ACCOUNTS_RECEIVABLE_00014150,payment_before_invoice,HIGH,payment_date is earlier than invoice_date,2026-09-14T18:02:42.816798+00:00,ACCOUNTS_RECEIVABLE_00014150,14149,ARINV_00014150,CUST_0156,ENT_UK,2024-01-18,2024-02-02,2024-01-17,GBP,1016.71,Paid,Marketing,Retail
ACCOUNTS_RECEIVABLE_00014156,payment_before_invoice,HIGH,payment_date is earlier than invoice_date,2026-09-14T18:02:42.816798+00:00,ACCOUNTS_RECEIVABLE_00014156,14155,ARINV_00014156,CUST_0177,ENT_UK,2024-01-11,2024-01-26,2024-01-10,GBP,936.7,Paid,Marketing,Retail
ACCOUNTS_RECEIVABLE_00014187,payment_before_invoice,HIGH,payment_date is earlier than invoice_date,2026-09-14T18:02:42.816798+00:00,ACCOUNTS_RECEIVABLE_00014187,14186,ARINV_00014187,CUST_0022,ENT_UK,2024-01-21,2024-02-05,2024-01-15,USD,629.37,Paid,Marketing,Retail
ACCOUNTS_RECEIVABLE_00014216,payment_before_invoice,HIGH,payment_date is earlier than invoice_date,2026-09-14T18:02:42.816798+00:00,ACCOUNTS_RECEIVABLE_00014216,14215,ARINV_00014216,CUST_0144,ENT_UK,2024-02-03,2024-02-18,2024-01-27,GBP,3673.5,Paid,Sales,Retail
ACCOUNTS_RECEIVABLE_00014406,payment_before_invoice,HIGH,payment_date is earlier than invoice_date,2026-09-14T18:02:42.816798+00:00,ACCOUNTS_RECEIVABLE_00014406,14405,ARINV_00014406,CUST_0089,ENT_UK,2024-03-02,2024-03-17,2024-02-29,USD,4592.23,Paid,Sales,Retail
ACCOUNTS_RECEIVABLE_00014579,payment_before_invoice,HIGH,payment_date is earlier than invoice_date,2026-09-14T18:02:42.816798+00:00,ACCOUNTS_RECEIVABLE_00014579,14578,ARINV_00014579,CUST_0049,ENT_UK,2024-04-27,2024-05-12,2024-04-18,GBP,5969.5,Paid,Sales,Retail
ACCOUNTS_RECEIVABLE_00014658,payment_before_invoice,HIGH,payment_date is earlier than invoice_date,2026-09-14T18:02:42.816798+00:00,ACCOUNTS_RECEIVABLE_00014658,14657,ARINV_00014658,CUST_0089,ENT_UK,2024-04-12,2024-04-27,2024-04-10,USD,455.96,Paid,Operations,Retail
ACCOUNTS_RECEIVABLE_00014765,payment_before_invoice,HIGH,payment_date is earlier than invoice_date,2026-09-14T18:02:42.816798+00:00,ACCOUNTS_RECEIVABLE_00014765,14764,ARINV_00014765,CUST_0177,ENT_UK,2024-05-30,2024-06-14,2024-05-26,GBP,1198.48,Paid,Sales,Retail
ACCOUNTS_RECEIVABLE_00014854,payment_before_invoice,HIGH,payment_date is earlier than invoice_date,2026-09-14T18:02:42.816798+00:00,ACCOUNTS_RECEIVABLE_00014854,14853,ARINV_00014854,CUST_0156,ENT_UK,2024-05-09,2024-05-24,2024-05-06,GBP,380.4,Paid,Marketing,Retail
ACCOUNTS_RECEIVABLE_00014884,payment_before_invoice,HIGH,payment_date is earlier than invoice_date,2026-09-14T18:02:42.816798+00:00,ACCOUNTS_RECEIVABLE_00014884,14883,ARINV_00014884,CUST_0157,ENT_UK,2024-06-02,2024-07-02,2024-05-29,GBP,2715.44,Paid,Sales,SMB
ACCOUNTS_RECEIVABLE_00014966,payment_before_invoice,HIGH,payment_date is earlier than invoice_date,2026-09-14T18:02:42.816798+00:00,ACCOUNTS_RECEIVABLE_00014966,14965,ARINV_00014966,CUST_0080,ENT_UK,2024-06-02,2024-07-02,2024-05-24,GBP,1096.82,Paid,Marketing,SMB
ACCOUNTS_RECEIVABLE_00014982,payment_before_invoice,HIGH,payment_date is earlier than invoice_date,2026-09-14T18:02:42.816798+00:00,ACCOUNTS_RECEIVABLE_00014982,14981,ARINV_00014982,CUST_0178,ENT_UK,2024-06-23,2024-07-23,2024-06-12,GBP,5147.84,Paid,Marketing,SMB
ACCOUNTS_RECEIVABLE_00015020,payment_before_invoice,HIGH,payment_date is earlier than invoice_date,2026-09-14T18:02:42.816798+00:00,ACCOUNTS_RECEIVABLE_00015020,15019,ARINV_00015020,CUST_0032,ENT_UK,2024-07-25,2024-08-24,2024-07-18,GBP,3553.21,Paid,Sales,
ACCOUNTS_RECEIVABLE_00015036,payment_before_invoice,HIGH,payment_date is earlier than invoice_date,2026-09-14T18:02:42.816798+00:00,ACCOUNTS_RECEIVABLE_00015036,15035,ARINV_00015036,CUST_0045,ENT_UK,2024-07-24,2024-08-08,2024-07-21,GBP,1786.99,Paid,Sales,Retail
ACCOUNTS_RECEIVABLE_00015184,payment_before_invoice,HIGH,payment_date is earlier than invoice_date,2026-09-14T18:02:42.816798+00:00,ACCOUNTS_RECEIVABLE_00015184,15183,ARINV_00015184,CUST_0081,ENT_UK,2024-08-25,2024-09-09,2024-08-24,GBP,3650.8,Paid,Sales,Retail
ACCOUNTS_RECEIVABLE_00015186,payment_before_invoice,HIGH,payment_date is earlier than invoice_date,2026-09-14T18:02:42.816798+00:00,ACCOUNTS_RECEIVABLE_00015186,15185,ARINV_00015186,CUST_0174,ENT_UK,2024-08-27,2024-09-11,2024-08-26,USD,2796.96,Paid,Sales,Retail
ACCOUNTS_RECEIVABLE_00015192,payment_before_invoice,HIGH,payment_date is earlier than invoice_date,2026-09-14T18:02:42.816798+00:00,ACCOUNTS_RECEIVABLE_00015192,15191,ARINV_00015192,CUST_0003,ENT_UK,2024-08-20,2024-09-04,2024-08-13,GBP,219.02,Paid,Sales,Retail
ACCOUNTS_RECEIVABLE_00015234,payment_before_invoice,HIGH,payment_date is earlier than invoice_date,2026-09-14T18:02:42.816798+00:00,ACCOUNTS_RECEIVABLE_00015234,15233,ARINV_00015234,CUST_0112,ENT_UK,2024-08-10,2024-08-25,2024-08-04,GBP,1888.73,Paid,Operations,Retail
ACCOUNTS_RECEIVABLE_00015246,payment_before_invoice,HIGH,payment_date is earlier than invoice_date,2026-09-14T18:02:42.816798+00:00,ACCOUNTS_RECEIVABLE_00015246,15245,ARINV_00015246,CUST_0101,ENT_UK,2024-08-10,2024-10-09,2024-08-02,GBP,1531.69,Paid,Operations,Enterprise
ACCOUNTS_RECEIVABLE_00015259,payment_before_invoice,HIGH,payment_date is earlier than invoice_date,2026-09-14T18:02:42.816798+00:00,ACCOUNTS_RECEIVABLE_00015259,15258,ARINV_00015259,CUST_0176,ENT_UK,2024-08-28,2024-09-27,2024-08-25,USD,570.74,Paid,Operations,SMB
ACCOUNTS_RECEIVABLE_00015276,payment_before_invoice,HIGH,payment_date is earlier than invoice_date,2026-09-14T18:02:42.816798+00:00,ACCOUNTS_RECEIVABLE_00015276,15275,ARINV_00015276,CUST_0049,ENT_UK,2024-08-17,2024-09-01,2024-08-14,GBP,291.02,Paid,Marketing,Retail
ACCOUNTS_RECEIVABLE_00015338,payment_before_invoice,HIGH,payment_date is earlier than invoice_date,2026-09-14T18:02:42.816798+00:00,ACCOUNTS_RECEIVABLE_00015338,15337,ARINV_00015338,CUST_0049,ENT_UK,2024-09-27,2024-10-12,2024-09-26,GBP,1160.89,Paid,,
ACCOUNTS_RECEIVABLE_00015357,payment_before_invoice,HIGH,payment_date is earlier than invoice_date,2026-09-14T18:02:42.816798+00:00,ACCOUNTS_RECEIVABLE_00015357,15356,ARINV_00015357,CUST_0156,ENT_UK,2024-09-18,2024-10-03,2024-09-17,GBP,2393.99,Paid,Sales,Retail
ACCOUNTS_RECEIVABLE_00015420,payment_before_invoice,HIGH,payment_date is earlier than invoice_date,2026-09-14T18:02:42.816798+00:00,ACCOUNTS_RECEIVABLE_00015420,15419,ARINV_00015420,CUST_0148,ENT_UK,2024-09-26,2024-10-11,2024-09-14,GBP,584.04,Paid,Operations,Retail
ACCOUNTS_RECEIVABLE_00015499,payment_before_invoice,HIGH,payment_date is earlier than invoice_date,2026-09-14T18:02:42.816798+00:00,ACCOUNTS_RECEIVABLE_00015499,15498,ARINV_00015499,CUST_0073,ENT_UK,2024-09-04,2024-09-19,2024-09-02,GBP,1832.87,Paid,Marketing,Retail
ACCOUNTS_RECEIVABLE_00015509,payment_before_invoice,HIGH,payment_date is earlier than invoice_date,2026-09-14T18:02:42.816798+00:00,ACCOUNTS_RECEIVABLE_00015509,15508,ARINV_00015509,CUST_0156,ENT_UK,2024-10-02,2024-10-17,2024-09-24,GBP,9513.86,Paid,Sales,Retail
ACCOUNTS_RECEIVABLE_00015595,payment_before_invoice,HIGH,payment_date is earlier than invoice_date,2026-09-14T18:02:42.816798+00:00,ACCOUNTS_RECEIVABLE_00015595,15594,ARINV_00015595,CUST_0089,ENT_UK,2024-10-03,2024-10-18,2024-10-01,USD,2966.12,Paid,Operations,Retail
ACCOUNTS_RECEIVABLE_00015841,payment_before_invoice,HIGH,payment_date is earlier than invoice_date,2026-09-14T18:02:42.816798+00:00,ACCOUNTS_RECEIVABLE_00015841,15840,ARINV_00015841,CUST_0045,ENT_UK,2024-11-09,2024-11-24,2024-11-05,GBP,570.02,Paid,Marketing,Retail
ACCOUNTS_RECEIVABLE_00015846,payment_before_invoice,HIGH,payment_date is earlier than invoice_date,2026-09-14T18:02:42.816798+00:00,ACCOUNTS_RECEIVABLE_00015846,15845,ARINV_00015846,CUST_0002,ENT_UK,2024-12-09,2024-12-24,2024-11-26,GBP,7057.07,Paid,Sales,Retail
ACCOUNTS_RECEIVABLE_00015944,payment_before_invoice,HIGH,payment_date is earlier than invoice_date,2026-09-14T18:02:42.816798+00:00,ACCOUNTS_RECEIVABLE_00015944,15943,ARINV_00015944,CUST_0025,ENT_UK,2024-12-20,2025-01-04,2024-12-16,USD,1416.77,Paid,Operations,Retail
ACCOUNTS_RECEIVABLE_00015977,payment_before_invoice,HIGH,payment_date is earlier than invoice_date,2026-09-14T18:02:42.816798+00:00,ACCOUNTS_RECEIVABLE_00015977,15976,ARINV_00015977,CUST_0010,ENT_UK,2024-12-17,2025-01-01,2024-12-12,GBP,1464.36,Paid,Marketing,Retail
ACCOUNTS_RECEIVABLE_00015990,payment_before_invoice,HIGH,payment_date is earlier than invoice_date,2026-09-14T18:02:42.816798+00:00,ACCOUNTS_RECEIVABLE_00015990,15989,ARINV_00015990,CUST_0089,ENT_UK,2024-12-21,2025-01-05,2024-12-17,USD,1282.38,Paid,Marketing,Retail
ACCOUNTS_RECEIVABLE_00016015,payment_before_invoice,HIGH,payment_date is earlier than invoice_date,2026-09-14T18:02:42.816798+00:00,ACCOUNTS_RECEIVABLE_00016015,16014,ARINV_00016015,CUST_0148,ENT_UK,2024-12-16,2024-12-31,2024-12-15,GBP,2519.99,Paid,Marketing,Retail
ACCOUNTS_RECEIVABLE_00016016,payment_before_invoice,HIGH,payment_date is earlier than invoice_date,2026-09-14T18:02:42.816798+00:00,ACCOUNTS_RECEIVABLE_00016016,16015,ARINV_00016016,CUST_0107,ENT_UK,2024-12-31,2025-01-15,2024-12-30,GBP,3079.14,Paid,Marketing,Retail
ACCOUNTS_RECEIVABLE_00016109,payment_before_invoice,HIGH,payment_date is earlier than invoice_date,2026-09-14T18:02:42.816798+00:00,ACCOUNTS_RECEIVABLE_00016109,16108,ARINV_00016109,CUST_0045,ENT_UK,2025-01-17,2025-02-01,2025-01-13,GBP,1053.85,Paid,Marketing,
ACCOUNTS_RECEIVABLE_00016273,payment_before_invoice,HIGH,payment_date is earlier than invoice_date,2026-09-14T18:02:42.816798+00:00,ACCOUNTS_RECEIVABLE_00016273,16272,ARINV_00016273,CUST_0156,ENT_UK,2025-02-26,2025-03-13,2025-02-25,GBP,1526.98,Paid,,Retail
ACCOUNTS_RECEIVABLE_00016318,payment_before_invoice,HIGH,payment_date is earlier than invoice_date,2026-09-14T18:02:42.816798+00:00,ACCOUNTS_RECEIVABLE_00016318,16317,ARINV_00016318,CUST_0081,ENT_UK,2025-02-07,2025-02-22,2025-02-05,GBP,721.94,Paid,Marketing,Retail
ACCOUNTS_RECEIVABLE_00016348,payment_before_invoice,HIGH,payment_date is earlier than invoice_date,2026-09-14T18:02:42.816798+00:00,ACCOUNTS_RECEIVABLE_00016348,16347,ARINV_00016348,CUST_0177,ENT_UK,2025-02-20,2025-03-07,2025-02-16,GBP,1952.25,Paid,Marketing,Retail
ACCOUNTS_RECEIVABLE_00016398,payment_before_invoice,HIGH,payment_date is earlier than invoice_date,2026-09-14T18:02:42.816798+00:00,ACCOUNTS_RECEIVABLE_00016398,16397,ARINV_00016398,CUST_0073,ENT_UK,2025-03-19,2025-04-03,2025-03-18,GBP,1098.79,Paid,Sales,Retail
ACCOUNTS_RECEIVABLE_00016415,payment_before_invoice,HIGH,payment_date is earlier than invoice_date,2026-09-14T18:02:42.816798+00:00,ACCOUNTS_RECEIVABLE_00016415,16414,ARINV_00016415,CUST_0019,ENT_UK,2025-03-10,2025-04-09,2025-03-09,GBP,8041.85,Paid,Operations,SMB
ACCOUNTS_RECEIVABLE_00016467,payment_before_invoice,HIGH,payment_date is earlier than invoice_date,2026-09-14T18:02:42.816798+00:00,ACCOUNTS_RECEIVABLE_00016467,16466,ARINV_00016467,CUST_0003,ENT_UK,2025-03-25,2025-04-09,2025-03-20,GBP,515.79,Paid,Marketing,Retail
ACCOUNTS_RECEIVABLE_00016496,payment_before_invoice,HIGH,payment_date is earlier than invoice_date,2026-09-14T18:02:42.816798+00:00,ACCOUNTS_RECEIVABLE_00016496,16495,ARINV_00016496,CUST_0049,ENT_UK,2025-03-17,2025-04-01,2025-03-13,GBP,1343.43,Paid,Marketing,Retail
ACCOUNTS_RECEIVABLE_00016513,payment_before_invoice,HIGH,payment_date is earlier than invoice_date,2026-09-14T18:02:42.816798+00:00,ACCOUNTS_RECEIVABLE_00016513,16512,ARINV_00016513,CUST_0144,ENT_UK,2025-03-30,2025-04-14,2025-03-23,GBP,6192.15,Paid,Marketing,Retail
ACCOUNTS_RECEIVABLE_00016525,payment_before_invoice,HIGH,payment_date is earlier than invoice_date,2026-09-14T18:02:42.816798+00:00,ACCOUNTS_RECEIVABLE_00016525,16524,ARINV_00016525,CUST_0144,ENT_UK,2025-04-14,2025-04-29,2025-04-10,GBP,4080.4,Paid,Sales,Retail
ACCOUNTS_RECEIVABLE_00016595,payment_before_invoice,HIGH,payment_date is earlier than invoice_date,2026-09-14T18:02:42.816798+00:00,ACCOUNTS_RECEIVABLE_00016595,16594,ARINV_00016595,CUST_0123,ENT_UK,2025-04-06,2025-04-21,2025-04-05,GBP,1748.94,Paid,Operations,Retail
ACCOUNTS_RECEIVABLE_00016666,payment_before_invoice,HIGH,payment_date is earlier than invoice_date,2026-09-14T18:02:42.816798+00:00,ACCOUNTS_RECEIVABLE_00016666,16665,ARINV_00016666,CUST_0040,ENT_UK,2025-04-10,2025-05-10,2025-04-09,GBP,734.54,Paid,Marketing,SMB
ACCOUNTS_RECEIVABLE_00016680,payment_before_invoice,HIGH,payment_date is earlier than invoice_date,2026-09-14T18:02:42.816798+00:00,ACCOUNTS_RECEIVABLE_00016680,16679,ARINV_00016680,CUST_0094,ENT_UK,2025-04-09,2025-04-24,2025-04-03,GBP,1256.68,Paid,Marketing,Retail
ACCOUNTS_RECEIVABLE_00016699,payment_before_invoice,HIGH,payment_date is earlier than invoice_date,2026-09-14T18:02:42.816798+00:00,ACCOUNTS_RECEIVABLE_00016699,16698,ARINV_00016699,CUST_0002,ENT_UK,2025-05-19,2025-06-03,2025-05-11,GBP,11541.2,Paid,Sales,Retail
ACCOUNTS_RECEIVABLE_00016748,payment_before_invoice,HIGH,payment_date is earlier than invoice_date,2026-09-14T18:02:42.816798+00:00,ACCOUNTS_RECEIVABLE_00016748,16747,ARINV_00016748,CUST_0094,ENT_UK,2025-05-08,2025-05-23,2025-05-06,GBP,13234.1,Paid,Operations,Retail
ACCOUNTS_RECEIVABLE_00016815,payment_before_invoice,HIGH,payment_date is earlier than invoice_date,2026-09-14T18:02:42.816798+00:00,ACCOUNTS_RECEIVABLE_00016815,16814,ARINV_00016815,CUST_0081,ENT_UK,2025-05-13,2025-05-28,2025-05-12,GBP,1024.4,Paid,Marketing,Retail
ACCOUNTS_RECEIVABLE_00016817,payment_before_invoice,HIGH,payment_date is earlier than invoice_date,2026-09-14T18:02:42.816798+00:00,ACCOUNTS_RECEIVABLE_00016817,16816,ARINV_00016817,CUST_0046,ENT_UK,2025-05-16,2025-06-15,2025-05-09,EUR,791.11,Paid,Marketing,SMB
ACCOUNTS_RECEIVABLE_00016948,payment_before_invoice,HIGH,payment_date is earlier than invoice_date,2026-09-14T18:02:42.816798+00:00,ACCOUNTS_RECEIVABLE_00016948,16947,ARINV_00016948,CUST_0148,ENT_UK,2025-06-17,2025-07-02,2025-06-15,GBP,1796.37,Paid,Operations,Retail
ACCOUNTS_RECEIVABLE_00016993,payment_before_invoice,HIGH,payment_date is earlier than invoice_date,2026-09-14T18:02:42.816798+00:00,ACCOUNTS_RECEIVABLE_00016993,16992,ARINV_00016993,CUST_0156,ENT_UK,2025-06-09,2025-06-24,2025-06-06,GBP,1513.59,Paid,,Retail
ACCOUNTS_RECEIVABLE_00016995,payment_before_invoice,HIGH,payment_date is earlier than invoice_date,2026-09-14T18:02:42.816798+00:00,ACCOUNTS_RECEIVABLE_00016995,16994,ARINV_00016995,CUST_0148,ENT_UK,2025-06-27,2025-07-12,2025-06-18,GBP,496.01,Paid,Marketing,Retail
ACCOUNTS_RECEIVABLE_00017025,payment_before_invoice,HIGH,payment_date is earlier than invoice_date,2026-09-14T18:02:42.816798+00:00,ACCOUNTS_RECEIVABLE_00017025,17024,ARINV_00017025,CUST_0156,ENT_UK,2025-07-01,2025-07-16,2025-06-18,GBP,8831.45,Paid,Sales,Retail
ACCOUNTS_RECEIVABLE_00017039,payment_before_invoice,HIGH,payment_date is earlier than invoice_date,2026-09-14T18:02:42.816798+00:00,ACCOUNTS_RECEIVABLE_00017039,17038,ARINV_00017039,CUST_0155,ENT_UK,2025-07-11,2025-07-26,2025-07-05,GBP,5448.56,Paid,Sales,Retail
ACCOUNTS_RECEIVABLE_00017046,payment_before_invoice,HIGH,payment_date is earlier than invoice_date,2026-09-14T18:02:42.816798+00:00,ACCOUNTS_RECEIVABLE_00017046,17045,ARINV_00017046,CUST_0148,ENT_UK,2025-07-19,2025-08-03,2025-07-12,GBP,6339.5,Paid,Sales,Retail
ACCOUNTS_RECEIVABLE_00017082,payment_before_invoice,HIGH,payment_date is earlier than invoice_date,2026-09-14T18:02:42.816798+00:00,ACCOUNTS_RECEIVABLE_00017082,17081,ARINV_00017082,CUST_0112,ENT_UK,2025-07-28,2025-08-12,2025-07-23,GBP,8348.45,Paid,Operations,Retail
ACCOUNTS_RECEIVABLE_00017126,payment_before_invoice,HIGH,payment_date is earlier than invoice_date,2026-09-14T18:02:42.816798+00:00,ACCOUNTS_RECEIVABLE_00017126,17125,ARINV_00017126,CUST_0155,ENT_UK,2025-07-17,2025-08-01,2025-07-16,GBP,70.3,Paid,Operations,Retail
ACCOUNTS_RECEIVABLE_00017198,payment_before_invoice,HIGH,payment_date is earlier than invoice_date,2026-09-14T18:02:42.816798+00:00,ACCOUNTS_RECEIVABLE_00017198,17197,ARINV_00017198,CUST_0144,ENT_UK,2025-07-11,2025-07-26,2025-07-09,GBP,3605.08,Paid,Marketing,Retail
ACCOUNTS_RECEIVABLE_00017235,payment_before_invoice,HIGH,payment_date is earlier than invoice_date,2026-09-14T18:02:42.816798+00:00,ACCOUNTS_RECEIVABLE_00017235,17234,ARINV_00017235,CUST_0081,ENT_UK,2025-08-05,2025-08-20,2025-08-02,GBP,6688.12,Paid,Sales,Retail
ACCOUNTS_RECEIVABLE_00017246,payment_before_invoice,HIGH,payment_date is earlier than invoice_date,2026-09-14T18:02:42.816798+00:00,ACCOUNTS_RECEIVABLE_00017246,17245,ARINV_00017246,CUST_0040,ENT_UK,2025-08-17,2025-09-16,2025-08-15,GBP,1035.52,Paid,Sales,
ACCOUNTS_RECEIVABLE_00017296,payment_before_invoice,HIGH,payment_date is earlier than invoice_date,2026-09-14T18:02:42.816798+00:00,ACCOUNTS_RECEIVABLE_00017296,17295,ARINV_00017296,CUST_0089,ENT_UK,2025-08-24,2025-09-08,2025-08-18,USD,3417.64,Paid,Operations,Retail
ACCOUNTS_RECEIVABLE_00017322,payment_before_invoice,HIGH,payment_date is earlier than invoice_date,2026-09-14T18:02:42.816798+00:00,ACCOUNTS_RECEIVABLE_00017322,17321,ARINV_00017322,CUST_0067,ENT_UK,2025-08-26,2025-09-10,2025-08-24,GBP,391.32,Paid,Operations,Retail
ACCOUNTS_RECEIVABLE_00017384,payment_before_invoice,HIGH,payment_date is earlier than invoice_date,2026-09-14T18:02:42.816798+00:00,ACCOUNTS_RECEIVABLE_00017384,17383,ARINV_00017384,CUST_0089,ENT_UK,2025-08-03,2025-08-18,2025-08-02,USD,838.1,Paid,Marketing,Retail
ACCOUNTS_RECEIVABLE_00017409,payment_before_invoice,HIGH,payment_date is earlier than invoice_date,2026-09-14T18:02:42.816798+00:00,ACCOUNTS_RECEIVABLE_00017409,17408,ARINV_00017409,CUST_0177,ENT_UK,2025-09-23,2025-10-08,2025-09-08,GBP,11441.23,Paid,Sales,Retail
ACCOUNTS_RECEIVABLE_00017415,payment_before_invoice,HIGH,payment_date is earlier than invoice_date,2026-09-14T18:02:42.816798+00:00,ACCOUNTS_RECEIVABLE_00017415,17414,ARINV_00017415,CUST_0025,ENT_UK,2025-09-06,2025-09-21,2025-09-02,USD,4527.94,Paid,Sales,Retail
ACCOUNTS_RECEIVABLE_00017435,payment_before_invoice,HIGH,payment_date is earlier than invoice_date,2026-09-14T18:02:42.816798+00:00,ACCOUNTS_RECEIVABLE_00017435,17434,ARINV_00017435,CUST_0002,ENT_UK,2025-09-07,2025-09-22,2025-09-06,GBP,1428.31,Paid,Sales,Retail
ACCOUNTS_RECEIVABLE_00017439,payment_before_invoice,HIGH,payment_date is earlier than invoice_date,2026-09-14T18:02:42.816798+00:00,ACCOUNTS_RECEIVABLE_00017439,17438,ARINV_00017439,CUST_0126,ENT_UK,2025-09-05,2025-10-05,2025-08-30,GBP,3394.29,Paid,Operations,SMB
ACCOUNTS_RECEIVABLE_00017565,payment_before_invoice,HIGH,payment_date is earlier than invoice_date,2026-09-14T18:02:42.816798+00:00,ACCOUNTS_RECEIVABLE_00017565,17564,ARINV_00017565,CUST_0167,ENT_UK,2025-10-19,2025-11-18,2025-10-18,EUR,1687.58,Paid,Sales,SMB
ACCOUNTS_RECEIVABLE_00017571,payment_before_invoice,HIGH,payment_date is earlier than invoice_date,2026-09-14T18:02:42.816798+00:00,ACCOUNTS_RECEIVABLE_00017571,17570,ARINV_00017571,CUST_0081,ENT_UK,2025-10-11,2025-10-26,2025-10-04,GBP,9666.36,Paid,Sales,Retail
ACCOUNTS_RECEIVABLE_00017636,payment_before_invoice,HIGH,payment_date is earlier than invoice_date,2026-09-14T18:02:42.816798+00:00,ACCOUNTS_RECEIVABLE_00017636,17635,ARINV_00017636,CUST_0144,ENT_UK,2025-10-09,2025-10-24,2025-09-27,GBP,3256.47,Paid,Operations,Retail
ACCOUNTS_RECEIVABLE_00017681,payment_before_invoice,HIGH,payment_date is earlier than invoice_date,2026-09-14T18:02:42.816798+00:00,ACCOUNTS_RECEIVABLE_00017681,17680,ARINV_00017681,CUST_0081,ENT_UK,2025-10-11,2025-10-26,2025-10-10,GBP,433.72,Paid,Marketing,Retail
ACCOUNTS_RECEIVABLE_00017711,payment_before_invoice,HIGH,payment_date is earlier than invoice_date,2026-09-14T18:02:42.816798+00:00,ACCOUNTS_RECEIVABLE_00017711,17710,ARINV_00017711,CUST_0045,ENT_UK,2025-10-28,2025-11-12,2025-10-26,GBP,974.21,Paid,Marketing,Retail
ACCOUNTS_RECEIVABLE_00017719,payment_before_invoice,HIGH,payment_date is earlier than invoice_date,2026-09-14T18:02:42.816798+00:00,ACCOUNTS_RECEIVABLE_00017719,17718,ARINV_00017719,CUST_0089,ENT_UK,2025-10-02,2025-10-17,2025-09-26,USD,1859.31,Paid,Marketing,Retail
ACCOUNTS_RECEIVABLE_00017740,payment_before_invoice,HIGH,payment_date is earlier than invoice_date,2026-09-14T18:02:42.816798+00:00,ACCOUNTS_RECEIVABLE_00017740,17739,ARINV_00017740,CUST_0086,ENT_UK,2025-11-08,2025-11-23,2025-11-06,GBP,6043.98,Paid,Sales,Retail
ACCOUNTS_RECEIVABLE_00017762,payment_before_invoice,HIGH,payment_date is earlier than invoice_date,2026-09-14T18:02:42.816798+00:00,ACCOUNTS_RECEIVABLE_00017762,17761,ARINV_00017762,CUST_0137,ENT_UK,2025-11-16,2025-12-01,2025-11-11,GBP,647.0,Paid,Sales,Retail
ACCOUNTS_RECEIVABLE_00017791,payment_before_invoice,HIGH,payment_date is earlier than invoice_date,2026-09-14T18:02:42.816798+00:00,ACCOUNTS_RECEIVABLE_00017791,17790,ARINV_00017791,CUST_0003,ENT_UK,2025-11-28,2025-12-13,2025-11-25,GBP,1939.51,Paid,Operations,Retail
ACCOUNTS_RECEIVABLE_00017813,payment_before_invoice,HIGH,payment_date is earlier than invoice_date,2026-09-14T18:02:42.816798+00:00,ACCOUNTS_RECEIVABLE_00017813,17812,ARINV_00017813,CUST_0003,ENT_UK,2025-11-07,2025-11-22,2025-11-06,GBP,316.14,Paid,Operations,Retail
ACCOUNTS_RECEIVABLE_00017922,payment_before_invoice,HIGH,payment_date is earlier than invoice_date,2026-09-14T18:02:42.816798+00:00,ACCOUNTS_RECEIVABLE_00017922,17921,ARINV_00017922,CUST_0174,ENT_UK,2025-12-23,2026-01-07,2025-12-22,USD,1796.59,Paid,Sales,Retail
ACCOUNTS_RECEIVABLE_00017945,payment_before_invoice,HIGH,payment_date is earlier than invoice_date,2026-09-14T18:02:42.816798+00:00,ACCOUNTS_RECEIVABLE_00017945,17944,ARINV_00017945,CUST_0086,ENT_UK,2025-12-27,2026-01-11,2025-12-20,GBP,2497.89,Paid,Operations,Retail
ACCOUNTS_RECEIVABLE_00017949,payment_before_invoice,HIGH,payment_date is earlier than invoice_date,2026-09-14T18:02:42.816798+00:00,ACCOUNTS_RECEIVABLE_00017949,17948,ARINV_00017949,CUST_0086,ENT_UK,2025-12-17,2026-01-01,2025-12-16,GBP,6659.61,Paid,Operations,Retail
ACCOUNTS_RECEIVABLE_00018014,payment_before_invoice,HIGH,payment_date is earlier than invoice_date,2026-09-14T18:02:42.816798+00:00,ACCOUNTS_RECEIVABLE_00018014,18013,ARINV_00018014,CUST_0009,ENT_UK,2025-12-15,2025-12-30,2025-12-10,GBP,1200.3,Paid,Marketing,Retail
ACCOUNTS_RECEIVABLE_00018016,payment_before_invoice,HIGH,payment_date is earlier than invoice_date,2026-09-14T18:02:42.816798+00:00,ACCOUNTS_RECEIVABLE_00018016,18015,ARINV_00018016,CUST_0022,ENT_UK,2025-12-26,2026-01-10,2025-12-25,USD,1239.14,Paid,Marketing,Retail
ACCOUNTS_RECEIVABLE_00018077,payment_before_invoice,HIGH,payment_date is earlier than invoice_date,2026-09-14T18:02:42.816798+00:00,ACCOUNTS_RECEIVABLE_00018077,18076,ARINV_00017565,CUST_0167,ENT_UK,2025-10-19,2025-11-18,2025-10-18,EUR,1687.58,Paid,Sales,SMB
ACCOUNTS_RECEIVABLE_00018091,payment_before_invoice,HIGH,payment_date is earlier than invoice_date,2026-09-14T18:02:42.816798+00:00,ACCOUNTS_RECEIVABLE_00018091,18090,ARINV_00010345,CUST_0091,ENT_US,2025-03-02,2025-03-17,2025-02-28,EUR,7004.77,Paid,Operations,Retail
ACCOUNTS_RECEIVABLE_00018160,payment_before_invoice,HIGH,payment_date is earlier than invoice_date,2026-09-14T18:02:42.816798+00:00,ACCOUNTS_RECEIVABLE_00018160,18159,ARINV_00004370,CUST_0088,ENT_EU,2025-02-02,2025-02-17,2025-01-30,EUR,3651.49,Paid,Marketing,Retail
